# x y rho ux uy
0 0 1.032994 0.011459 -0.002436
0 1 1.039975 0.061660 -0.004824
0 2 1.035658 0.080144 -0.004707
0 3 1.031372 0.083145 -0.009094
0 4 1.027716 0.084804 -0.013737
0 5 1.024599 0.085916 -0.017881
0 6 1.021906 0.086745 -0.021372
0 7 1.019551 0.087417 -0.024217
0 8 1.017475 0.087996 -0.026468
0 9 1.015638 0.088514 -0.028184
0 10 1.014007 0.088992 -0.029423
0 11 1.012557 0.089439 -0.030235
0 12 1.011268 0.089861 -0.030666
0 13 1.010122 0.090262 -0.030755
0 14 1.009104 0.090642 -0.030538
0 15 1.008201 0.091003 -0.030045
0 16 1.007401 0.091345 -0.029304
0 17 1.006694 0.091667 -0.028339
0 18 1.006070 0.091970 -0.027173
0 19 1.005522 0.092252 -0.025826
0 20 1.005042 0.092515 -0.024315
0 21 1.004624 0.092757 -0.022659
0 22 1.004261 0.092978 -0.020873
0 23 1.003948 0.093178 -0.018972
0 24 1.003681 0.093356 -0.016970
0 25 1.003457 0.093512 -0.014880
0 26 1.003270 0.093647 -0.012715
0 27 1.003119 0.093759 -0.010487
0 28 1.003001 0.093849 -0.008209
0 29 1.002914 0.093917 -0.005891
0 30 1.002857 0.093962 -0.003546
0 31 1.002829 0.093985 -0.001184
0 32 1.002829 0.093985 0.001184
0 33 1.002857 0.093962 0.003546
0 34 1.002914 0.093917 0.005891
0 35 1.003001 0.093849 0.008209
0 36 1.003119 0.093759 0.010487
0 37 1.003270 0.093647 0.012715
0 38 1.003457 0.093512 0.014880
0 39 1.003681 0.093356 0.016970
0 40 1.003948 0.093178 0.018972
0 41 1.004261 0.092978 0.020873
0 42 1.004624 0.092757 0.022659
0 43 1.005042 0.092515 0.024315
0 44 1.005522 0.092252 0.025826
0 45 1.006070 0.091970 0.027173
0 46 1.006694 0.091667 0.028339
0 47 1.007401 0.091345 0.029304
0 48 1.008201 0.091003 0.030045
0 49 1.009104 0.090642 0.030538
0 50 1.010122 0.090262 0.030755
0 51 1.011268 0.089861 0.030666
0 52 1.012557 0.089439 0.030235
0 53 1.014007 0.088992 0.029423
0 54 1.015638 0.088514 0.028184
0 55 1.017475 0.087996 0.026468
0 56 1.019551 0.087417 0.024217
0 57 1.021906 0.086745 0.021372
0 58 1.024599 0.085916 0.017881
0 59 1.027716 0.084804 0.013737
0 60 1.031372 0.083145 0.009094
0 61 1.035658 0.080144 0.004707
0 62 1.039975 0.061660 0.004824
0 63 1.032994 0.011459 0.002436
1 0 1.062258 0.019138 -0.003620
1 1 1.075383 0.070327 -0.003131
1 2 1.067523 0.088608 0.003340
1 3 1.060597 0.093147 0.001804
1 4 1.054928 0.094502 -0.002263
1 5 1.050219 0.094785 -0.006748
1 6 1.046221 0.094696 -0.010907
1 7 1.042755 0.094489 -0.014501
1 8 1.039701 0.094264 -0.017483
1 9 1.036976 0.094058 -0.019879
1 10 1.034524 0.093885 -0.021739
1 11 1.032306 0.093745 -0.023117
1 12 1.030290 0.093637 -0.024067
1 13 1.028455 0.093558 -0.024634
1 14 1.026783 0.093502 -0.024862
1 15 1.025259 0.093465 -0.024786
1 16 1.023871 0.093444 -0.024439
1 17 1.022610 0.093436 -0.023849
1 18 1.021466 0.093438 -0.023041
1 19 1.020431 0.093448 -0.022039
1 20 1.019499 0.093463 -0.020864
1 21 1.018664 0.093481 -0.019533
1 22 1.017921 0.093502 -0.018064
1 23 1.017264 0.093524 -0.016474
1 24 1.016690 0.093546 -0.014777
1 25 1.016196 0.093567 -0.012987
1 26 1.015777 0.093586 -0.011120
1 27 1.015433 0.093603 -0.009186
1 28 1.015159 0.093617 -0.007199
1 29 1.014956 0.093627 -0.005171
1 30 1.014821 0.093635 -0.003114
1 31 1.014754 0.093639 -0.001040
1 32 1.014754 0.093639 0.001040
1 33 1.014821 0.093635 0.003114
1 34 1.014956 0.093627 0.005171
1 35 1.015159 0.093617 0.007199
1 36 1.015433 0.093603 0.009186
1 37 1.015777 0.093586 0.011120
1 38 1.016196 0.093567 0.012987
1 39 1.016690 0.093546 0.014777
1 40 1.017264 0.093524 0.016474
1 41 1.017921 0.093502 0.018064
1 42 1.018664 0.093481 0.019533
1 43 1.019499 0.093463 0.020864
1 44 1.020431 0.093448 0.022039
1 45 1.021466 0.093438 0.023041
1 46 1.022610 0.093436 0.023849
1 47 1.023871 0.093444 0.024439
1 48 1.025259 0.093465 0.024786
1 49 1.026783 0.093502 0.024862
1 50 1.028455 0.093558 0.024634
1 51 1.030290 0.093637 0.024067
1 52 1.032306 0.093745 0.023117
1 53 1.034524 0.093885 0.021739
1 54 1.036976 0.094058 0.019879
1 55 1.039701 0.094264 0.017483
1 56 1.042755 0.094489 0.014501
1 57 1.046221 0.094696 0.010907
1 58 1.050219 0.094785 0.006748
1 59 1.054928 0.094502 0.002263
1 60 1.060597 0.093147 -0.001804
1 61 1.067523 0.088608 -0.003340
1 62 1.075383 0.070327 0.003131
1 63 1.062258 0.019138 0.003620
2 0 1.060364 0.023065 -0.000874
2 1 1.063659 0.064366 0.001158
2 2 1.060318 0.086492 0.005772
2 3 1.056083 0.095673 0.007005
2 4 1.051999 0.098635 0.004890
2 5 1.048255 0.099167 0.001304
2 6 1.044866 0.098751 -0.002635
2 7 1.041805 0.098007 -0.006383
2 8 1.039036 0.097193 -0.009704
2 9 1.036525 0.096417 -0.012520
2 10 1.034240 0.095717 -0.014825
2 11 1.032157 0.095103 -0.016647
2 12 1.030255 0.094570 -0.018026
2 13 1.028518 0.094112 -0.019004
2 14 1.026932 0.093719 -0.019622
2 15 1.025483 0.093382 -0.019919
2 16 1.024162 0.093094 -0.019928
2 17 1.022960 0.092847 -0.019679
2 18 1.021869 0.092635 -0.019200
2 19 1.020882 0.092454 -0.018516
2 20 1.019992 0.092299 -0.017649
2 21 1.019195 0.092167 -0.016619
2 22 1.018485 0.092055 -0.015445
2 23 1.017857 0.091959 -0.014143
2 24 1.017309 0.091879 -0.012730
2 25 1.016836 0.091813 -0.011221
2 26 1.016437 0.091758 -0.009630
2 27 1.016107 0.091714 -0.007971
2 28 1.015846 0.091680 -0.006256
2 29 1.015651 0.091655 -0.004499
2 30 1.015522 0.091639 -0.002711
2 31 1.015458 0.091631 -0.000906
2 32 1.015458 0.091631 0.000906
2 33 1.015522 0.091639 0.002711
2 34 1.015651 0.091655 0.004499
2 35 1.015846 0.091680 0.006256
2 36 1.016107 0.091714 0.007971
2 37 1.016437 0.091758 0.009630
2 38 1.016836 0.091813 0.011221
2 39 1.017309 0.091879 0.012730
2 40 1.017857 0.091959 0.014143
2 41 1.018485 0.092055 0.015445
2 42 1.019195 0.092167 0.016619
2 43 1.019992 0.092299 0.017649
2 44 1.020882 0.092454 0.018516
2 45 1.021869 0.092635 0.019200
2 46 1.022960 0.092847 0.019679
2 47 1.024162 0.093094 0.019928
2 48 1.025483 0.093382 0.019919
2 49 1.026932 0.093719 0.019622
2 50 1.028518 0.094112 0.019004
2 51 1.030255 0.094570 0.018026
2 52 1.032157 0.095103 0.016647
2 53 1.034240 0.095717 0.014825
2 54 1.036525 0.096417 0.012520
2 55 1.039036 0.097193 0.009704
2 56 1.041805 0.098007 0.006383
2 57 1.044866 0.098751 0.002635
2 58 1.048255 0.099167 -0.001304
2 59 1.051999 0.098635 -0.004890
2 60 1.056083 0.095673 -0.007005
2 61 1.060318 0.086492 -0.005772
2 62 1.063659 0.064366 -0.001158
2 63 1.060364 0.023065 0.000874
3 0 1.054323 0.023070 0.000259
3 1 1.055599 0.060310 0.003018
3 2 1.054112 0.083682 0.007058
3 3 1.051554 0.095975 0.009280
3 4 1.048700 0.101254 0.008935
3 5 1.045843 0.102804 0.006703
3 6 1.043094 0.102596 0.003544
3 7 1.040497 0.101632 0.000126
3 8 1.038073 0.100404 -0.003162
3 9 1.035822 0.099143 -0.006125
3 10 1.033742 0.097952 -0.008679
3 11 1.031824 0.096870 -0.010802
3 12 1.030058 0.095907 -0.012506
3 13 1.028436 0.095058 -0.013817
3 14 1.026947 0.094313 -0.014766
3 15 1.025584 0.093662 -0.015388
3 16 1.024337 0.093091 -0.015714
3 17 1.023201 0.092593 -0.015775
3 18 1.022168 0.092156 -0.015597
3 19 1.021232 0.091775 -0.015206
3 20 1.020387 0.091442 -0.014625
3 21 1.019630 0.091152 -0.013876
3 22 1.018955 0.090900 -0.012977
3 23 1.018358 0.090683 -0.011946
3 24 1.017837 0.090497 -0.010799
3 25 1.017387 0.090339 -0.009554
3 26 1.017007 0.090208 -0.008224
3 27 1.016693 0.090101 -0.006823
3 28 1.016444 0.090017 -0.005365
3 29 1.016259 0.089955 -0.003863
3 30 1.016136 0.089914 -0.002330
3 31 1.016075 0.089893 -0.000779
3 32 1.016075 0.089893 0.000779
3 33 1.016136 0.089914 0.002330
3 34 1.016259 0.089955 0.003863
3 35 1.016444 0.090017 0.005365
3 36 1.016693 0.090101 0.006823
3 37 1.017007 0.090208 0.008224
3 38 1.017387 0.090339 0.009554
3 39 1.017837 0.090497 0.010799
3 40 1.018358 0.090683 0.011946
3 41 1.018955 0.090900 0.012977
3 42 1.019630 0.091152 0.013876
3 43 1.020387 0.091442 0.014625
3 44 1.021232 0.091775 0.015206
3 45 1.022168 0.092156 0.015597
3 46 1.023201 0.092593 0.015775
3 47 1.024337 0.093091 0.015714
3 48 1.025584 0.093662 0.015388
3 49 1.026947 0.094313 0.014766
3 50 1.028436 0.095058 0.013817
3 51 1.030058 0.095907 0.012506
3 52 1.031824 0.096870 0.010802
3 53 1.033742 0.097952 0.008679
3 54 1.035822 0.099143 0.006125
3 55 1.038073 0.100404 0.003162
3 56 1.040497 0.101632 -0.000126
3 57 1.043094 0.102596 -0.003544
3 58 1.045843 0.102804 -0.006703
3 59 1.048700 0.101254 -0.008935
3 60 1.051554 0.095975 -0.009280
3 61 1.054112 0.083682 -0.007058
3 62 1.055599 0.060310 -0.003018
3 63 1.054323 0.023070 -0.000259
4 0 1.048477 0.021766 0.000568
4 1 1.049448 0.056686 0.003467
4 2 1.048874 0.080588 0.007331
4 3 1.047369 0.094959 0.010138
4 4 1.045418 0.102358 0.011010
4 5 1.043290 0.105327 0.010074
4 6 1.041118 0.105792 0.007909
4 7 1.038974 0.104978 0.005119
4 8 1.036905 0.103588 0.002148
4 9 1.034935 0.102002 -0.000724
4 10 1.033079 0.100414 -0.003338
4 11 1.031343 0.098918 -0.005618
4 12 1.029727 0.097550 -0.007536
4 13 1.028231 0.096321 -0.009095
4 14 1.026850 0.095226 -0.010309
4 15 1.025579 0.094256 -0.011204
4 16 1.024412 0.093398 -0.011805
4 17 1.023346 0.092641 -0.012139
4 18 1.022374 0.091974 -0.012232
4 19 1.021492 0.091386 -0.012109
4 20 1.020696 0.090869 -0.011791
4 21 1.019980 0.090415 -0.011301
4 22 1.019342 0.090020 -0.010658
4 23 1.018778 0.089676 -0.009879
4 24 1.018284 0.089380 -0.008983
4 25 1.017858 0.089128 -0.007984
4 26 1.017497 0.088917 -0.006899
4 27 1.017200 0.088745 -0.005741
4 28 1.016964 0.088610 -0.004525
4 29 1.016788 0.088510 -0.003264
4 30 1.016672 0.088443 -0.001971
4 31 1.016614 0.088410 -0.000659
4 32 1.016614 0.088410 0.000659
4 33 1.016672 0.088443 0.001971
4 34 1.016788 0.088510 0.003264
4 35 1.016964 0.088610 0.004525
4 36 1.017200 0.088745 0.005741
4 37 1.017497 0.088917 0.006899
4 38 1.017858 0.089128 0.007984
4 39 1.018284 0.089380 0.008983
4 40 1.018778 0.089676 0.009879
4 41 1.019342 0.090020 0.010658
4 42 1.019980 0.090415 0.011301
4 43 1.020696 0.090869 0.011791
4 44 1.021492 0.091386 0.012109
4 45 1.022374 0.091974 0.012232
4 46 1.023346 0.092641 0.012139
4 47 1.024412 0.093398 0.011805
4 48 1.025579 0.094256 0.011204
4 49 1.026850 0.095226 0.010309
4 50 1.028231 0.096321 0.009095
4 51 1.029727 0.097550 0.007536
4 52 1.031343 0.098918 0.005618
4 53 1.033079 0.100414 0.003338
4 54 1.034935 0.102002 0.000724
4 55 1.036905 0.103588 -0.002148
4 56 1.038974 0.104978 -0.005119
4 57 1.041118 0.105792 -0.007909
4 58 1.043290 0.105327 -0.010074
4 59 1.045418 0.102358 -0.011010
4 60 1.047369 0.094959 -0.010138
4 61 1.048874 0.080588 -0.007331
4 62 1.049448 0.056686 -0.003467
4 63 1.048477 0.021766 -0.000568
5 0 1.043622 0.020196 0.000590
5 1 1.044573 0.053264 0.003325
5 2 1.044489 0.077302 0.007037
5 3 1.043645 0.093090 0.010179
5 4 1.042339 0.102265 0.011892
5 5 1.040779 0.106722 0.012013
5 6 1.039091 0.108146 0.010831
5 7 1.037354 0.107796 0.008793
5 8 1.035620 0.106507 0.006316
5 9 1.033926 0.104790 0.003716
5 10 1.032297 0.102940 0.001202
5 11 1.030749 0.101116 -0.001102
5 12 1.029291 0.099398 -0.003127
5 13 1.027927 0.097821 -0.004848
5 14 1.026658 0.096394 -0.006260
5 15 1.025484 0.095114 -0.007373
5 16 1.024402 0.093972 -0.008204
5 17 1.023408 0.092957 -0.008775
5 18 1.022501 0.092056 -0.009108
5 19 1.021675 0.091259 -0.009224
5 20 1.020928 0.090555 -0.009146
5 21 1.020255 0.089935 -0.008894
5 22 1.019655 0.089392 -0.008486
5 23 1.019123 0.088919 -0.007942
5 24 1.018658 0.088511 -0.007278
5 25 1.018256 0.088163 -0.006510
5 26 1.017916 0.087871 -0.005654
5 27 1.017635 0.087632 -0.004725
5 28 1.017413 0.087444 -0.003736
5 29 1.017247 0.087304 -0.002701
5 30 1.017137 0.087212 -0.001633
5 31 1.017082 0.087166 -0.000547
5 32 1.017082 0.087166 0.000547
5 33 1.017137 0.087212 0.001633
5 34 1.017247 0.087304 0.002701
5 35 1.017413 0.087444 0.003736
5 36 1.017635 0.087632 0.004725
5 37 1.017916 0.087871 0.005654
5 38 1.018256 0.088163 0.006510
5 39 1.018658 0.088511 0.007278
5 40 1.019123 0.088919 0.007942
5 41 1.019655 0.089392 0.008486
5 42 1.020255 0.089935 0.008894
5 43 1.020928 0.090555 0.009146
5 44 1.021675 0.091259 0.009224
5 45 1.022501 0.092056 0.009108
5 46 1.023408 0.092957 0.008775
5 47 1.024402 0.093972 0.008204
5 48 1.025484 0.095114 0.007373
5 49 1.026658 0.096394 0.006260
5 50 1.027927 0.097821 0.004848
5 51 1.029291 0.099398 0.003127
5 52 1.030749 0.101116 0.001102
5 53 1.032297 0.102940 -0.001202
5 54 1.033926 0.104790 -0.003716
5 55 1.035620 0.106507 -0.006316
5 56 1.037354 0.107796 -0.008793
5 57 1.039091 0.108146 -0.010831
5 58 1.040779 0.106722 -0.012013
5 59 1.042339 0.102265 -0.011892
5 60 1.043645 0.093090 -0.010179
5 61 1.044489 0.077302 -0.007037
5 62 1.044573 0.053264 -0.003325
5 63 1.043622 0.020196 -0.000590
6 0 1.039709 0.018705 0.000532
6 1 1.040640 0.050077 0.002999
6 2 1.040821 0.073955 0.006500
6 3 1.040392 0.090681 0.009787
6 4 1.039537 0.101280 0.012052
6 5 1.038409 0.107135 0.012985
6 6 1.037112 0.109638 0.012666
6 7 1.035721 0.109968 0.011384
6 8 1.034287 0.109006 0.009484
6 9 1.032850 0.107352 0.007270
6 10 1.031440 0.105389 0.004976
6 11 1.030077 0.103346 0.002761
6 12 1.028775 0.101354 0.000725
6 13 1.027545 0.099479 -0.001077
6 14 1.026391 0.097753 -0.002619
6 15 1.025316 0.096185 -0.003895
6 16 1.024319 0.094771 -0.004912
6 17 1.023401 0.093504 -0.005682
6 18 1.022558 0.092373 -0.006222
6 19 1.021790 0.091367 -0.006551
6 20 1.021093 0.090476 -0.006687
6 21 1.020464 0.089689 -0.006651
6 22 1.019902 0.088997 -0.006460
6 23 1.019404 0.088394 -0.006132
6 24 1.018968 0.087872 -0.005683
6 25 1.018591 0.087426 -0.005130
6 26 1.018271 0.087052 -0.004488
6 27 1.018007 0.086745 -0.003772
6 28 1.017798 0.086503 -0.002995
6 29 1.017642 0.086324 -0.002172
6 30 1.017538 0.086205 -0.001316
6 31 1.017486 0.086146 -0.000441
6 32 1.017486 0.086146 0.000441
6 33 1.017538 0.086205 0.001316
6 34 1.017642 0.086324 0.002172
6 35 1.017798 0.086503 0.002995
6 36 1.018007 0.086745 0.003772
6 37 1.018271 0.087052 0.004488
6 38 1.018591 0.087426 0.005130
6 39 1.018968 0.087872 0.005683
6 40 1.019404 0.088394 0.006132
6 41 1.019902 0.088997 0.006460
6 42 1.020464 0.089689 0.006651
6 43 1.021093 0.090476 0.006687
6 44 1.021790 0.091367 0.006551
6 45 1.022558 0.092373 0.006222
6 46 1.023401 0.093504 0.005682
6 47 1.024319 0.094771 0.004912
6 48 1.025316 0.096185 0.003895
6 49 1.026391 0.097753 0.002619
6 50 1.027545 0.099479 0.001077
6 51 1.028775 0.101354 -0.000725
6 52 1.030077 0.103346 -0.002761
6 53 1.031440 0.105389 -0.004976
6 54 1.032850 0.107352 -0.007270
6 55 1.034287 0.109006 -0.009484
6 56 1.035721 0.109968 -0.011384
6 57 1.037112 0.109638 -0.012666
6 58 1.038409 0.107135 -0.012985
6 59 1.039537 0.101280 -0.012052
6 60 1.040392 0.090681 -0.009787
6 61 1.040821 0.073955 -0.006500
6 62 1.040640 0.050077 -0.002999
6 63 1.039709 0.018705 -0.000532
7 0 1.036539 0.017381 0.000461
7 1 1.037419 0.047162 0.002651
7 2 1.037737 0.070665 0.005901
7 3 1.037569 0.087961 0.009194
7 4 1.037029 0.099663 0.011794
7 5 1.036222 0.106753 0.013318
7 6 1.035236 0.110341 0.013709
7 7 1.034131 0.111472 0.013120
7 8 1.032957 0.111005 0.011809
7 9 1.031751 0.109584 0.010041
7 10 1.030542 0.107655 0.008048
7 11 1.029355 0.105510 0.006006
7 12 1.028205 0.103331 0.004040
7 13 1.027106 0.101223 0.002229
7 14 1.026066 0.099243 0.000618
7 15 1.025089 0.097416 -0.000769
7 16 1.024178 0.095751 -0.001926
7 17 1.023334 0.094246 -0.002857
7 18 1.022557 0.092894 -0.003572
7 19 1.021846 0.091685 -0.004085
7 20 1.021199 0.090608 -0.004413
7 21 1.020615 0.089655 -0.004571
7 22 1.020092 0.088816 -0.004577
7 23 1.019627 0.088081 -0.004446
7 24 1.019220 0.087445 -0.004196
7 25 1.018867 0.086901 -0.003842
7 26 1.018568 0.086444 -0.003399
7 27 1.018321 0.086069 -0.002881
7 28 1.018125 0.085774 -0.002302
7 29 1.017979 0.085554 -0.001678
7 30 1.017882 0.085409 -0.001020
7 31 1.017833 0.085336 -0.000342
7 32 1.017833 0.085336 0.000342
7 33 1.017882 0.085409 0.001020
7 34 1.017979 0.085554 0.001678
7 35 1.018125 0.085774 0.002302
7 36 1.018321 0.086069 0.002881
7 37 1.018568 0.086444 0.003399
7 38 1.018867 0.086901 0.003842
7 39 1.019220 0.087445 0.004196
7 40 1.019627 0.088081 0.004446
7 41 1.020092 0.088816 0.004577
7 42 1.020615 0.089655 0.004571
7 43 1.021199 0.090608 0.004413
7 44 1.021846 0.091685 0.004085
7 45 1.022557 0.092894 0.003572
7 46 1.023334 0.094246 0.002857
7 47 1.024178 0.095751 0.001926
7 48 1.025089 0.097416 0.000769
7 49 1.026066 0.099243 -0.000618
7 50 1.027106 0.101223 -0.002229
7 51 1.028205 0.103331 -0.004040
7 52 1.029355 0.105510 -0.006006
7 53 1.030542 0.107655 -0.008048
7 54 1.031751 0.109584 -0.010041
7 55 1.032957 0.111005 -0.011809
7 56 1.034131 0.111472 -0.013120
7 57 1.035236 0.110341 -0.013709
7 58 1.036222 0.106753 -0.013318
7 59 1.037029 0.099663 -0.011794
7 60 1.037569 0.087961 -0.009194
7 61 1.037737 0.070665 -0.005901
7 62 1.037419 0.047162 -0.002651
7 63 1.036539 0.017381 -0.000461
8 0 1.033929 0.016226 0.000398
8 1 1.034743 0.044521 0.002334
8 2 1.035127 0.067508 0.005323
8 3 1.035123 0.085097 0.008533
8 4 1.034799 0.097621 0.011308
8 5 1.034233 0.105758 0.013244
8 6 1.033488 0.110370 0.014191
8 7 1.032618 0.112346 0.014202
8 8 1.031664 0.112483 0.013445
8 9 1.030659 0.111427 0.012137
8 10 1.029632 0.109662 0.010490
8 11 1.028607 0.107530 0.008681
8 12 1.027600 0.105257 0.006848
8 13 1.026626 0.102987 0.005088
8 14 1.025695 0.100806 0.003465
8 15 1.024815 0.098759 0.002016
8 16 1.023988 0.096871 0.000761
8 17 1.023218 0.095147 -0.000295
8 18 1.022506 0.093587 -0.001154
8 19 1.021852 0.092183 -0.001825
8 20 1.021255 0.090928 -0.002319
8 21 1.020715 0.089813 -0.002650
8 22 1.020230 0.088828 -0.002833
8 23 1.019799 0.087964 -0.002882
8 24 1.019420 0.087215 -0.002814
8 25 1.019091 0.086573 -0.002643
8 26 1.018813 0.086033 -0.002383
8 27 1.018582 0.085590 -0.002050
8 28 1.018400 0.085240 -0.001656
8 29 1.018263 0.084980 -0.001216
8 30 1.018173 0.084808 -0.000743
8 31 1.018127 0.084722 -0.000250
8 32 1.018127 0.084722 0.000250
8 33 1.018173 0.084808 0.000743
8 34 1.018263 0.084980 0.001216
8 35 1.018400 0.085240 0.001656
8 36 1.018582 0.085590 0.002050
8 37 1.018813 0.086033 0.002383
8 38 1.019091 0.086573 0.002643
8 39 1.019420 0.087215 0.002814
8 40 1.019799 0.087964 0.002882
8 41 1.020230 0.088828 0.002833
8 42 1.020715 0.089813 0.002650
8 43 1.021255 0.090928 0.002319
8 44 1.021852 0.092183 0.001825
8 45 1.022506 0.093587 0.001154
8 46 1.023218 0.095147 0.000295
8 47 1.023988 0.096871 -0.000761
8 48 1.024815 0.098759 -0.002016
8 49 1.025695 0.100806 -0.003465
8 50 1.026626 0.102987 -0.005088
8 51 1.027600 0.105257 -0.006848
8 52 1.028607 0.107530 -0.008681
8 53 1.029632 0.109662 -0.010490
8 54 1.030659 0.111427 -0.012137
8 55 1.031664 0.112483 -0.013445
8 56 1.032618 0.112346 -0.014202
8 57 1.033488 0.110370 -0.014191
8 58 1.034233 0.105758 -0.013244
8 59 1.034799 0.097621 -0.011308
8 60 1.035123 0.085097 -0.008533
8 61 1.035127 0.067508 -0.005323
8 62 1.034743 0.044521 -0.002334
8 63 1.033929 0.016226 -0.000398
9 0 1.031745 0.015217 0.000344
9 1 1.032489 0.042138 0.002061
9 2 1.032899 0.064526 0.004798
9 3 1.032996 0.082202 0.007874
9 4 1.032824 0.095315 0.010713
9 5 1.032435 0.104313 0.012917
9 6 1.031879 0.109850 0.014285
9 7 1.031198 0.112661 0.014791
9 8 1.030427 0.113458 0.014531
9 9 1.029596 0.112861 0.013668
9 10 1.028730 0.111368 0.012382
9 11 1.027851 0.109350 0.010842
9 12 1.026976 0.107073 0.009188
9 13 1.026120 0.104715 0.007528
9 14 1.025293 0.102391 0.005938
9 15 1.024505 0.100170 0.004470
9 16 1.023760 0.098091 0.003156
9 17 1.023062 0.096173 0.002009
9 18 1.022413 0.094422 0.001037
9 19 1.021815 0.092837 0.000236
9 20 1.021267 0.091412 -0.000401
9 21 1.020770 0.090141 -0.000883
9 22 1.020323 0.089014 -0.001224
9 23 1.019924 0.088024 -0.001436
9 24 1.019573 0.087164 -0.001534
9 25 1.019269 0.086425 -0.001531
9 26 1.019011 0.085803 -0.001441
9 27 1.018797 0.085292 -0.001277
9 28 1.018627 0.084888 -0.001055
9 29 1.018500 0.084588 -0.000786
9 30 1.018416 0.084389 -0.000485
9 31 1.018374 0.084290 -0.000164
9 32 1.018374 0.084290 0.000164
9 33 1.018416 0.084389 0.000485
9 34 1.018500 0.084588 0.000786
9 35 1.018627 0.084888 0.001055
9 36 1.018797 0.085292 0.001277
9 37 1.019011 0.085803 0.001441
9 38 1.019269 0.086425 0.001531
9 39 1.019573 0.087164 0.001534
9 40 1.019924 0.088024 0.001436
9 41 1.020323 0.089014 0.001224
9 42 1.020770 0.090141 0.000883
9 43 1.021267 0.091412 0.000401
9 44 1.021815 0.092837 -0.000236
9 45 1.022413 0.094422 -0.001037
9 46 1.023062 0.096173 -0.002009
9 47 1.023760 0.098091 -0.003156
9 48 1.024505 0.100170 -0.004470
9 49 1.025293 0.102391 -0.005938
9 50 1.026120 0.104715 -0.007528
9 51 1.026976 0.107073 -0.009188
9 52 1.027851 0.109350 -0.010842
9 53 1.028730 0.111368 -0.012382
9 54 1.029596 0.112861 -0.013668
9 55 1.030427 0.113458 -0.014531
9 56 1.031198 0.112661 -0.014791
9 57 1.031879 0.109850 -0.014285
9 58 1.032435 0.104313 -0.012917
9 59 1.032824 0.095315 -0.010713
9 60 1.032996 0.082202 -0.007874
9 61 1.032899 0.064526 -0.004798
9 62 1.032489 0.042138 -0.002061
9 63 1.031745 0.015217 -0.000344
10 0 1.029890 0.014331 0.000301
10 1 1.030567 0.039987 0.001830
10 2 1.030980 0.061734 0.004333
10 3 1.031139 0.079350 0.007249
10 4 1.031072 0.092861 0.010077
10 5 1.030815 0.102549 0.012441
10 6 1.030405 0.108896 0.014115
10 7 1.029876 0.112497 0.015018
10 8 1.029258 0.113971 0.015187
10 9 1.028575 0.113894 0.014734
10 10 1.027849 0.112752 0.013804
10 11 1.027101 0.110936 0.012549
10 12 1.026346 0.108737 0.011102
10 13 1.025598 0.106363 0.009578
10 14 1.024870 0.103955 0.008060
10 15 1.024168 0.101607 0.006611
10 16 1.023501 0.099375 0.005271
10 17 1.022872 0.097291 0.004066
10 18 1.022285 0.095371 0.003009
10 19 1.021740 0.093620 0.002103
10 20 1.021241 0.092038 0.001346
10 21 1.020786 0.090619 0.000732
10 22 1.020375 0.089357 0.000252
10 23 1.020008 0.088245 -0.000105
10 24 1.019685 0.087276 -0.000353
10 25 1.019405 0.086443 -0.000503
10 26 1.019166 0.085740 -0.000568
10 27 1.018968 0.085162 -0.000561
10 28 1.018811 0.084705 -0.000497
10 29 1.018694 0.084365 -0.000387
10 30 1.018616 0.084140 -0.000245
10 31 1.018577 0.084028 -0.000084
10 32 1.018577 0.084028 0.000084
10 33 1.018616 0.084140 0.000245
10 34 1.018694 0.084365 0.000387
10 35 1.018811 0.084705 0.000497
10 36 1.018968 0.085162 0.000561
10 37 1.019166 0.085740 0.000568
10 38 1.019405 0.086443 0.000503
10 39 1.019685 0.087276 0.000353
10 40 1.020008 0.088245 0.000105
10 41 1.020375 0.089357 -0.000252
10 42 1.020786 0.090619 -0.000732
10 43 1.021241 0.092038 -0.001346
10 44 1.021740 0.093620 -0.002103
10 45 1.022285 0.095371 -0.003009
10 46 1.022872 0.097291 -0.004066
10 47 1.023501 0.099375 -0.005271
10 48 1.024168 0.101607 -0.006611
10 49 1.024870 0.103955 -0.008060
10 50 1.025598 0.106363 -0.009578
10 51 1.026346 0.108737 -0.011102
10 52 1.027101 0.110936 -0.012549
10 53 1.027849 0.112752 -0.013804
10 54 1.028575 0.113894 -0.014734
10 55 1.029258 0.113971 -0.015187
10 56 1.029876 0.112497 -0.015018
10 57 1.030405 0.108896 -0.014115
10 58 1.030815 0.102549 -0.012441
10 59 1.031072 0.092861 -0.010077
10 60 1.031139 0.079350 -0.007249
10 61 1.030980 0.061734 -0.004333
10 62 1.030567 0.039987 -0.001830
10 63 1.029890 0.014331 -0.000301
11 0 1.028292 0.013548 0.000265
11 1 1.028909 0.038041 0.001635
11 2 1.029313 0.059133 0.003925
11 3 1.029509 0.076585 0.006671
11 4 1.029515 0.090344 0.009440
11 5 1.029356 0.100570 0.011885
11 6 1.029060 0.107611 0.013770
11 7 1.028654 0.111938 0.014982
11 8 1.028161 0.114077 0.015511
11 9 1.027603 0.114548 0.015423
11 10 1.026999 0.113815 0.014829
11 11 1.026366 0.112270 0.013858
11 12 1.025719 0.110219 0.012636
11 13 1.025071 0.107895 0.011271
11 14 1.024433 0.105463 0.009855
11 15 1.023813 0.103036 0.008455
11 16 1.023219 0.100691 0.007121
11 17 1.022656 0.098472 0.005885
11 18 1.022127 0.096407 0.004769
11 19 1.021635 0.094509 0.003782
11 20 1.021181 0.092782 0.002928
11 21 1.020767 0.091226 0.002202
11 22 1.020392 0.089837 0.001601
11 23 1.020056 0.088608 0.001114
11 24 1.019760 0.087535 0.000733
11 25 1.019502 0.086611 0.000444
11 26 1.019283 0.085830 0.000237
11 27 1.019101 0.085187 0.000100
11 28 1.018956 0.084678 0.000019
11 29 1.018848 0.084299 -0.000018
11 30 1.018776 0.084048 -0.000023
11 31 1.018740 0.083923 -0.000010
11 32 1.018740 0.083923 0.000010
11 33 1.018776 0.084048 0.000023
11 34 1.018848 0.084299 0.000018
11 35 1.018956 0.084678 -0.000019
11 36 1.019101 0.085187 -0.000100
11 37 1.019283 0.085830 -0.000237
11 38 1.019502 0.086611 -0.000444
11 39 1.019760 0.087535 -0.000733
11 40 1.020056 0.088608 -0.001114
11 41 1.020392 0.089837 -0.001601
11 42 1.020767 0.091226 -0.002202
11 43 1.021181 0.092782 -0.002928
11 44 1.021635 0.094509 -0.003782
11 45 1.022127 0.096407 -0.004769
11 46 1.022656 0.098472 -0.005885
11 47 1.023219 0.100691 -0.007121
11 48 1.023813 0.103036 -0.008455
11 49 1.024433 0.105463 -0.009855
11 50 1.025071 0.107895 -0.011271
11 51 1.025719 0.110219 -0.012636
11 52 1.026366 0.112270 -0.013858
11 53 1.026999 0.113815 -0.014829
11 54 1.027603 0.114548 -0.015423
11 55 1.028161 0.114077 -0.015511
11 56 1.028654 0.111938 -0.014982
11 57 1.029060 0.107611 -0.013770
11 58 1.029356 0.100570 -0.011885
11 59 1.029515 0.090344 -0.009440
11 60 1.029509 0.076585 -0.006671
11 61 1.029313 0.059133 -0.003925
11 62 1.028909 0.038041 -0.001635
11 63 1.028292 0.013548 -0.000265
12 0 1.026902 0.012851 0.000236
12 1 1.027464 0.036275 0.001469
12 2 1.027853 0.056717 0.003568
12 3 1.028070 0.073933 0.006143
12 4 1.028127 0.087823 0.008823
12 5 1.028041 0.098460 0.011290
12 6 1.027834 0.106084 0.013314
12 7 1.027526 0.111062 0.014759
12 8 1.027137 0.113834 0.015581
12 9 1.026685 0.114859 0.015809
12 10 1.026185 0.114569 0.015523
12 11 1.025653 0.113346 0.014828
12 12 1.025102 0.111504 0.013833
12 13 1.024544 0.109289 0.012643
12 14 1.023988 0.106886 0.011349
12 15 1.023445 0.104429 0.010023
12 16 1.022919 0.102010 0.008720
12 17 1.022418 0.099689 0.007479
12 18 1.021945 0.097505 0.006328
12 19 1.021502 0.095480 0.005282
12 20 1.021093 0.093625 0.004350
12 21 1.020717 0.091944 0.003532
12 22 1.020377 0.090437 0.002826
12 23 1.020071 0.089099 0.002227
12 24 1.019801 0.087927 0.001725
12 25 1.019565 0.086916 0.001312
12 26 1.019364 0.086059 0.000977
12 27 1.019198 0.085353 0.000708
12 28 1.019065 0.084794 0.000494
12 29 1.018966 0.084377 0.000322
12 30 1.018900 0.084101 0.000181
12 31 1.018867 0.083963 0.000058
12 32 1.018867 0.083963 -0.000058
12 33 1.018900 0.084101 -0.000181
12 34 1.018966 0.084377 -0.000322
12 35 1.019065 0.084794 -0.000494
12 36 1.019198 0.085353 -0.000708
12 37 1.019364 0.086059 -0.000977
12 38 1.019565 0.086916 -0.001312
12 39 1.019801 0.087927 -0.001725
12 40 1.020071 0.089099 -0.002227
12 41 1.020377 0.090437 -0.002826
12 42 1.020717 0.091944 -0.003532
12 43 1.021093 0.093625 -0.004350
12 44 1.021502 0.095480 -0.005282
12 45 1.021945 0.097505 -0.006328
12 46 1.022418 0.099689 -0.007479
12 47 1.022919 0.102010 -0.008720
12 48 1.023445 0.104429 -0.010023
12 49 1.023988 0.106886 -0.011349
12 50 1.024544 0.109289 -0.012643
12 51 1.025102 0.111504 -0.013833
12 52 1.025653 0.113346 -0.014828
12 53 1.026185 0.114569 -0.015523
12 54 1.026685 0.114859 -0.015809
12 55 1.027137 0.113834 -0.015581
12 56 1.027526 0.111062 -0.014759
12 57 1.027834 0.106084 -0.013314
12 58 1.028041 0.098460 -0.011290
12 59 1.028127 0.087823 -0.008823
12 60 1.028070 0.073933 -0.006143
12 61 1.027853 0.056717 -0.003568
12 62 1.027464 0.036275 -0.001469
12 63 1.026902 0.012851 -0.000236
13 0 1.025681 0.012225 0.000211
13 1 1.026194 0.034668 0.001327
13 2 1.026564 0.054474 0.003253
13 3 1.026792 0.071407 0.005663
13 4 1.026884 0.085337 0.008236
13 5 1.026853 0.096277 0.010686
13 6 1.026715 0.104384 0.012791
13 7 1.026487 0.109937 0.014405
13 8 1.026183 0.113298 0.015461
13 9 1.025819 0.114866 0.015958
13 10 1.025409 0.115036 0.015946
13 11 1.024965 0.114171 0.015507
13 12 1.024499 0.112583 0.014736
13 13 1.024022 0.110528 0.013728
13 14 1.023542 0.108204 0.012570
13 15 1.023068 0.105761 0.011336
13 16 1.022607 0.103308 0.010085
13 17 1.022163 0.100918 0.008860
13 18 1.021742 0.098643 0.007695
13 19 1.021347 0.096513 0.006611
13 20 1.020979 0.094548 0.005619
13 21 1.020641 0.092756 0.004726
13 22 1.020333 0.091141 0.003933
13 23 1.020056 0.089703 0.003236
13 24 1.019811 0.088438 0.002629
13 25 1.019597 0.087344 0.002105
13 26 1.019414 0.086415 0.001654
13 27 1.019262 0.085649 0.001266
13 28 1.019141 0.085041 0.000930
13 29 1.019050 0.084587 0.000635
13 30 1.018990 0.084286 0.000369
13 31 1.018960 0.084136 0.000121
13 32 1.018960 0.084136 -0.000121
13 33 1.018990 0.084286 -0.000369
13 34 1.019050 0.084587 -0.000635
13 35 1.019141 0.085041 -0.000930
13 36 1.019262 0.085649 -0.001266
13 37 1.019414 0.086415 -0.001654
13 38 1.019597 0.087344 -0.002105
13 39 1.019811 0.088438 -0.002629
13 40 1.020056 0.089703 -0.003236
13 41 1.020333 0.091141 -0.003933
13 42 1.020641 0.092756 -0.004726
13 43 1.020979 0.094548 -0.005619
13 44 1.021347 0.096513 -0.006611
13 45 1.021742 0.098643 -0.007695
13 46 1.022163 0.100918 -0.008860
13 47 1.022607 0.103308 -0.010085
13 48 1.023068 0.105761 -0.011336
13 49 1.023542 0.108204 -0.012570
13 50 1.024022 0.110528 -0.013728
13 51 1.024499 0.112583 -0.014736
13 52 1.024965 0.114171 -0.015507
13 53 1.025409 0.115036 -0.015946
13 54 1.025819 0.114866 -0.015958
13 55 1.026183 0.113298 -0.015461
13 56 1.026487 0.109937 -0.014405
13 57 1.026715 0.104384 -0.012791
13 58 1.026853 0.096277 -0.010686
13 59 1.026884 0.085337 -0.008236
13 60 1.026792 0.071407 -0.005663
13 61 1.026564 0.054474 -0.003253
13 62 1.026194 0.034668 -0.001327
13 63 1.025681 0.012225 -0.000211
14 0 1.024599 0.011661 0.000190
14 1 1.025069 0.033199 0.001204
14 2 1.025419 0.052392 0.002975
14 3 1.025650 0.069012 0.005229
14 4 1.025767 0.082915 0.007685
14 5 1.025777 0.094069 0.010089
14 6 1.025693 0.102568 0.012231
14 7 1.025528 0.108622 0.013962
14 8 1.025295 0.112522 0.015199
14 9 1.025006 0.114611 0.015919
14 10 1.024673 0.115243 0.016147
14 11 1.024305 0.114758 0.015943
14 12 1.023914 0.113459 0.015386
14 13 1.023509 0.111605 0.014559
14 14 1.023097 0.109403 0.013545
14 15 1.022687 0.107016 0.012416
14 16 1.022284 0.104565 0.011232
14 17 1.021895 0.102140 0.010042
14 18 1.021523 0.099801 0.008882
14 19 1.021172 0.097589 0.007776
14 20 1.020844 0.095532 0.006743
14 21 1.020541 0.093644 0.005792
14 22 1.020264 0.091933 0.004926
14 23 1.020015 0.090403 0.004146
14 24 1.019793 0.089053 0.003448
14 25 1.019600 0.087882 0.002825
14 26 1.019434 0.086886 0.002270
14 27 1.019296 0.086062 0.001775
14 28 1.019186 0.085407 0.001328
14 29 1.019104 0.084919 0.000921
14 30 1.019049 0.084595 0.000541
14 31 1.019022 0.084433 0.000179
14 32 1.019022 0.084433 -0.000179
14 33 1.019049 0.084595 -0.000541
14 34 1.019104 0.084919 -0.000921
14 35 1.019186 0.085407 -0.001328
14 36 1.019296 0.086062 -0.001775
14 37 1.019434 0.086886 -0.002270
14 38 1.019600 0.087882 -0.002825
14 39 1.019793 0.089053 -0.003448
14 40 1.020015 0.090403 -0.004146
14 41 1.020264 0.091933 -0.004926
14 42 1.020541 0.093644 -0.005792
14 43 1.020844 0.095532 -0.006743
14 44 1.021172 0.097589 -0.007776
14 45 1.021523 0.099801 -0.008882
14 46 1.021895 0.102140 -0.010042
14 47 1.022284 0.104565 -0.011232
14 48 1.022687 0.107016 -0.012416
14 49 1.023097 0.109403 -0.013545
14 50 1.023509 0.111605 -0.014559
14 51 1.023914 0.113459 -0.015386
14 52 1.024305 0.114758 -0.015943
14 53 1.024673 0.115243 -0.016147
14 54 1.025006 0.114611 -0.015919
14 55 1.025295 0.112522 -0.015199
14 56 1.025528 0.108622 -0.013962
14 57 1.025693 0.102568 -0.012231
14 58 1.025777 0.094069 -0.010089
14 59 1.025767 0.082915 -0.007685
14 60 1.025650 0.069012 -0.005229
14 61 1.025419 0.052392 -0.002975
14 62 1.025069 0.033199 -0.001204
14 63 1.024599 0.011661 -0.000190
15 0 1.023633 0.011150 0.000172
15 1 1.024065 0.031855 0.001096
15 2 1.024396 0.050459 0.002729
15 3 1.024626 0.066749 0.004834
15 4 1.024758 0.080573 0.007170
15 5 1.024798 0.091868 0.009508
15 6 1.024757 0.100683 0.011655
15 7 1.024644 0.107167 0.013461
15 8 1.024469 0.111554 0.014835
15 9 1.024243 0.114133 0.015736
15 10 1.023974 0.115218 0.016170
15 11 1.023673 0.115124 0.016176
15 12 1.023348 0.114138 0.015818
15 13 1.023007 0.112517 0.015168
15 14 1.022656 0.110473 0.014301
15 15 1.022304 0.108179 0.013285
15 16 1.021956 0.105767 0.012181
15 17 1.021616 0.103336 0.011039
15 18 1.021290 0.100961 0.009898
15 19 1.020980 0.098691 0.008788
15 20 1.020689 0.096561 0.007729
15 21 1.020420 0.094592 0.006734
15 22 1.020173 0.092798 0.005811
15 23 1.019950 0.091187 0.004961
15 24 1.019751 0.089759 0.004184
15 25 1.019577 0.088517 0.003475
15 26 1.019427 0.087458 0.002828
15 27 1.019303 0.086581 0.002237
15 28 1.019204 0.085882 0.001691
15 29 1.019129 0.085361 0.001181
15 30 1.019080 0.085014 0.000698
15 31 1.019055 0.084841 0.000231
15 32 1.019055 0.084841 -0.000231
15 33 1.019080 0.085014 -0.000698
15 34 1.019129 0.085361 -0.001181
15 35 1.019204 0.085882 -0.001691
15 36 1.019303 0.086581 -0.002237
15 37 1.019427 0.087458 -0.002828
15 38 1.019577 0.088517 -0.003475
15 39 1.019751 0.089759 -0.004184
15 40 1.019950 0.091187 -0.004961
15 41 1.020173 0.092798 -0.005811
15 42 1.020420 0.094592 -0.006734
15 43 1.020689 0.096561 -0.007729
15 44 1.020980 0.098691 -0.008788
15 45 1.021290 0.100961 -0.009898
15 46 1.021616 0.103336 -0.011039
15 47 1.021956 0.105767 -0.012181
15 48 1.022304 0.108179 -0.013285
15 49 1.022656 0.110473 -0.014301
15 50 1.023007 0.112517 -0.015168
15 51 1.023348 0.114138 -0.015818
15 52 1.023673 0.115124 -0.016176
15 53 1.023974 0.115218 -0.016170
15 54 1.024243 0.114133 -0.015736
15 55 1.024469 0.111554 -0.014835
15 56 1.024644 0.107167 -0.013461
15 57 1.024757 0.100683 -0.011655
15 58 1.024798 0.091868 -0.009508
15 59 1.024758 0.080573 -0.007170
15 60 1.024626 0.066749 -0.004834
15 61 1.024396 0.050459 -0.002729
15 62 1.024065 0.031855 -0.001096
15 63 1.023633 0.011150 -0.000172
16 0 1.022766 0.010686 0.000156
16 1 1.023163 0.030620 0.001002
16 2 1.023475 0.048663 0.002509
16 3 1.023701 0.064615 0.004475
16 4 1.023843 0.078321 0.006690
16 5 1.023906 0.089700 0.008950
16 6 1.023898 0.098763 0.011076
16 7 1.023826 0.105613 0.012925
16 8 1.023699 0.110435 0.014398
16 9 1.023526 0.113469 0.015443
16 10 1.023313 0.114992 0.016050
16 11 1.023070 0.115289 0.016242
16 12 1.022802 0.114631 0.016066
16 13 1.022517 0.113268 0.015584
16 14 1.022222 0.111412 0.014861
16 15 1.021922 0.109242 0.013963
16 16 1.021623 0.106899 0.012947
16 17 1.021329 0.104494 0.011865
16 18 1.021045 0.102109 0.010757
16 19 1.020774 0.099803 0.009656
16 20 1.020518 0.097619 0.008585
16 21 1.020280 0.095587 0.007560
16 22 1.020061 0.093723 0.006592
16 23 1.019863 0.092041 0.005686
16 24 1.019685 0.090545 0.004842
16 25 1.019530 0.089238 0.004058
16 26 1.019396 0.088122 0.003331
16 27 1.019285 0.087195 0.002654
16 28 1.019195 0.086455 0.002018
16 29 1.019128 0.085903 0.001417
16 30 1.019084 0.085535 0.000840
16 31 1.019062 0.085352 0.000278
16 32 1.019062 0.085352 -0.000278
16 33 1.019084 0.085535 -0.000840
16 34 1.019128 0.085903 -0.001417
16 35 1.019195 0.086455 -0.002018
16 36 1.019285 0.087195 -0.002654
16 37 1.019396 0.088122 -0.003331
16 38 1.019530 0.089238 -0.004058
16 39 1.019685 0.090545 -0.004842
16 40 1.019863 0.092041 -0.005686
16 41 1.020061 0.093723 -0.006592
16 42 1.020280 0.095587 -0.007560
16 43 1.020518 0.097619 -0.008585
16 44 1.020774 0.099803 -0.009656
16 45 1.021045 0.102109 -0.010757
16 46 1.021329 0.104494 -0.011865
16 47 1.021623 0.106899 -0.012947
16 48 1.021922 0.109242 -0.013963
16 49 1.022222 0.111412 -0.014861
16 50 1.022517 0.113268 -0.015584
16 51 1.022802 0.114631 -0.016066
16 52 1.023070 0.115289 -0.016242
16 53 1.023313 0.114992 -0.016050
16 54 1.023526 0.113469 -0.015443
16 55 1.023699 0.110435 -0.014398
16 56 1.023826 0.105613 -0.012925
16 57 1.023898 0.098763 -0.011076
16 58 1.023906 0.089700 -0.008950
16 59 1.023843 0.078321 -0.006690
16 60 1.023701 0.064615 -0.004475
16 61 1.023475 0.048663 -0.002509
16 62 1.023163 0.030620 -0.001002
16 63 1.022766 0.010686 -0.000156
17 0 1.021983 0.010262 0.000142
17 1 1.022349 0.029484 0.000918
17 2 1.022642 0.046994 0.002312
17 3 1.022862 0.062606 0.004148
17 4 1.023010 0.076166 0.006244
17 5 1.023090 0.087581 0.008418
17 6 1.023108 0.096835 0.010506
17 7 1.023069 0.103995 0.012370
17 8 1.022982 0.109201 0.013911
17 9 1.022852 0.112654 0.015068
17 10 1.022687 0.114593 0.015818
17 11 1.022493 0.115275 0.016171
17 12 1.022276 0.114952 0.016160
17 13 1.022041 0.113863 0.015834
17 14 1.021795 0.112219 0.015251
17 15 1.021542 0.110200 0.014471
17 16 1.021288 0.107955 0.013549
17 17 1.021036 0.105602 0.012534
17 18 1.020791 0.103231 0.011470
17 19 1.020556 0.100912 0.010389
17 20 1.020333 0.098695 0.009318
17 21 1.020124 0.096614 0.008276
17 22 1.019931 0.094695 0.007276
17 23 1.019756 0.092953 0.006324
17 24 1.019599 0.091397 0.005425
17 25 1.019461 0.090034 0.004578
17 26 1.019342 0.088865 0.003780
17 27 1.019243 0.087893 0.003028
17 28 1.019163 0.087116 0.002313
17 29 1.019103 0.086535 0.001630
17 30 1.019064 0.086148 0.000969
17 31 1.019044 0.085955 0.000321
17 32 1.019044 0.085955 -0.000321
17 33 1.019064 0.086148 -0.000969
17 34 1.019103 0.086535 -0.001630
17 35 1.019163 0.087116 -0.002313
17 36 1.019243 0.087893 -0.003028
17 37 1.019342 0.088865 -0.003780
17 38 1.019461 0.090034 -0.004578
17 39 1.019599 0.091397 -0.005425
17 40 1.019756 0.092953 -0.006324
17 41 1.019931 0.094695 -0.007276
17 42 1.020124 0.096614 -0.008276
17 43 1.020333 0.098695 -0.009318
17 44 1.020556 0.100912 -0.010389
17 45 1.020791 0.103231 -0.011470
17 46 1.021036 0.105602 -0.012534
17 47 1.021288 0.107955 -0.013549
17 48 1.021542 0.110200 -0.014471
17 49 1.021795 0.112219 -0.015251
17 50 1.022041 0.113863 -0.015834
17 51 1.022276 0.114952 -0.016160
17 52 1.022493 0.115275 -0.016171
17 53 1.022687 0.114593 -0.015818
17 54 1.022852 0.112654 -0.015068
17 55 1.022982 0.109201 -0.013911
17 56 1.023069 0.103995 -0.012370
17 57 1.023108 0.096835 -0.010506
17 58 1.023090 0.087581 -0.008418
17 59 1.023010 0.076166 -0.006244
17 60 1.022862 0.062606 -0.004148
17 61 1.022642 0.046994 -0.002312
17 62 1.022349 0.029484 -0.000918
17 63 1.021983 0.010262 -0.000142
18 0 1.021272 0.009873 0.000130
18 1 1.021610 0.028436 0.000843
18 2 1.021885 0.045441 0.002134
18 3 1.022098 0.060715 0.003850
18 4 1.022248 0.074110 0.005830
18 5 1.022340 0.085523 0.007914
18 6 1.022378 0.094921 0.009949
18 7 1.022366 0.102339 0.011808
18 8 1.022312 0.107884 0.013391
18 9 1.022219 0.111718 0.014633
18 10 1.022094 0.114048 0.015499
18 11 1.021943 0.115103 0.015989
18 12 1.021769 0.115115 0.016124
18 13 1.021578 0.114311 0.015942
18 14 1.021376 0.112896 0.015493
18 15 1.021165 0.111051 0.014829
18 16 1.020952 0.108928 0.014002
18 17 1.020738 0.106650 0.013061
18 18 1.020529 0.104318 0.012048
18 19 1.020327 0.102007 0.010997
18 20 1.020134 0.099775 0.009937
18 21 1.019953 0.097663 0.008889
18 22 1.019785 0.095702 0.007867
18 23 1.019631 0.093911 0.006881
18 24 1.019493 0.092305 0.005937
18 25 1.019372 0.090893 0.005037
18 26 1.019267 0.089679 0.004179
18 27 1.019179 0.088666 0.003361
18 28 1.019109 0.087855 0.002576
18 29 1.019056 0.087248 0.001820
18 30 1.019020 0.086843 0.001083
18 31 1.019003 0.086641 0.000360
18 32 1.019003 0.086641 -0.000360
18 33 1.019020 0.086843 -0.001083
18 34 1.019056 0.087248 -0.001820
18 35 1.019109 0.087855 -0.002576
18 36 1.019179 0.088666 -0.003361
18 37 1.019267 0.089679 -0.004179
18 38 1.019372 0.090893 -0.005037
18 39 1.019493 0.092305 -0.005937
18 40 1.019631 0.093911 -0.006881
18 41 1.019785 0.095702 -0.007867
18 42 1.019953 0.097663 -0.008889
18 43 1.020134 0.099775 -0.009937
18 44 1.020327 0.102007 -0.010997
18 45 1.020529 0.104318 -0.012048
18 46 1.020738 0.106650 -0.013061
18 47 1.020952 0.108928 -0.014002
18 48 1.021165 0.111051 -0.014829
18 49 1.021376 0.112896 -0.015493
18 50 1.021578 0.114311 -0.015942
18 51 1.021769 0.115115 -0.016124
18 52 1.021943 0.115103 -0.015989
18 53 1.022094 0.114048 -0.015499
18 54 1.022219 0.111718 -0.014633
18 55 1.022312 0.107884 -0.013391
18 56 1.022366 0.102339 -0.011808
18 57 1.022378 0.094921 -0.009949
18 58 1.022340 0.085523 -0.007914
18 59 1.022248 0.074110 -0.005830
18 60 1.022098 0.060715 -0.003850
18 61 1.021885 0.045441 -0.002134
18 62 1.021610 0.028436 -0.000843
18 63 1.021272 0.009873 -0.000130
19 0 1.020622 0.009517 0.000119
19 1 1.020935 0.027468 0.000777
19 2 1.021194 0.043995 0.001973
19 3 1.021398 0.058938 0.003577
19 4 1.021549 0.072153 0.005446
19 5 1.021649 0.083536 0.007437
19 6 1.021702 0.093036 0.009411
19 7 1.021713 0.100668 0.011249
19 8 1.021685 0.106507 0.012853
19 9 1.021623 0.110687 0.014155
19 10 1.021532 0.113382 0.015114
19 11 1.021417 0.114794 0.015719
19 12 1.021281 0.115137 0.015981
19 13 1.021129 0.114623 0.015930
19 14 1.020965 0.113450 0.015605
19 15 1.020793 0.111796 0.015054
19 16 1.020616 0.109814 0.014323
19 17 1.020437 0.107635 0.013459
19 18 1.020261 0.105362 0.012503
19 19 1.020089 0.103079 0.011490
19 20 1.019924 0.100850 0.010450
19 21 1.019768 0.098723 0.009404
19 22 1.019623 0.096733 0.008371
19 23 1.019490 0.094906 0.007361
19 24 1.019370 0.093260 0.006382
19 25 1.019264 0.091806 0.005438
19 26 1.019172 0.090553 0.004530
19 27 1.019095 0.089504 0.003655
19 28 1.019034 0.088664 0.002809
19 29 1.018987 0.088033 0.001988
19 30 1.018956 0.087612 0.001186
19 31 1.018941 0.087401 0.000394
19 32 1.018941 0.087401 -0.000394
19 33 1.018956 0.087612 -0.001186
19 34 1.018987 0.088033 -0.001988
19 35 1.019034 0.088664 -0.002809
19 36 1.019095 0.089504 -0.003655
19 37 1.019172 0.090553 -0.004530
19 38 1.019264 0.091806 -0.005438
19 39 1.019370 0.093260 -0.006382
19 40 1.019490 0.094906 -0.007361
19 41 1.019623 0.096733 -0.008371
19 42 1.019768 0.098723 -0.009404
19 43 1.019924 0.100850 -0.010450
19 44 1.020089 0.103079 -0.011490
19 45 1.020261 0.105362 -0.012503
19 46 1.020437 0.107635 -0.013459
19 47 1.020616 0.109814 -0.014323
19 48 1.020793 0.111796 -0.015054
19 49 1.020965 0.113450 -0.015605
19 50 1.021129 0.114623 -0.015930
19 51 1.021281 0.115137 -0.015981
19 52 1.021417 0.114794 -0.015719
19 53 1.021532 0.113382 -0.015114
19 54 1.021623 0.110687 -0.014155
19 55 1.021685 0.106507 -0.012853
19 56 1.021713 0.100668 -0.011249
19 57 1.021702 0.093036 -0.009411
19 58 1.021649 0.083536 -0.007437
19 59 1.021549 0.072153 -0.005446
19 60 1.021398 0.058938 -0.003577
19 61 1.021194 0.043995 -0.001973
19 62 1.020935 0.027468 -0.000777
19 63 1.020622 0.009517 -0.000119
20 0 1.020026 0.009189 0.000109
20 1 1.020316 0.026572 0.000717
20 2 1.020559 0.042648 0.001827
20 3 1.020755 0.057268 0.003327
20 4 1.020905 0.070295 0.005089
20 5 1.021010 0.081623 0.006987
20 6 1.021075 0.091193 0.008894
20 7 1.021103 0.098999 0.010698
20 8 1.021096 0.105094 0.012306
20 9 1.021061 0.109584 0.013648
20 10 1.020999 0.112616 0.014679
20 11 1.020915 0.114368 0.015379
20 12 1.020812 0.115034 0.015752
20 13 1.020694 0.114811 0.015817
20 14 1.020564 0.113887 0.015608
20 15 1.020425 0.112436 0.015163
20 16 1.020281 0.110614 0.014527
20 17 1.020134 0.108551 0.013741
20 18 1.019987 0.106356 0.012847
20 19 1.019843 0.104120 0.011878
20 20 1.019704 0.101911 0.010864
20 21 1.019572 0.099784 0.009830
20 22 1.019448 0.097779 0.008793
20 23 1.019334 0.095928 0.007768
20 24 1.019231 0.094251 0.006764
20 25 1.019139 0.092764 0.005786
20 26 1.019060 0.091478 0.004835
20 27 1.018993 0.090399 0.003912
20 28 1.018940 0.089532 0.003014
20 29 1.018899 0.088880 0.002137
20 30 1.018872 0.088445 0.001276
20 31 1.018859 0.088227 0.000424
20 32 1.018859 0.088227 -0.000424
20 33 1.018872 0.088445 -0.001276
20 34 1.018899 0.088880 -0.002137
20 35 1.018940 0.089532 -0.003014
20 36 1.018993 0.090399 -0.003912
20 37 1.019060 0.091478 -0.004835
20 38 1.019139 0.092764 -0.005786
20 39 1.019231 0.094251 -0.006764
20 40 1.019334 0.095928 -0.007768
20 41 1.019448 0.097779 -0.008793
20 42 1.019572 0.099784 -0.009830
20 43 1.019704 0.101911 -0.010864
20 44 1.019843 0.104120 -0.011878
20 45 1.019987 0.106356 -0.012847
20 46 1.020134 0.108551 -0.013741
20 47 1.020281 0.110614 -0.014527
20 48 1.020425 0.112436 -0.015163
20 49 1.020564 0.113887 -0.015608
20 50 1.020694 0.114811 -0.015817
20 51 1.020812 0.115034 -0.015752
20 52 1.020915 0.114368 -0.015379
20 53 1.020999 0.112616 -0.014679
20 54 1.021061 0.109584 -0.013648
20 55 1.021096 0.105094 -0.012306
20 56 1.021103 0.098999 -0.010698
20 57 1.021075 0.091193 -0.008894
20 58 1.021010 0.081623 -0.006987
20 59 1.020905 0.070295 -0.005089
20 60 1.020755 0.057268 -0.003327
20 61 1.020559 0.042648 -0.001827
20 62 1.020316 0.026572 -0.000717
20 63 1.020026 0.009189 -0.000109
21 0 1.019477 0.008886 0.000101
21 1 1.019746 0.025742 0.000662
21 2 1.019974 0.041392 0.001695
21 3 1.020161 0.055699 0.003097
21 4 1.020309 0.068533 0.004758
21 5 1.020418 0.079789 0.006563
21 6 1.020491 0.089399 0.008399
21 7 1.020532 0.097346 0.010160
21 8 1.020544 0.103662 0.011759
21 9 1.020529 0.108429 0.013124
21 10 1.020492 0.111771 0.014208
21 11 1.020434 0.113844 0.014986
21 12 1.020360 0.114821 0.015453
21 13 1.020271 0.114885 0.015621
21 14 1.020171 0.114214 0.015516
21 15 1.020062 0.112977 0.015172
21 16 1.019947 0.111327 0.014627
21 17 1.019829 0.109396 0.013920
21 18 1.019709 0.107297 0.013089
21 19 1.019591 0.105123 0.012168
21 20 1.019475 0.102951 0.011188
21 21 1.019365 0.100838 0.010172
21 22 1.019261 0.098832 0.009140
21 23 1.019164 0.096967 0.008108
21 24 1.019077 0.095270 0.007086
21 25 1.018999 0.093758 0.006081
21 26 1.018931 0.092445 0.005097
21 27 1.018874 0.091342 0.004134
21 28 1.018828 0.090453 0.003191
21 29 1.018793 0.089783 0.002266
21 30 1.018770 0.089336 0.001354
21 31 1.018759 0.089112 0.000450
21 32 1.018759 0.089112 -0.000450
21 33 1.018770 0.089336 -0.001354
21 34 1.018793 0.089783 -0.002266
21 35 1.018828 0.090453 -0.003191
21 36 1.018874 0.091342 -0.004134
21 37 1.018931 0.092445 -0.005097
21 38 1.018999 0.093758 -0.006081
21 39 1.019077 0.095270 -0.007086
21 40 1.019164 0.096967 -0.008108
21 41 1.019261 0.098832 -0.009140
21 42 1.019365 0.100838 -0.010172
21 43 1.019475 0.102951 -0.011188
21 44 1.019591 0.105123 -0.012168
21 45 1.019709 0.107297 -0.013089
21 46 1.019829 0.109396 -0.013920
21 47 1.019947 0.111327 -0.014627
21 48 1.020062 0.112977 -0.015172
21 49 1.020171 0.114214 -0.015516
21 50 1.020271 0.114885 -0.015621
21 51 1.020360 0.114821 -0.015453
21 52 1.020434 0.113844 -0.014986
21 53 1.020492 0.111771 -0.014208
21 54 1.020529 0.108429 -0.013124
21 55 1.020544 0.103662 -0.011759
21 56 1.020532 0.097346 -0.010160
21 57 1.020491 0.089399 -0.008399
21 58 1.020418 0.079789 -0.006563
21 59 1.020309 0.068533 -0.004758
21 60 1.020161 0.055699 -0.003097
21 61 1.019974 0.041392 -0.001695
21 62 1.019746 0.025742 -0.000662
21 63 1.019477 0.008886 -0.000101
22 0 1.018969 0.008607 0.000093
22 1 1.019219 0.024972 0.000613
22 2 1.019433 0.040220 0.001573
22 3 1.019611 0.054226 0.002885
22 4 1.019755 0.066865 0.004450
22 5 1.019866 0.078034 0.006165
22 6 1.019945 0.087662 0.007927
22 7 1.019997 0.095720 0.009639
22 8 1.020023 0.102224 0.011216
22 9 1.020026 0.107238 0.012591
22 10 1.020009 0.110864 0.013713
22 11 1.019975 0.113237 0.014552
22 12 1.019925 0.114513 0.015098
22 13 1.019862 0.114858 0.015356
22 14 1.019788 0.114441 0.015346
22 15 1.019705 0.113424 0.015095
22 16 1.019616 0.111956 0.014637
22 17 1.019523 0.110169 0.014007
22 18 1.019428 0.108180 0.013241
22 19 1.019333 0.106085 0.012372
22 20 1.019239 0.103963 0.011429
22 21 1.019148 0.101879 0.010437
22 22 1.019062 0.099884 0.009417
22 23 1.018982 0.098017 0.008385
22 24 1.018909 0.096308 0.007353
22 25 1.018844 0.094780 0.006329
22 26 1.018787 0.093448 0.005318
22 27 1.018739 0.092324 0.004323
22 28 1.018700 0.091418 0.003343
22 29 1.018671 0.090734 0.002377
22 30 1.018651 0.090276 0.001422
22 31 1.018641 0.090046 0.000473
22 32 1.018641 0.090046 -0.000473
22 33 1.018651 0.090276 -0.001422
22 34 1.018671 0.090734 -0.002377
22 35 1.018700 0.091418 -0.003343
22 36 1.018739 0.092324 -0.004323
22 37 1.018787 0.093448 -0.005318
22 38 1.018844 0.094780 -0.006329
22 39 1.018909 0.096308 -0.007353
22 40 1.018982 0.098017 -0.008385
22 41 1.019062 0.099884 -0.009417
22 42 1.019148 0.101879 -0.010437
22 43 1.019239 0.103963 -0.011429
22 44 1.019333 0.106085 -0.012372
22 45 1.019428 0.108180 -0.013241
22 46 1.019523 0.110169 -0.014007
22 47 1.019616 0.111956 -0.014637
22 48 1.019705 0.113424 -0.015095
22 49 1.019788 0.114441 -0.015346
22 50 1.019862 0.114858 -0.015356
22 51 1.019925 0.114513 -0.015098
22 52 1.019975 0.113237 -0.014552
22 53 1.020009 0.110864 -0.013713
22 54 1.020026 0.107238 -0.012591
22 55 1.020023 0.102224 -0.011216
22 56 1.019997 0.095720 -0.009639
22 57 1.019945 0.087662 -0.007927
22 58 1.019866 0.078034 -0.006165
22 59 1.019755 0.066865 -0.004450
22 60 1.019611 0.054226 -0.002885
22 61 1.019433 0.040220 -0.001573
22 62 1.019219 0.024972 -0.000613
22 63 1.018969 0.008607 -0.000093
23 0 1.018496 0.008349 0.000086
23 1 1.018729 0.024257 0.000568
23 2 1.018930 0.039127 0.001462
23 3 1.019100 0.052842 0.002690
23 4 1.019239 0.065286 0.004163
23 5 1.019350 0.076358 0.005790
23 6 1.019434 0.085985 0.007478
23 7 1.019494 0.094129 0.009136
23 8 1.019531 0.100794 0.010684
23 9 1.019549 0.106027 0.012056
23 10 1.019549 0.109911 0.013202
23 11 1.019534 0.112564 0.014088
23 12 1.019505 0.114123 0.014700
23 13 1.019464 0.114741 0.015036
23 14 1.019413 0.114576 0.015111
23 15 1.019354 0.113782 0.014945
23 16 1.019288 0.112503 0.014569
23 17 1.019218 0.110872 0.014014
23 18 1.019144 0.109005 0.013313
23 19 1.019070 0.107000 0.012497
23 20 1.018996 0.104943 0.011595
23 21 1.018923 0.102900 0.010632
23 22 1.018854 0.100928 0.009629
23 23 1.018789 0.099070 0.008603
23 24 1.018730 0.097359 0.007567
23 25 1.018676 0.095822 0.006531
23 26 1.018629 0.094478 0.005501
23 27 1.018590 0.093340 0.004481
23 28 1.018557 0.092420 0.003470
23 29 1.018533 0.091725 0.002471
23 30 1.018517 0.091258 0.001479
23 31 1.018508 0.091025 0.000492
23 32 1.018508 0.091025 -0.000492
23 33 1.018517 0.091258 -0.001479
23 34 1.018533 0.091725 -0.002471
23 35 1.018557 0.092420 -0.003470
23 36 1.018590 0.093340 -0.004481
23 37 1.018629 0.094478 -0.005501
23 38 1.018676 0.095822 -0.006531
23 39 1.018730 0.097359 -0.007567
23 40 1.018789 0.099070 -0.008603
23 41 1.018854 0.100928 -0.009629
23 42 1.018923 0.102900 -0.010632
23 43 1.018996 0.104943 -0.011595
23 44 1.019070 0.107000 -0.012497
23 45 1.019144 0.109005 -0.013313
23 46 1.019218 0.110872 -0.014014
23 47 1.019288 0.112503 -0.014569
23 48 1.019354 0.113782 -0.014945
23 49 1.019413 0.114576 -0.015111
23 50 1.019464 0.114741 -0.015036
23 51 1.019505 0.114123 -0.014700
23 52 1.019534 0.112564 -0.014088
23 53 1.019549 0.109911 -0.013202
23 54 1.019549 0.106027 -0.012056
23 55 1.019531 0.100794 -0.010684
23 56 1.019494 0.094129 -0.009136
23 57 1.019434 0.085985 -0.007478
23 58 1.019350 0.076358 -0.005790
23 59 1.019239 0.065286 -0.004163
23 60 1.019100 0.052842 -0.002690
23 61 1.018930 0.039127 -0.001462
23 62 1.018729 0.024257 -0.000568
23 63 1.018496 0.008349 -0.000086
24 0 1.018055 0.008110 0.000079
24 1 1.018271 0.023592 0.000527
24 2 1.018460 0.038106 0.001360
24 3 1.018622 0.051543 0.002509
24 4 1.018757 0.063794 0.003897
24 5 1.018867 0.074762 0.005439
24 6 1.018954 0.084371 0.007052
24 7 1.019019 0.092580 0.008652
24 8 1.019066 0.099381 0.010165
24 9 1.019096 0.104807 0.011525
24 10 1.019110 0.108926 0.012684
24 11 1.019111 0.111837 0.013605
24 12 1.019100 0.113664 0.014269
24 13 1.019078 0.114546 0.014672
24 14 1.019047 0.114629 0.014821
24 15 1.019008 0.114058 0.014734
24 16 1.018962 0.112974 0.014434
24 17 1.018912 0.111506 0.013951
24 18 1.018859 0.109770 0.013313
24 19 1.018803 0.107869 0.012552
24 20 1.018747 0.105887 0.011693
24 21 1.018691 0.103898 0.010763
24 22 1.018637 0.101959 0.009781
24 23 1.018586 0.100120 0.008767
24 24 1.018539 0.098417 0.007734
24 25 1.018496 0.096879 0.006692
24 26 1.018459 0.095528 0.005649
24 27 1.018427 0.094382 0.004609
24 28 1.018401 0.093453 0.003575
24 29 1.018381 0.092749 0.002548
24 30 1.018368 0.092276 0.001526
24 31 1.018361 0.092039 0.000508
24 32 1.018361 0.092039 -0.000508
24 33 1.018368 0.092276 -0.001526
24 34 1.018381 0.092749 -0.002548
24 35 1.018401 0.093453 -0.003575
24 36 1.018427 0.094382 -0.004609
24 37 1.018459 0.095528 -0.005649
24 38 1.018496 0.096879 -0.006692
24 39 1.018539 0.098417 -0.007734
24 40 1.018586 0.100120 -0.008767
24 41 1.018637 0.101959 -0.009781
24 42 1.018691 0.103898 -0.010763
24 43 1.018747 0.105887 -0.011693
24 44 1.018803 0.107869 -0.012552
24 45 1.018859 0.109770 -0.013313
24 46 1.018912 0.111506 -0.013951
24 47 1.018962 0.112974 -0.014434
24 48 1.019008 0.114058 -0.014734
24 49 1.019047 0.114629 -0.014821
24 50 1.019078 0.114546 -0.014672
24 51 1.019100 0.113664 -0.014269
24 52 1.019111 0.111837 -0.013605
24 53 1.019110 0.108926 -0.012684
24 54 1.019096 0.104807 -0.011525
24 55 1.019066 0.099381 -0.010165
24 56 1.019019 0.092580 -0.008652
24 57 1.018954 0.084371 -0.007052
24 58 1.018867 0.074762 -0.005439
24 59 1.018757 0.063794 -0.003897
24 60 1.018622 0.051543 -0.002509
24 61 1.018460 0.038106 -0.001360
24 62 1.018271 0.023592 -0.000527
24 63 1.018055 0.008110 -0.000079
25 0 1.017642 0.007889 0.000074
25 1 1.017843 0.022973 0.000489
25 2 1.018020 0.037151 0.001266
25 3 1.018174 0.050323 0.002342
25 4 1.018304 0.062384 0.003648
25 5 1.018412 0.073242 0.005109
25 6 1.018501 0.082822 0.006648
25 7 1.018571 0.091076 0.008189
25 8 1.018625 0.097991 0.009661
25 9 1.018664 0.103587 0.011002
25 10 1.018690 0.107918 0.012164
25 11 1.018705 0.111069 0.013109
25 12 1.018708 0.113149 0.013815
25 13 1.018703 0.114283 0.014274
25 14 1.018689 0.114607 0.014488
25 15 1.018668 0.114258 0.014471
25 16 1.018640 0.113371 0.014242
25 17 1.018608 0.112072 0.013827
25 18 1.018572 0.110477 0.013251
25 19 1.018533 0.108687 0.012544
25 20 1.018493 0.106792 0.011730
25 21 1.018452 0.104867 0.010835
25 22 1.018412 0.102973 0.009880
25 23 1.018374 0.101162 0.008882
25 24 1.018338 0.099474 0.007856
25 25 1.018305 0.097943 0.006814
25 26 1.018276 0.096593 0.005763
25 27 1.018251 0.095444 0.004711
25 28 1.018231 0.094509 0.003659
25 29 1.018216 0.093800 0.002610
25 30 1.018205 0.093324 0.001565
25 31 1.018200 0.093084 0.000521
25 32 1.018200 0.093084 -0.000521
25 33 1.018205 0.093324 -0.001565
25 34 1.018216 0.093800 -0.002610
25 35 1.018231 0.094509 -0.003659
25 36 1.018251 0.095444 -0.004711
25 37 1.018276 0.096593 -0.005763
25 38 1.018305 0.097943 -0.006814
25 39 1.018338 0.099474 -0.007856
25 40 1.018374 0.101162 -0.008882
25 41 1.018412 0.102973 -0.009880
25 42 1.018452 0.104867 -0.010835
25 43 1.018493 0.106792 -0.011730
25 44 1.018533 0.108687 -0.012544
25 45 1.018572 0.110477 -0.013251
25 46 1.018608 0.112072 -0.013827
25 47 1.018640 0.113371 -0.014242
25 48 1.018668 0.114258 -0.014471
25 49 1.018689 0.114607 -0.014488
25 50 1.018703 0.114283 -0.014274
25 51 1.018708 0.113149 -0.013815
25 52 1.018705 0.111069 -0.013109
25 53 1.018690 0.107918 -0.012164
25 54 1.018664 0.103587 -0.011002
25 55 1.018625 0.097991 -0.009661
25 56 1.018571 0.091076 -0.008189
25 57 1.018501 0.082822 -0.006648
25 58 1.018412 0.073242 -0.005109
25 59 1.018304 0.062384 -0.003648
25 60 1.018174 0.050323 -0.002342
25 61 1.018020 0.037151 -0.001266
25 62 1.017843 0.022973 -0.000489
25 63 1.017642 0.007889 -0.000074
26 0 1.017253 0.007683 0.000068
26 1 1.017440 0.022397 0.000455
26 2 1.017607 0.036260 0.001180
26 3 1.017752 0.049177 0.002188
26 4 1.017877 0.061053 0.003417
26 5 1.017984 0.071798 0.004800
26 6 1.018073 0.081338 0.006266
26 7 1.018146 0.089623 0.007746
26 8 1.018205 0.096632 0.009174
26 9 1.018252 0.102376 0.010490
26 10 1.018288 0.106899 0.011647
26 11 1.018313 0.110271 0.012606
26 12 1.018330 0.112587 0.013345
26 13 1.018338 0.113962 0.013850
26 14 1.018339 0.114520 0.014120
26 15 1.018333 0.114390 0.014166
26 16 1.018322 0.113701 0.014002
26 17 1.018305 0.112575 0.013650
26 18 1.018284 0.111126 0.013135
26 19 1.018261 0.109457 0.012481
26 20 1.018235 0.107657 0.011713
26 21 1.018208 0.105805 0.010856
26 22 1.018181 0.103964 0.009929
26 23 1.018154 0.102190 0.008951
26 24 1.018128 0.100527 0.007937
26 25 1.018105 0.099010 0.006899
26 26 1.018083 0.097667 0.005847
26 27 1.018065 0.096519 0.004787
26 28 1.018050 0.095584 0.003723
26 29 1.018039 0.094873 0.002659
26 30 1.018031 0.094394 0.001595
26 31 1.018027 0.094154 0.000531
26 32 1.018027 0.094154 -0.000531
26 33 1.018031 0.094394 -0.001595
26 34 1.018039 0.094873 -0.002659
26 35 1.018050 0.095584 -0.003723
26 36 1.018065 0.096519 -0.004787
26 37 1.018083 0.097667 -0.005847
26 38 1.018105 0.099010 -0.006899
26 39 1.018128 0.100527 -0.007937
26 40 1.018154 0.102190 -0.008951
26 41 1.018181 0.103964 -0.009929
26 42 1.018208 0.105805 -0.010856
26 43 1.018235 0.107657 -0.011713
26 44 1.018261 0.109457 -0.012481
26 45 1.018284 0.111126 -0.013135
26 46 1.018305 0.112575 -0.013650
26 47 1.018322 0.113701 -0.014002
26 48 1.018333 0.114390 -0.014166
26 49 1.018339 0.114520 -0.014120
26 50 1.018338 0.113962 -0.013850
26 51 1.018330 0.112587 -0.013345
26 52 1.018313 0.110271 -0.012606
26 53 1.018288 0.106899 -0.011647
26 54 1.018252 0.102376 -0.010490
26 55 1.018205 0.096632 -0.009174
26 56 1.018146 0.089623 -0.007746
26 57 1.018073 0.081338 -0.006266
26 58 1.017984 0.071798 -0.004800
26 59 1.017877 0.061053 -0.003417
26 60 1.017752 0.049177 -0.002188
26 61 1.017607 0.036260 -0.001180
26 62 1.017440 0.022397 -0.000455
26 63 1.017253 0.007683 -0.000068
27 0 1.016886 0.007492 0.000063
27 1 1.017061 0.021860 0.000423
27 2 1.017217 0.035425 0.001100
27 3 1.017355 0.048101 0.002045
27 4 1.017475 0.059797 0.003202
27 5 1.017578 0.070426 0.004510
27 6 1.017667 0.079918 0.005906
27 7 1.017742 0.088220 0.007325
27 8 1.017806 0.095307 0.008705
27 9 1.017859 0.101182 0.009991
27 10 1.017902 0.105876 0.011136
27 11 1.017937 0.109451 0.012103
27 12 1.017964 0.111989 0.012864
27 13 1.017984 0.113592 0.013407
27 14 1.017997 0.114375 0.013726
27 15 1.018005 0.114460 0.013827
27 16 1.018007 0.113967 0.013722
27 17 1.018004 0.113017 0.013430
27 18 1.017997 0.111719 0.012972
27 19 1.017986 0.110177 0.012370
27 20 1.017973 0.108480 0.011648
27 21 1.017959 0.106709 0.010830
27 22 1.017943 0.104931 0.009934
27 23 1.017926 0.103202 0.008979
27 24 1.017910 0.101571 0.007981
27 25 1.017895 0.100075 0.006952
27 26 1.017881 0.098744 0.005902
27 27 1.017869 0.097604 0.004840
27 28 1.017858 0.096671 0.003769
27 29 1.017850 0.095961 0.002694
27 30 1.017845 0.095482 0.001617
27 31 1.017842 0.095242 0.000539
27 32 1.017842 0.095242 -0.000539
27 33 1.017845 0.095482 -0.001617
27 34 1.017850 0.095961 -0.002694
27 35 1.017858 0.096671 -0.003769
27 36 1.017869 0.097604 -0.004840
27 37 1.017881 0.098744 -0.005902
27 38 1.017895 0.100075 -0.006952
27 39 1.017910 0.101571 -0.007981
27 40 1.017926 0.103202 -0.008979
27 41 1.017943 0.104931 -0.009934
27 42 1.017959 0.106709 -0.010830
27 43 1.017973 0.108480 -0.011648
27 44 1.017986 0.110177 -0.012370
27 45 1.017997 0.111719 -0.012972
27 46 1.018004 0.113017 -0.013430
27 47 1.018007 0.113967 -0.013722
27 48 1.018005 0.114460 -0.013827
27 49 1.017997 0.114375 -0.013726
27 50 1.017984 0.113592 -0.013407
27 51 1.017964 0.111989 -0.012864
27 52 1.017937 0.109451 -0.012103
27 53 1.017902 0.105876 -0.011136
27 54 1.017859 0.101182 -0.009991
27 55 1.017806 0.095307 -0.008705
27 56 1.017742 0.088220 -0.007325
27 57 1.017667 0.079918 -0.005906
27 58 1.017578 0.070426 -0.004510
27 59 1.017475 0.059797 -0.003202
27 60 1.017355 0.048101 -0.002045
27 61 1.017217 0.035425 -0.001100
27 62 1.017061 0.021860 -0.000423
27 63 1.016886 0.007492 -0.000063
28 0 1.016537 0.007315 0.000059
28 1 1.016701 0.021360 0.000394
28 2 1.016847 0.034645 0.001027
28 3 1.016978 0.047090 0.001913
28 4 1.017093 0.058611 0.003001
28 5 1.017194 0.069125 0.004238
28 6 1.017281 0.078563 0.005566
28 7 1.017358 0.086871 0.006924
28 8 1.017424 0.094021 0.008255
28 9 1.017481 0.100008 0.009508
28 10 1.017531 0.104857 0.010636
28 11 1.017573 0.108617 0.011602
28 12 1.017609 0.111362 0.012380
28 13 1.017639 0.113181 0.012952
28 14 1.017663 0.114181 0.013312
28 15 1.017681 0.114474 0.013462
28 16 1.017695 0.114176 0.013410
28 17 1.017704 0.113401 0.013173
28 18 1.017709 0.112258 0.012768
28 19 1.017711 0.110848 0.012217
28 20 1.017709 0.109261 0.011541
28 21 1.017705 0.107578 0.010762
28 22 1.017700 0.105869 0.009899
28 23 1.017693 0.104194 0.008970
28 24 1.017685 0.102601 0.007991
28 25 1.017677 0.101133 0.006975
28 26 1.017670 0.099821 0.005932
28 27 1.017663 0.098692 0.004871
28 28 1.017657 0.097767 0.003798
28 29 1.017653 0.097060 0.002717
28 30 1.017649 0.096583 0.001631
28 31 1.017648 0.096343 0.000544
28 32 1.017648 0.096343 -0.000544
28 33 1.017649 0.096583 -0.001631
28 34 1.017653 0.097060 -0.002717
28 35 1.017657 0.097767 -0.003798
28 36 1.017663 0.098692 -0.004871
28 37 1.017670 0.099821 -0.005932
28 38 1.017677 0.101133 -0.006975
28 39 1.017685 0.102601 -0.007991
28 40 1.017693 0.104194 -0.008970
28 41 1.017700 0.105869 -0.009899
28 42 1.017705 0.107578 -0.010762
28 43 1.017709 0.109261 -0.011541
28 44 1.017711 0.110848 -0.012217
28 45 1.017709 0.112258 -0.012768
28 46 1.017704 0.113401 -0.013173
28 47 1.017695 0.114176 -0.013410
28 48 1.017681 0.114474 -0.013462
28 49 1.017663 0.114181 -0.013312
28 50 1.017639 0.113181 -0.012952
28 51 1.017609 0.111362 -0.012380
28 52 1.017573 0.108617 -0.011602
28 53 1.017531 0.104857 -0.010636
28 54 1.017481 0.100008 -0.009508
28 55 1.017424 0.094021 -0.008255
28 56 1.017358 0.086871 -0.006924
28 57 1.017281 0.078563 -0.005566
28 58 1.017194 0.069125 -0.004238
28 59 1.017093 0.058611 -0.003001
28 60 1.016978 0.047090 -0.001913
28 61 1.016847 0.034645 -0.001027
28 62 1.016701 0.021360 -0.000394
28 63 1.016537 0.007315 -0.000059
29 0 1.016206 0.007150 0.000055
29 1 1.016359 0.020893 0.000368
29 2 1.016497 0.033915 0.000959
29 3 1.016620 0.046141 0.001789
29 4 1.016730 0.057492 0.002814
29 5 1.016828 0.067891 0.003984
29 6 1.016914 0.077270 0.005245
29 7 1.016991 0.085575 0.006543
29 8 1.017059 0.092775 0.007825
29 9 1.017119 0.098860 0.009041
29 10 1.017174 0.103847 0.010148
29 11 1.017222 0.107777 0.011108
29 12 1.017265 0.110713 0.011895
29 13 1.017303 0.112737 0.012490
29 14 1.017336 0.113944 0.012884
29 15 1.017364 0.114439 0.013076
29 16 1.017388 0.114332 0.013072
29 17 1.017407 0.113733 0.012885
29 18 1.017423 0.112746 0.012531
29 19 1.017434 0.111471 0.012029
29 20 1.017443 0.109999 0.011398
29 21 1.017449 0.108411 0.010658
29 22 1.017452 0.106779 0.009829
29 23 1.017453 0.105163 0.008928
29 24 1.017453 0.103615 0.007971
29 25 1.017452 0.102180 0.006971
29 26 1.017451 0.100892 0.005938
29 27 1.017449 0.099779 0.004882
29 28 1.017447 0.098865 0.003811
29 29 1.017446 0.098165 0.002729
29 30 1.017445 0.097692 0.001639
29 31 1.017444 0.097454 0.000547
29 32 1.017444 0.097454 -0.000547
29 33 1.017445 0.097692 -0.001639
29 34 1.017446 0.098165 -0.002729
29 35 1.017447 0.098865 -0.003811
29 36 1.017449 0.099779 -0.004882
29 37 1.017451 0.100892 -0.005938
29 38 1.017452 0.102180 -0.006971
29 39 1.017453 0.103615 -0.007971
29 40 1.017453 0.105163 -0.008928
29 41 1.017452 0.106779 -0.009829
29 42 1.017449 0.108411 -0.010658
29 43 1.017443 0.109999 -0.011398
29 44 1.017434 0.111471 -0.012029
29 45 1.017423 0.112746 -0.012531
29 46 1.017407 0.113733 -0.012885
29 47 1.017388 0.114332 -0.013072
29 48 1.017364 0.114439 -0.013076
29 49 1.017336 0.113944 -0.012884
29 50 1.017303 0.112737 -0.012490
29 51 1.017265 0.110713 -0.011895
29 52 1.017222 0.107777 -0.011108
29 53 1.017174 0.103847 -0.010148
29 54 1.017119 0.098860 -0.009041
29 55 1.017059 0.092775 -0.007825
29 56 1.016991 0.085575 -0.006543
29 57 1.016914 0.077270 -0.005245
29 58 1.016828 0.067891 -0.003984
29 59 1.016730 0.057492 -0.002814
29 60 1.016620 0.046141 -0.001789
29 61 1.016497 0.033915 -0.000959
29 62 1.016359 0.020893 -0.000368
29 63 1.016206 0.007150 -0.000055
30 0 1.015890 0.006996 0.000051
30 1 1.016033 0.020456 0.000343
30 2 1.016163 0.033231 0.000896
30 3 1.016279 0.045249 0.001675
30 4 1.016384 0.056438 0.002640
30 5 1.016478 0.066723 0.003745
30 6 1.016563 0.076038 0.004942
30 7 1.016639 0.084333 0.006182
30 8 1.016708 0.091571 0.007414
30 9 1.016771 0.097741 0.008592
30 10 1.016829 0.102852 0.009673
30 11 1.016882 0.106936 0.010623
30 12 1.016931 0.110050 0.011414
30 13 1.016975 0.112266 0.012025
30 14 1.017016 0.113670 0.012446
30 15 1.017052 0.114361 0.012675
30 16 1.017084 0.114441 0.012714
30 17 1.017113 0.114015 0.012573
30 18 1.017137 0.113185 0.012266
30 19 1.017158 0.112049 0.011810
30 20 1.017175 0.110696 0.011223
30 21 1.017189 0.109208 0.010523
30 22 1.017200 0.107657 0.009728
30 23 1.017209 0.106106 0.008857
30 24 1.017216 0.104610 0.007923
30 25 1.017221 0.103214 0.006942
30 26 1.017225 0.101954 0.005923
30 27 1.017228 0.100863 0.004876
30 28 1.017230 0.099962 0.003810
30 29 1.017231 0.099272 0.002730
30 30 1.017231 0.098805 0.001641
30 31 1.017232 0.098569 0.000548
30 32 1.017232 0.098569 -0.000548
30 33 1.017231 0.098805 -0.001641
30 34 1.017231 0.099272 -0.002730
30 35 1.017230 0.099962 -0.003810
30 36 1.017228 0.100863 -0.004876
30 37 1.017225 0.101954 -0.005923
30 38 1.017221 0.103214 -0.006942
30 39 1.017216 0.104610 -0.007923
30 40 1.017209 0.106106 -0.008857
30 41 1.017200 0.107657 -0.009728
30 42 1.017189 0.109208 -0.010523
30 43 1.017175 0.110696 -0.011223
30 44 1.017158 0.112049 -0.011810
30 45 1.017137 0.113185 -0.012266
30 46 1.017113 0.114015 -0.012573
30 47 1.017084 0.114441 -0.012714
30 48 1.017052 0.114361 -0.012675
30 49 1.017016 0.113670 -0.012446
30 50 1.016975 0.112266 -0.012025
30 51 1.016931 0.110050 -0.011414
30 52 1.016882 0.106936 -0.010623
30 53 1.016829 0.102852 -0.009673
30 54 1.016771 0.097741 -0.008592
30 55 1.016708 0.091571 -0.007414
30 56 1.016639 0.084333 -0.006182
30 57 1.016563 0.076038 -0.004942
30 58 1.016478 0.066723 -0.003745
30 59 1.016384 0.056438 -0.002640
30 60 1.016279 0.045249 -0.001675
30 61 1.016163 0.033231 -0.000896
30 62 1.016033 0.020456 -0.000343
30 63 1.015890 0.006996 -0.000051
31 0 1.015588 0.006852 0.000048
31 1 1.015721 0.020049 0.000320
31 2 1.015843 0.032590 0.000838
31 3 1.015954 0.044411 0.001569
31 4 1.016054 0.055443 0.002477
31 5 1.016144 0.065616 0.003521
31 6 1.016227 0.074866 0.004658
31 7 1.016302 0.083143 0.005840
31 8 1.016372 0.090411 0.007022
31 9 1.016436 0.096653 0.008160
31 10 1.016496 0.101874 0.009214
31 11 1.016553 0.106100 0.010150
31 12 1.016606 0.109378 0.010939
31 13 1.016656 0.111774 0.011561
31 14 1.016703 0.113366 0.012005
31 15 1.016746 0.114245 0.012264
31 16 1.016785 0.114507 0.012340
31 17 1.016821 0.114252 0.012241
31 18 1.016853 0.113579 0.011978
31 19 1.016881 0.112582 0.011566
31 20 1.016906 0.111351 0.011021
31 21 1.016928 0.109967 0.010360
31 22 1.016946 0.108503 0.009600
31 23 1.016961 0.107023 0.008759
31 24 1.016974 0.105583 0.007852
31 25 1.016985 0.104231 0.006891
31 26 1.016993 0.103005 0.005888
31 27 1.017000 0.101938 0.004854
31 28 1.017005 0.101055 0.003796
31 29 1.017009 0.100377 0.002722
31 30 1.017011 0.099917 0.001638
31 31 1.017012 0.099684 0.000547
31 32 1.017012 0.099684 -0.000547
31 33 1.017011 0.099917 -0.001638
31 34 1.017009 0.100377 -0.002722
31 35 1.017005 0.101055 -0.003796
31 36 1.017000 0.101938 -0.004854
31 37 1.016993 0.103005 -0.005888
31 38 1.016985 0.104231 -0.006891
31 39 1.016974 0.105583 -0.007852
31 40 1.016961 0.107023 -0.008759
31 41 1.016946 0.108503 -0.009600
31 42 1.016928 0.109967 -0.010360
31 43 1.016906 0.111351 -0.011021
31 44 1.016881 0.112582 -0.011566
31 45 1.016853 0.113579 -0.011978
31 46 1.016821 0.114252 -0.012241
31 47 1.016785 0.114507 -0.012340
31 48 1.016746 0.114245 -0.012264
31 49 1.016703 0.113366 -0.012005
31 50 1.016656 0.111774 -0.011561
31 51 1.016606 0.109378 -0.010939
31 52 1.016553 0.106100 -0.010150
31 53 1.016496 0.101874 -0.009214
31 54 1.016436 0.096653 -0.008160
31 55 1.016372 0.090411 -0.007022
31 56 1.016302 0.083143 -0.005840
31 57 1.016227 0.074866 -0.004658
31 58 1.016144 0.065616 -0.003521
31 59 1.016054 0.055443 -0.002477
31 60 1.015954 0.044411 -0.001569
31 61 1.015843 0.032590 -0.000838
31 62 1.015721 0.020049 -0.000320
31 63 1.015588 0.006852 -0.000048
32 0 1.015298 0.006719 0.000044
32 1 1.015422 0.019668 0.000299
32 2 1.015537 0.031989 0.000784
32 3 1.015641 0.043623 0.001470
32 4 1.015737 0.054505 0.002325
32 5 1.015824 0.064568 0.003312
32 6 1.015904 0.073752 0.004389
32 7 1.015978 0.082006 0.005516
32 8 1.016047 0.089295 0.006649
32 9 1.016113 0.095598 0.007747
32 10 1.016175 0.100917 0.008771
32 11 1.016234 0.105272 0.009689
32 12 1.016291 0.108702 0.010472
32 13 1.016345 0.111267 0.011101
32 14 1.016396 0.113037 0.011562
32 15 1.016444 0.114096 0.011847
32 16 1.016490 0.114534 0.011956
32 17 1.016532 0.114447 0.011895
32 18 1.016570 0.113930 0.011672
32 19 1.016605 0.113074 0.011301
32 20 1.016637 0.111967 0.010796
32 21 1.016665 0.110690 0.010173
32 22 1.016689 0.109316 0.009449
32 23 1.016710 0.107912 0.008639
32 24 1.016728 0.106533 0.007758
32 25 1.016744 0.105229 0.006820
32 26 1.016757 0.104041 0.005836
32 27 1.016767 0.103002 0.004817
32 28 1.016775 0.102140 0.003771
32 29 1.016781 0.101476 0.002706
32 30 1.016785 0.101025 0.001629
32 31 1.016786 0.100797 0.000544
32 32 1.016786 0.100797 -0.000544
32 33 1.016785 0.101025 -0.001629
32 34 1.016781 0.101476 -0.002706
32 35 1.016775 0.102140 -0.003771
32 36 1.016767 0.103002 -0.004817
32 37 1.016757 0.104041 -0.005836
32 38 1.016744 0.105229 -0.006820
32 39 1.016728 0.106533 -0.007758
32 40 1.016710 0.107912 -0.008639
32 41 1.016689 0.109316 -0.009449
32 42 1.016665 0.110690 -0.010173
32 43 1.016637 0.111967 -0.010796
32 44 1.016605 0.113074 -0.011301
32 45 1.016570 0.113930 -0.011672
32 46 1.016532 0.114447 -0.011895
32 47 1.016490 0.114534 -0.011956
32 48 1.016444 0.114096 -0.011847
32 49 1.016396 0.113037 -0.011562
32 50 1.016345 0.111267 -0.011101
32 51 1.016291 0.108702 -0.010472
32 52 1.016234 0.105272 -0.009689
32 53 1.016175 0.100917 -0.008771
32 54 1.016113 0.095598 -0.007747
32 55 1.016047 0.089295 -0.006649
32 56 1.015978 0.082006 -0.005516
32 57 1.015904 0.073752 -0.004389
32 58 1.015824 0.064568 -0.003312
32 59 1.015737 0.054505 -0.002325
32 60 1.015641 0.043623 -0.001470
32 61 1.015537 0.031989 -0.000784
32 62 1.015422 0.019668 -0.000299
32 63 1.015298 0.006719 -0.000044
33 0 1.015018 0.006594 0.000041
33 1 1.015135 0.019311 0.000279
33 2 1.015243 0.031426 0.000734
33 3 1.015341 0.042883 0.001378
33 4 1.015432 0.053620 0.002183
33 5 1.015516 0.063576 0.003115
33 6 1.015593 0.072692 0.004137
33 7 1.015666 0.080920 0.005210
33 8 1.015734 0.088222 0.006294
33 9 1.015800 0.094578 0.007351
33 10 1.015863 0.099984 0.008345
33 11 1.015924 0.104455 0.009242
33 12 1.015983 0.108027 0.010017
33 13 1.016040 0.110749 0.010648
33 14 1.016096 0.112687 0.011121
33 15 1.016148 0.113918 0.011428
33 16 1.016198 0.114528 0.011565
33 17 1.016246 0.114605 0.011538
33 18 1.016290 0.114241 0.011352
33 19 1.016330 0.113525 0.011019
33 20 1.016367 0.112544 0.010553
33 21 1.016401 0.111376 0.009967
33 22 1.016430 0.110097 0.009278
33 23 1.016457 0.108771 0.008499
33 24 1.016479 0.107458 0.007647
33 25 1.016499 0.106206 0.006733
33 26 1.016515 0.105059 0.005769
33 27 1.016529 0.104052 0.004767
33 28 1.016539 0.103214 0.003736
33 29 1.016547 0.102566 0.002683
33 30 1.016552 0.102126 0.001615
33 31 1.016555 0.101903 0.000539
33 32 1.016555 0.101903 -0.000539
33 33 1.016552 0.102126 -0.001615
33 34 1.016547 0.102566 -0.002683
33 35 1.016539 0.103214 -0.003736
33 36 1.016529 0.104052 -0.004767
33 37 1.016515 0.105059 -0.005769
33 38 1.016499 0.106206 -0.006733
33 39 1.016479 0.107458 -0.007647
33 40 1.016457 0.108771 -0.008499
33 41 1.016430 0.110097 -0.009278
33 42 1.016401 0.111376 -0.009967
33 43 1.016367 0.112544 -0.010553
33 44 1.016330 0.113525 -0.011019
33 45 1.016290 0.114241 -0.011352
33 46 1.016246 0.114605 -0.011538
33 47 1.016198 0.114528 -0.011565
33 48 1.016148 0.113918 -0.011428
33 49 1.016096 0.112687 -0.011121
33 50 1.016040 0.110749 -0.010648
33 51 1.015983 0.108027 -0.010017
33 52 1.015924 0.104455 -0.009242
33 53 1.015863 0.099984 -0.008345
33 54 1.015800 0.094578 -0.007351
33 55 1.015734 0.088222 -0.006294
33 56 1.015666 0.080920 -0.005210
33 57 1.015593 0.072692 -0.004137
33 58 1.015516 0.063576 -0.003115
33 59 1.015432 0.053620 -0.002183
33 60 1.015341 0.042883 -0.001378
33 61 1.015243 0.031426 -0.000734
33 62 1.015135 0.019311 -0.000279
33 63 1.015018 0.006594 -0.000041
34 0 1.014748 0.006477 0.000039
34 1 1.014858 0.018978 0.000261
34 2 1.014959 0.030898 0.000687
34 3 1.015052 0.042187 0.001293
34 4 1.015139 0.052786 0.002051
34 5 1.015219 0.062637 0.002931
34 6 1.015293 0.071686 0.003900
34 7 1.015364 0.079884 0.004921
34 8 1.015432 0.087193 0.005958
34 9 1.015497 0.093593 0.006974
34 10 1.015561 0.099076 0.007935
34 11 1.015623 0.103654 0.008810
34 12 1.015684 0.107355 0.009574
34 13 1.015743 0.110224 0.010204
34 14 1.015801 0.112322 0.010685
34 15 1.015857 0.113717 0.011009
34 16 1.015911 0.114491 0.011171
34 17 1.015963 0.114728 0.011173
34 18 1.016011 0.114515 0.011022
34 19 1.016056 0.113939 0.010725
34 20 1.016098 0.113083 0.010295
34 21 1.016136 0.112028 0.009745
34 22 1.016170 0.110845 0.009089
34 23 1.016201 0.109602 0.008343
34 24 1.016228 0.108356 0.007519
34 25 1.016251 0.107161 0.006630
34 26 1.016270 0.106059 0.005689
34 27 1.016287 0.105086 0.004706
34 28 1.016299 0.104274 0.003691
34 29 1.016309 0.103645 0.002653
34 30 1.016315 0.103217 0.001598
34 31 1.016318 0.102999 0.000534
34 32 1.016318 0.102999 -0.000534
34 33 1.016315 0.103217 -0.001598
34 34 1.016309 0.103645 -0.002653
34 35 1.016299 0.104274 -0.003691
34 36 1.016287 0.105086 -0.004706
34 37 1.016270 0.106059 -0.005689
34 38 1.016251 0.107161 -0.006630
34 39 1.016228 0.108356 -0.007519
34 40 1.016201 0.109602 -0.008343
34 41 1.016170 0.110845 -0.009089
34 42 1.016136 0.112028 -0.009745
34 43 1.016098 0.113083 -0.010295
34 44 1.016056 0.113939 -0.010725
34 45 1.016011 0.114515 -0.011022
34 46 1.015963 0.114728 -0.011173
34 47 1.015911 0.114491 -0.011171
34 48 1.015857 0.113717 -0.011009
34 49 1.015801 0.112322 -0.010685
34 50 1.015743 0.110224 -0.010204
34 51 1.015684 0.107355 -0.009574
34 52 1.015623 0.103654 -0.008810
34 53 1.015561 0.099076 -0.007935
34 54 1.015497 0.093593 -0.006974
34 55 1.015432 0.087193 -0.005958
34 56 1.015364 0.079884 -0.004921
34 57 1.015293 0.071686 -0.003900
34 58 1.015219 0.062637 -0.002931
34 59 1.015139 0.052786 -0.002051
34 60 1.015052 0.042187 -0.001293
34 61 1.014959 0.030898 -0.000687
34 62 1.014858 0.018978 -0.000261
34 63 1.014748 0.006477 -0.000039
35 0 1.014487 0.006368 0.000036
35 1 1.014590 0.018665 0.000245
35 2 1.014685 0.030403 0.000644
35 3 1.014773 0.041532 0.001213
35 4 1.014855 0.051999 0.001928
35 5 1.014932 0.061750 0.002759
35 6 1.015004 0.070730 0.003677
35 7 1.015073 0.078895 0.004649
35 8 1.015139 0.086208 0.005639
35 9 1.015204 0.092644 0.006615
35 10 1.015267 0.098195 0.007543
35 11 1.015330 0.102869 0.008394
35 12 1.015392 0.106690 0.009144
35 13 1.015453 0.109697 0.009769
35 14 1.015513 0.111944 0.010256
35 15 1.015572 0.113497 0.010593
35 16 1.015628 0.114429 0.010776
35 17 1.015683 0.114821 0.010805
35 18 1.015735 0.114756 0.010684
35 19 1.015784 0.114317 0.010420
35 20 1.015829 0.113588 0.010025
35 21 1.015871 0.112645 0.009509
35 22 1.015909 0.111560 0.008887
35 23 1.015944 0.110402 0.008172
35 24 1.015974 0.109228 0.007377
35 25 1.016000 0.108091 0.006514
35 26 1.016022 0.107037 0.005597
35 27 1.016041 0.106102 0.004635
35 28 1.016056 0.105319 0.003639
35 29 1.016067 0.104710 0.002617
35 30 1.016074 0.104295 0.001577
35 31 1.016078 0.104084 0.000527
35 32 1.016078 0.104084 -0.000527
35 33 1.016074 0.104295 -0.001577
35 34 1.016067 0.104710 -0.002617
35 35 1.016056 0.105319 -0.003639
35 36 1.016041 0.106102 -0.004635
35 37 1.016022 0.107037 -0.005597
35 38 1.016000 0.108091 -0.006514
35 39 1.015974 0.109228 -0.007377
35 40 1.015944 0.110402 -0.008172
35 41 1.015909 0.111560 -0.008887
35 42 1.015871 0.112645 -0.009509
35 43 1.015829 0.113588 -0.010025
35 44 1.015784 0.114317 -0.010420
35 45 1.015735 0.114756 -0.010684
35 46 1.015683 0.114821 -0.010805
35 47 1.015628 0.114429 -0.010776
35 48 1.015572 0.113497 -0.010593
35 49 1.015513 0.111944 -0.010256
35 50 1.015453 0.109697 -0.009769
35 51 1.015392 0.106690 -0.009144
35 52 1.015330 0.102869 -0.008394
35 53 1.015267 0.098195 -0.007543
35 54 1.015204 0.092644 -0.006615
35 55 1.015139 0.086208 -0.005639
35 56 1.015073 0.078895 -0.004649
35 57 1.015004 0.070730 -0.003677
35 58 1.014932 0.061750 -0.002759
35 59 1.014855 0.051999 -0.001928
35 60 1.014773 0.041532 -0.001213
35 61 1.014685 0.030403 -0.000644
35 62 1.014590 0.018665 -0.000245
35 63 1.014487 0.006368 -0.000036
36 0 1.014234 0.006266 0.000034
36 1 1.014330 0.018373 0.000229
36 2 1.014420 0.029938 0.000604
36 3 1.014503 0.040916 0.001139
36 4 1.014581 0.051257 0.001812
36 5 1.014654 0.060910 0.002598
36 6 1.014723 0.069824 0.003468
36 7 1.014790 0.077954 0.004391
36 8 1.014855 0.085264 0.005337
36 9 1.014918 0.091730 0.006272
36 10 1.014981 0.097342 0.007168
36 11 1.015044 0.102103 0.007994
36 12 1.015106 0.106034 0.008728
36 13 1.015169 0.109170 0.009346
36 14 1.015230 0.111558 0.009835
36 15 1.015291 0.113260 0.010183
36 16 1.015350 0.114343 0.010383
36 17 1.015407 0.114885 0.010435
36 18 1.015462 0.114965 0.010342
36 19 1.015513 0.114663 0.010109
36 20 1.015562 0.114058 0.009746
36 21 1.015607 0.113228 0.009263
36 22 1.015648 0.112244 0.008674
36 23 1.015685 0.111172 0.007989
36 24 1.015718 0.110072 0.007223
36 25 1.015747 0.108997 0.006388
36 26 1.015772 0.107993 0.005495
36 27 1.015793 0.107099 0.004555
36 28 1.015809 0.106346 0.003579
36 29 1.015821 0.105759 0.002575
36 30 1.015830 0.105358 0.001553
36 31 1.015834 0.105154 0.000519
36 32 1.015834 0.105154 -0.000519
36 33 1.015830 0.105358 -0.001553
36 34 1.015821 0.105759 -0.002575
36 35 1.015809 0.106346 -0.003579
36 36 1.015793 0.107099 -0.004555
36 37 1.015772 0.107993 -0.005495
36 38 1.015747 0.108997 -0.006388
36 39 1.015718 0.110072 -0.007223
36 40 1.015685 0.111172 -0.007989
36 41 1.015648 0.112244 -0.008674
36 42 1.015607 0.113228 -0.009263
36 43 1.015562 0.114058 -0.009746
36 44 1.015513 0.114663 -0.010109
36 45 1.015462 0.114965 -0.010342
36 46 1.015407 0.114885 -0.010435
36 47 1.015350 0.114343 -0.010383
36 48 1.015291 0.113260 -0.010183
36 49 1.015230 0.111558 -0.009835
36 50 1.015169 0.109170 -0.009346
36 51 1.015106 0.106034 -0.008728
36 52 1.015044 0.102103 -0.007994
36 53 1.014981 0.097342 -0.007168
36 54 1.014918 0.091730 -0.006272
36 55 1.014855 0.085264 -0.005337
36 56 1.014790 0.077954 -0.004391
36 57 1.014723 0.069824 -0.003468
36 58 1.014654 0.060910 -0.002598
36 59 1.014581 0.051257 -0.001812
36 60 1.014503 0.040916 -0.001139
36 61 1.014420 0.029938 -0.000604
36 62 1.014330 0.018373 -0.000229
36 63 1.014234 0.006266 -0.000034
37 0 1.013987 0.006171 0.000032
37 1 1.014078 0.018098 0.000215
37 2 1.014162 0.029501 0.000567
37 3 1.014241 0.040336 0.001070
37 4 1.014315 0.050558 0.001704
37 5 1.014385 0.060116 0.002447
37 6 1.014451 0.068963 0.003271
37 7 1.014516 0.077057 0.004149
37 8 1.014579 0.084362 0.005051
37 9 1.014641 0.090853 0.005947
37 10 1.014703 0.096518 0.006810
37 11 1.014765 0.101358 0.007611
37 12 1.014828 0.105390 0.008326
37 13 1.014890 0.108645 0.008936
37 14 1.014953 0.111166 0.009424
37 15 1.015014 0.113009 0.009779
37 16 1.015075 0.114239 0.009994
37 17 1.015134 0.114926 0.010066
37 18 1.015191 0.115146 0.009998
37 19 1.015245 0.114977 0.009793
37 20 1.015296 0.114497 0.009461
37 21 1.015343 0.113780 0.009010
37 22 1.015387 0.112896 0.008451
37 23 1.015427 0.111912 0.007797
37 24 1.015462 0.110888 0.007060
37 25 1.015493 0.109877 0.006252
37 26 1.015520 0.108926 0.005384
37 27 1.015542 0.108074 0.004468
37 28 1.015560 0.107353 0.003513
37 29 1.015574 0.106790 0.002530
37 30 1.015583 0.106404 0.001526
37 31 1.015587 0.106208 0.000510
37 32 1.015587 0.106208 -0.000510
37 33 1.015583 0.106404 -0.001526
37 34 1.015574 0.106790 -0.002530
37 35 1.015560 0.107353 -0.003513
37 36 1.015542 0.108074 -0.004468
37 37 1.015520 0.108926 -0.005384
37 38 1.015493 0.109877 -0.006252
37 39 1.015462 0.110888 -0.007060
37 40 1.015427 0.111912 -0.007797
37 41 1.015387 0.112896 -0.008451
37 42 1.015343 0.113780 -0.009010
37 43 1.015296 0.114497 -0.009461
37 44 1.015245 0.114977 -0.009793
37 45 1.015191 0.115146 -0.009998
37 46 1.015134 0.114926 -0.010066
37 47 1.015075 0.114239 -0.009994
37 48 1.015014 0.113009 -0.009779
37 49 1.014953 0.111166 -0.009424
37 50 1.014890 0.108645 -0.008936
37 51 1.014828 0.105390 -0.008326
37 52 1.014765 0.101358 -0.007611
37 53 1.014703 0.096518 -0.006810
37 54 1.014641 0.090853 -0.005947
37 55 1.014579 0.084362 -0.005051
37 56 1.014516 0.077057 -0.004149
37 57 1.014451 0.068963 -0.003271
37 58 1.014385 0.060116 -0.002447
37 59 1.014315 0.050558 -0.001704
37 60 1.014241 0.040336 -0.001070
37 61 1.014162 0.029501 -0.000567
37 62 1.014078 0.018098 -0.000215
37 63 1.013987 0.006171 -0.000032
38 0 1.013747 0.006081 0.000030
38 1 1.013832 0.017841 0.000201
38 2 1.013912 0.029090 0.000532
38 3 1.013986 0.039790 0.001006
38 4 1.014056 0.049897 0.001604
38 5 1.014123 0.059365 0.002305
38 6 1.014187 0.068147 0.003086
38 7 1.014249 0.076204 0.003920
38 8 1.014310 0.083500 0.004780
38 9 1.014371 0.090010 0.005639
38 10 1.014432 0.095722 0.006468
38 11 1.014493 0.100634 0.007243
38 12 1.014555 0.104759 0.007940
38 13 1.014618 0.108126 0.008539
38 14 1.014680 0.110772 0.009024
38 15 1.014743 0.112749 0.009384
38 16 1.014804 0.114117 0.009611
38 17 1.014864 0.114944 0.009701
38 18 1.014923 0.115301 0.009654
38 19 1.014978 0.115263 0.009476
38 20 1.015031 0.114905 0.009171
38 21 1.015081 0.114300 0.008750
38 22 1.015126 0.113518 0.008222
38 23 1.015168 0.112623 0.007598
38 24 1.015206 0.111677 0.006889
38 25 1.015238 0.110731 0.006109
38 26 1.015267 0.109834 0.005267
38 27 1.015291 0.109026 0.004375
38 28 1.015310 0.108339 0.003443
38 29 1.015324 0.107801 0.002480
38 30 1.015333 0.107432 0.001496
38 31 1.015338 0.107244 0.000500
38 32 1.015338 0.107244 -0.000500
38 33 1.015333 0.107432 -0.001496
38 34 1.015324 0.107801 -0.002480
38 35 1.015310 0.108339 -0.003443
38 36 1.015291 0.109026 -0.004375
38 37 1.015267 0.109834 -0.005267
38 38 1.015238 0.110731 -0.006109
38 39 1.015206 0.111677 -0.006889
38 40 1.015168 0.112623 -0.007598
38 41 1.015126 0.113518 -0.008222
38 42 1.015081 0.114300 -0.008750
38 43 1.015031 0.114905 -0.009171
38 44 1.014978 0.115263 -0.009476
38 45 1.014923 0.115301 -0.009654
38 46 1.014864 0.114944 -0.009701
38 47 1.014804 0.114117 -0.009611
38 48 1.014743 0.112749 -0.009384
38 49 1.014680 0.110772 -0.009024
38 50 1.014618 0.108126 -0.008539
38 51 1.014555 0.104759 -0.007940
38 52 1.014493 0.100634 -0.007243
38 53 1.014432 0.095722 -0.006468
38 54 1.014371 0.090010 -0.005639
38 55 1.014310 0.083500 -0.004780
38 56 1.014249 0.076204 -0.003920
38 57 1.014187 0.068147 -0.003086
38 58 1.014123 0.059365 -0.002305
38 59 1.014056 0.049897 -0.001604
38 60 1.013986 0.039790 -0.001006
38 61 1.013912 0.029090 -0.000532
38 62 1.013832 0.017841 -0.000201
38 63 1.013747 0.006081 -0.000030
39 0 1.013513 0.005997 0.000028
39 1 1.013593 0.017599 0.000189
39 2 1.013668 0.028705 0.000500
39 3 1.013738 0.039277 0.000946
39 4 1.013804 0.049274 0.001510
39 5 1.013868 0.058654 0.002173
39 6 1.013929 0.067373 0.002912
39 7 1.013989 0.075392 0.003705
39 8 1.014048 0.082677 0.004525
39 9 1.014107 0.089202 0.005346
39 10 1.014167 0.094955 0.006143
39 11 1.014227 0.099932 0.006891
39 12 1.014289 0.104143 0.007569
39 13 1.014351 0.107613 0.008156
39 14 1.014413 0.110377 0.008636
39 15 1.014475 0.112481 0.008999
39 16 1.014537 0.113982 0.009234
39 17 1.014598 0.114943 0.009339
39 18 1.014657 0.115433 0.009313
39 19 1.014714 0.115523 0.009158
39 20 1.014769 0.115285 0.008880
39 21 1.014819 0.114792 0.008487
39 22 1.014867 0.114110 0.007987
39 23 1.014910 0.113306 0.007392
39 24 1.014949 0.112437 0.006713
39 25 1.014983 0.111559 0.005959
39 26 1.015013 0.110718 0.005144
39 27 1.015038 0.109955 0.004276
39 28 1.015058 0.109304 0.003368
39 29 1.015073 0.108792 0.002427
39 30 1.015083 0.108439 0.001465
39 31 1.015088 0.108260 0.000490
39 32 1.015088 0.108260 -0.000490
39 33 1.015083 0.108439 -0.001465
39 34 1.015073 0.108792 -0.002427
39 35 1.015058 0.109304 -0.003368
39 36 1.015038 0.109955 -0.004276
39 37 1.015013 0.110718 -0.005144
39 38 1.014983 0.111559 -0.005959
39 39 1.014949 0.112437 -0.006713
39 40 1.014910 0.113306 -0.007392
39 41 1.014867 0.114110 -0.007987
39 42 1.014819 0.114792 -0.008487
39 43 1.014769 0.115285 -0.008880
39 44 1.014714 0.115523 -0.009158
39 45 1.014657 0.115433 -0.009313
39 46 1.014598 0.114943 -0.009339
39 47 1.014537 0.113982 -0.009234
39 48 1.014475 0.112481 -0.008999
39 49 1.014413 0.110377 -0.008636
39 50 1.014351 0.107613 -0.008156
39 51 1.014289 0.104143 -0.007569
39 52 1.014227 0.099932 -0.006891
39 53 1.014167 0.094955 -0.006143
39 54 1.014107 0.089202 -0.005346
39 55 1.014048 0.082677 -0.004525
39 56 1.013989 0.075392 -0.003705
39 57 1.013929 0.067373 -0.002912
39 58 1.013868 0.058654 -0.002173
39 59 1.013804 0.049274 -0.001510
39 60 1.013738 0.039277 -0.000946
39 61 1.013668 0.028705 -0.000500
39 62 1.013593 0.017599 -0.000189
39 63 1.013513 0.005997 -0.000028
40 0 1.013284 0.005919 0.000026
40 1 1.013359 0.017372 0.000178
40 2 1.013429 0.028342 0.000470
40 3 1.013496 0.038793 0.000890
40 4 1.013559 0.048687 0.001422
40 5 1.013619 0.057982 0.002049
40 6 1.013678 0.066639 0.002750
40 7 1.013735 0.074620 0.003502
40 8 1.013792 0.081891 0.004284
40 9 1.013850 0.088429 0.005069
40 10 1.013908 0.094217 0.005834
40 11 1.013967 0.099252 0.006556
40 12 1.014027 0.103543 0.007213
40 13 1.014088 0.107109 0.007787
40 14 1.014150 0.109983 0.008261
40 15 1.014213 0.112207 0.008624
40 16 1.014274 0.113835 0.008866
40 17 1.014336 0.114925 0.008984
40 18 1.014395 0.115543 0.008975
40 19 1.014453 0.115758 0.008842
40 20 1.014508 0.115639 0.008589
40 21 1.014560 0.115255 0.008222
40 22 1.014608 0.114674 0.007750
40 23 1.014652 0.113959 0.007183
40 24 1.014692 0.113170 0.006531
40 25 1.014728 0.112360 0.005805
40 26 1.014758 0.111576 0.005016
40 27 1.014784 0.110860 0.004174
40 28 1.014805 0.110245 0.003289
40 29 1.014821 0.109760 0.002372
40 30 1.014831 0.109426 0.001432
40 31 1.014836 0.109255 0.000479
40 32 1.014836 0.109255 -0.000479
40 33 1.014831 0.109426 -0.001432
40 34 1.014821 0.109760 -0.002372
40 35 1.014805 0.110245 -0.003289
40 36 1.014784 0.110860 -0.004174
40 37 1.014758 0.111576 -0.005016
40 38 1.014728 0.112360 -0.005805
40 39 1.014692 0.113170 -0.006531
40 40 1.014652 0.113959 -0.007183
40 41 1.014608 0.114674 -0.007750
40 42 1.014560 0.115255 -0.008222
40 43 1.014508 0.115639 -0.008589
40 44 1.014453 0.115758 -0.008842
40 45 1.014395 0.115543 -0.008975
40 46 1.014336 0.114925 -0.008984
40 47 1.014274 0.113835 -0.008866
40 48 1.014213 0.112207 -0.008624
40 49 1.014150 0.109983 -0.008261
40 50 1.014088 0.107109 -0.007787
40 51 1.014027 0.103543 -0.007213
40 52 1.013967 0.099252 -0.006556
40 53 1.013908 0.094217 -0.005834
40 54 1.013850 0.088429 -0.005069
40 55 1.013792 0.081891 -0.004284
40 56 1.013735 0.074620 -0.003502
40 57 1.013678 0.066639 -0.002750
40 58 1.013619 0.057982 -0.002049
40 59 1.013559 0.048687 -0.001422
40 60 1.013496 0.038793 -0.000890
40 61 1.013429 0.028342 -0.000470
40 62 1.013359 0.017372 -0.000178
40 63 1.013284 0.005919 -0.000026
41 0 1.013059 0.005845 0.000024
41 1 1.013130 0.017159 0.000167
41 2 1.013196 0.028000 0.000442
41 3 1.013259 0.038337 0.000837
41 4 1.013319 0.048132 0.001340
41 5 1.013376 0.057347 0.001932
41 6 1.013432 0.065944 0.002597
41 7 1.013487 0.073886 0.003312
41 8 1.013542 0.081142 0.004056
41 9 1.013598 0.087688 0.004806
41 10 1.013654 0.093507 0.005540
41 11 1.013712 0.098596 0.006236
41 12 1.013771 0.102959 0.006872
41 13 1.013831 0.106615 0.007432
41 14 1.013892 0.109592 0.007898
41 15 1.013954 0.111930 0.008260
41 16 1.014015 0.113679 0.008508
41 17 1.014076 0.114893 0.008636
41 18 1.014136 0.115635 0.008643
41 19 1.014194 0.115970 0.008529
41 20 1.014249 0.115967 0.008298
41 21 1.014302 0.115692 0.007956
41 22 1.014351 0.115210 0.007511
41 23 1.014396 0.114585 0.006971
41 24 1.014437 0.113876 0.006346
41 25 1.014473 0.113134 0.005647
41 26 1.014504 0.112408 0.004884
41 27 1.014531 0.111740 0.004068
41 28 1.014552 0.111163 0.003208
41 29 1.014568 0.110706 0.002315
41 30 1.014579 0.110390 0.001398
41 31 1.014584 0.110228 0.000468
41 32 1.014584 0.110228 -0.000468
41 33 1.014579 0.110390 -0.001398
41 34 1.014568 0.110706 -0.002315
41 35 1.014552 0.111163 -0.003208
41 36 1.014531 0.111740 -0.004068
41 37 1.014504 0.112408 -0.004884
41 38 1.014473 0.113134 -0.005647
41 39 1.014437 0.113876 -0.006346
41 40 1.014396 0.114585 -0.006971
41 41 1.014351 0.115210 -0.007511
41 42 1.014302 0.115692 -0.007956
41 43 1.014249 0.115967 -0.008298
41 44 1.014194 0.115970 -0.008529
41 45 1.014136 0.115635 -0.008643
41 46 1.014076 0.114893 -0.008636
41 47 1.014015 0.113679 -0.008508
41 48 1.013954 0.111930 -0.008260
41 49 1.013892 0.109592 -0.007898
41 50 1.013831 0.106615 -0.007432
41 51 1.013771 0.102959 -0.006872
41 52 1.013712 0.098596 -0.006236
41 53 1.013654 0.093507 -0.005540
41 54 1.013598 0.087688 -0.004806
41 55 1.013542 0.081142 -0.004056
41 56 1.013487 0.073886 -0.003312
41 57 1.013432 0.065944 -0.002597
41 58 1.013376 0.057347 -0.001932
41 59 1.013319 0.048132 -0.001340
41 60 1.013259 0.038337 -0.000837
41 61 1.013196 0.028000 -0.000442
41 62 1.013130 0.017159 -0.000167
41 63 1.013059 0.005845 -0.000024
42 0 1.012839 0.005776 0.000023
42 1 1.012905 0.016959 0.000157
42 2 1.012968 0.027679 0.000416
42 3 1.013028 0.037907 0.000789
42 4 1.013084 0.047607 0.001263
42 5 1.013139 0.056745 0.001824
42 6 1.013192 0.065284 0.002453
42 7 1.013245 0.073188 0.003132
42 8 1.013298 0.080428 0.003841
42 9 1.013352 0.086979 0.004558
42 10 1.013406 0.092826 0.005261
42 11 1.013462 0.097962 0.005931
42 12 1.013520 0.102392 0.006547
42 13 1.013579 0.106131 0.007091
42 14 1.013639 0.109206 0.007549
42 15 1.013699 0.111652 0.007908
42 16 1.013760 0.113515 0.008159
42 17 1.013821 0.114848 0.008296
42 18 1.013880 0.115709 0.008316
42 19 1.013938 0.116162 0.008220
42 20 1.013993 0.116272 0.008011
42 21 1.014046 0.116103 0.007692
42 22 1.014095 0.115720 0.007272
42 23 1.014141 0.115185 0.006758
42 24 1.014182 0.114554 0.006160
42 25 1.014219 0.113882 0.005487
42 26 1.014251 0.113215 0.004750
42 27 1.014277 0.112595 0.003959
42 28 1.014299 0.112057 0.003124
42 29 1.014315 0.111628 0.002256
42 30 1.014326 0.111331 0.001363
42 31 1.014332 0.111178 0.000456
42 32 1.014332 0.111178 -0.000456
42 33 1.014326 0.111331 -0.001363
42 34 1.014315 0.111628 -0.002256
42 35 1.014299 0.112057 -0.003124
42 36 1.014277 0.112595 -0.003959
42 37 1.014251 0.113215 -0.004750
42 38 1.014219 0.113882 -0.005487
42 39 1.014182 0.114554 -0.006160
42 40 1.014141 0.115185 -0.006758
42 41 1.014095 0.115720 -0.007272
42 42 1.014046 0.116103 -0.007692
42 43 1.013993 0.116272 -0.008011
42 44 1.013938 0.116162 -0.008220
42 45 1.013880 0.115709 -0.008316
42 46 1.013821 0.114848 -0.008296
42 47 1.013760 0.113515 -0.008159
42 48 1.013699 0.111652 -0.007908
42 49 1.013639 0.109206 -0.007549
42 50 1.013579 0.106131 -0.007091
42 51 1.013520 0.102392 -0.006547
42 52 1.013462 0.097962 -0.005931
42 53 1.013406 0.092826 -0.005261
42 54 1.013352 0.086979 -0.004558
42 55 1.013298 0.080428 -0.003841
42 56 1.013245 0.073188 -0.003132
42 57 1.013192 0.065284 -0.002453
42 58 1.013139 0.056745 -0.001824
42 59 1.013084 0.047607 -0.001263
42 60 1.013028 0.037907 -0.000789
42 61 1.012968 0.027679 -0.000416
42 62 1.012905 0.016959 -0.000157
42 63 1.012839 0.005776 -0.000023
43 0 1.012623 0.005711 0.000022
43 1 1.012685 0.016770 0.000148
43 2 1.012744 0.027376 0.000392
43 3 1.012800 0.037501 0.000743
43 4 1.012854 0.047112 0.001191
43 5 1.012906 0.056176 0.001722
43 6 1.012957 0.064658 0.002318
43 7 1.013008 0.072525 0.002963
43 8 1.013058 0.079747 0.003638
43 9 1.013110 0.086301 0.004323
43 10 1.013163 0.092172 0.004997
43 11 1.013217 0.097351 0.005641
43 12 1.013273 0.101843 0.006236
43 13 1.013331 0.105660 0.006764
43 14 1.013389 0.108825 0.007213
43 15 1.013449 0.111373 0.007568
43 16 1.013509 0.113345 0.007821
43 17 1.013568 0.114792 0.007965
43 18 1.013627 0.115769 0.007997
43 19 1.013684 0.116336 0.007917
43 20 1.013740 0.116555 0.007727
43 21 1.013792 0.116491 0.007430
43 22 1.013842 0.116205 0.007034
43 23 1.013887 0.115758 0.006545
43 24 1.013929 0.115207 0.005972
43 25 1.013966 0.114604 0.005326
43 26 1.013998 0.113996 0.004615
43 27 1.014025 0.113425 0.003849
43 28 1.014047 0.112926 0.003039
43 29 1.014063 0.112526 0.002195
43 30 1.014074 0.112248 0.001327
43 31 1.014080 0.112105 0.000444
43 32 1.014080 0.112105 -0.000444
43 33 1.014074 0.112248 -0.001327
43 34 1.014063 0.112526 -0.002195
43 35 1.014047 0.112926 -0.003039
43 36 1.014025 0.113425 -0.003849
43 37 1.013998 0.113996 -0.004615
43 38 1.013966 0.114604 -0.005326
43 39 1.013929 0.115207 -0.005972
43 40 1.013887 0.115758 -0.006545
43 41 1.013842 0.116205 -0.007034
43 42 1.013792 0.116491 -0.007430
43 43 1.013740 0.116555 -0.007727
43 44 1.013684 0.116336 -0.007917
43 45 1.013627 0.115769 -0.007997
43 46 1.013568 0.114792 -0.007965
43 47 1.013509 0.113345 -0.007821
43 48 1.013449 0.111373 -0.007568
43 49 1.013389 0.108825 -0.007213
43 50 1.013331 0.105660 -0.006764
43 51 1.013273 0.101843 -0.006236
43 52 1.013217 0.097351 -0.005641
43 53 1.013163 0.092172 -0.004997
43 54 1.013110 0.086301 -0.004323
43 55 1.013058 0.079747 -0.003638
43 56 1.013008 0.072525 -0.002963
43 57 1.012957 0.064658 -0.002318
43 58 1.012906 0.056176 -0.001722
43 59 1.012854 0.047112 -0.001191
43 60 1.012800 0.037501 -0.000743
43 61 1.012744 0.027376 -0.000392
43 62 1.012685 0.016770 -0.000148
43 63 1.012623 0.005711 -0.000022
44 0 1.012410 0.005650 0.000020
44 1 1.012469 0.016593 0.000139
44 2 1.012524 0.027091 0.000369
44 3 1.012578 0.037118 0.000701
44 4 1.012629 0.046645 0.001124
44 5 1.012678 0.055638 0.001626
44 6 1.012727 0.064065 0.002192
44 7 1.012775 0.071894 0.002805
44 8 1.012824 0.079098 0.003447
44 9 1.012873 0.085653 0.004101
44 10 1.012924 0.091544 0.004746
44 11 1.012977 0.096763 0.005365
44 12 1.013031 0.101311 0.005939
44 13 1.013087 0.105200 0.006452
44 14 1.013144 0.108452 0.006890
44 15 1.013202 0.111095 0.007240
44 16 1.013261 0.113172 0.007493
44 17 1.013319 0.114727 0.007643
44 18 1.013377 0.115815 0.007686
44 19 1.013434 0.116492 0.007620
44 20 1.013489 0.116818 0.007447
44 21 1.013541 0.116856 0.007171
44 22 1.013590 0.116666 0.006797
44 23 1.013635 0.116307 0.006333
44 24 1.013677 0.115834 0.005785
44 25 1.013714 0.115300 0.005164
44 26 1.013746 0.114752 0.004478
44 27 1.013773 0.114230 0.003738
44 28 1.013795 0.113770 0.002953
44 29 1.013812 0.113400 0.002134
44 30 1.013823 0.113141 0.001290
44 31 1.013829 0.113008 0.000432
44 32 1.013829 0.113008 -0.000432
44 33 1.013823 0.113141 -0.001290
44 34 1.013812 0.113400 -0.002134
44 35 1.013795 0.113770 -0.002953
44 36 1.013773 0.114230 -0.003738
44 37 1.013746 0.114752 -0.004478
44 38 1.013714 0.115300 -0.005164
44 39 1.013677 0.115834 -0.005785
44 40 1.013635 0.116307 -0.006333
44 41 1.013590 0.116666 -0.006797
44 42 1.013541 0.116856 -0.007171
44 43 1.013489 0.116818 -0.007447
44 44 1.013434 0.116492 -0.007620
44 45 1.013377 0.115815 -0.007686
44 46 1.013319 0.114727 -0.007643
44 47 1.013261 0.113172 -0.007493
44 48 1.013202 0.111095 -0.007240
44 49 1.013144 0.108452 -0.006890
44 50 1.013087 0.105200 -0.006452
44 51 1.013031 0.101311 -0.005939
44 52 1.012977 0.096763 -0.005365
44 53 1.012924 0.091544 -0.004746
44 54 1.012873 0.085653 -0.004101
44 55 1.012824 0.079098 -0.003447
44 56 1.012775 0.071894 -0.002805
44 57 1.012727 0.064065 -0.002192
44 58 1.012678 0.055638 -0.001626
44 59 1.012629 0.046645 -0.001124
44 60 1.012578 0.037118 -0.000701
44 61 1.012524 0.027091 -0.000369
44 62 1.012469 0.016593 -0.000139
44 63 1.012410 0.005650 -0.000020
45 0 1.012200 0.005592 0.000019
45 1 1.012255 0.016426 0.000131
45 2 1.012308 0.026822 0.000348
45 3 1.012359 0.036757 0.000661
45 4 1.012407 0.046203 0.001062
45 5 1.012454 0.055128 0.001537
45 6 1.012500 0.063502 0.002073
45 7 1.012546 0.071295 0.002655
45 8 1.012593 0.078480 0.003267
45 9 1.012641 0.085035 0.003891
45 10 1.012690 0.090943 0.004509
45 11 1.012740 0.096198 0.005103
45 12 1.012793 0.100798 0.005656
45 13 1.012847 0.104754 0.006153
45 14 1.012902 0.108085 0.006580
45 15 1.012959 0.110820 0.006925
45 16 1.013016 0.112995 0.007177
45 17 1.013074 0.114654 0.007331
45 18 1.013131 0.115848 0.007383
45 19 1.013186 0.116632 0.007330
45 20 1.013240 0.117063 0.007173
45 21 1.013292 0.117200 0.006916
45 22 1.013340 0.117104 0.006564
45 23 1.013385 0.116831 0.006122
45 24 1.013427 0.116436 0.005599
45 25 1.013464 0.115971 0.005002
45 26 1.013496 0.115482 0.004341
45 27 1.013523 0.115010 0.003626
45 28 1.013545 0.114589 0.002867
45 29 1.013562 0.114248 0.002073
45 30 1.013573 0.114009 0.001253
45 31 1.013578 0.113886 0.000419
45 32 1.013578 0.113886 -0.000419
45 33 1.013573 0.114009 -0.001253
45 34 1.013562 0.114248 -0.002073
45 35 1.013545 0.114589 -0.002867
45 36 1.013523 0.115010 -0.003626
45 37 1.013496 0.115482 -0.004341
45 38 1.013464 0.115971 -0.005002
45 39 1.013427 0.116436 -0.005599
45 40 1.013385 0.116831 -0.006122
45 41 1.013340 0.117104 -0.006564
45 42 1.013292 0.117200 -0.006916
45 43 1.013240 0.117063 -0.007173
45 44 1.013186 0.116632 -0.007330
45 45 1.013131 0.115848 -0.007383
45 46 1.013074 0.114654 -0.007331
45 47 1.013016 0.112995 -0.007177
45 48 1.012959 0.110820 -0.006925
45 49 1.012902 0.108085 -0.006580
45 50 1.012847 0.104754 -0.006153
45 51 1.012793 0.100798 -0.005656
45 52 1.012740 0.096198 -0.005103
45 53 1.012690 0.090943 -0.004509
45 54 1.012641 0.085035 -0.003891
45 55 1.012593 0.078480 -0.003267
45 56 1.012546 0.071295 -0.002655
45 57 1.012500 0.063502 -0.002073
45 58 1.012454 0.055128 -0.001537
45 59 1.012407 0.046203 -0.001062
45 60 1.012359 0.036757 -0.000661
45 61 1.012308 0.026822 -0.000348
45 62 1.012255 0.016426 -0.000131
45 63 1.012200 0.005592 -0.000019
46 0 1.011993 0.005538 0.000018
46 1 1.012045 0.016268 0.000124
46 2 1.012095 0.026569 0.000328
46 3 1.012143 0.036416 0.000625
46 4 1.012189 0.045785 0.001003
46 5 1.012234 0.054645 0.001453
46 6 1.012278 0.062968 0.001962
46 7 1.012322 0.070726 0.002515
46 8 1.012366 0.077891 0.003097
46 9 1.012412 0.084444 0.003693
46 10 1.012459 0.090368 0.004284
46 11 1.012508 0.095654 0.004854
46 12 1.012558 0.100302 0.005387
46 13 1.012611 0.104321 0.005868
46 14 1.012665 0.107728 0.006284
46 15 1.012720 0.110548 0.006621
46 16 1.012775 0.112817 0.006872
46 17 1.012831 0.114575 0.007030
46 18 1.012887 0.115872 0.007088
46 19 1.012942 0.116758 0.007047
46 20 1.012995 0.117290 0.006905
46 21 1.013045 0.117525 0.006666
46 22 1.013093 0.117520 0.006334
46 23 1.013138 0.117332 0.005914
46 24 1.013179 0.117014 0.005414
46 25 1.013215 0.116617 0.004841
46 26 1.013247 0.116187 0.004205
46 27 1.013274 0.115764 0.003515
46 28 1.013296 0.115383 0.002780
46 29 1.013313 0.115073 0.002011
46 30 1.013324 0.114853 0.001216
46 31 1.013329 0.114740 0.000407
46 32 1.013329 0.114740 -0.000407
46 33 1.013324 0.114853 -0.001216
46 34 1.013313 0.115073 -0.002011
46 35 1.013296 0.115383 -0.002780
46 36 1.013274 0.115764 -0.003515
46 37 1.013247 0.116187 -0.004205
46 38 1.013215 0.116617 -0.004841
46 39 1.013179 0.117014 -0.005414
46 40 1.013138 0.117332 -0.005914
46 41 1.013093 0.117520 -0.006334
46 42 1.013045 0.117525 -0.006666
46 43 1.012995 0.117290 -0.006905
46 44 1.012942 0.116758 -0.007047
46 45 1.012887 0.115872 -0.007088
46 46 1.012831 0.114575 -0.007030
46 47 1.012775 0.112817 -0.006872
46 48 1.012720 0.110548 -0.006621
46 49 1.012665 0.107728 -0.006284
46 50 1.012611 0.104321 -0.005868
46 51 1.012558 0.100302 -0.005387
46 52 1.012508 0.095654 -0.004854
46 53 1.012459 0.090368 -0.004284
46 54 1.012412 0.084444 -0.003693
46 55 1.012366 0.077891 -0.003097
46 56 1.012322 0.070726 -0.002515
46 57 1.012278 0.062968 -0.001962
46 58 1.012234 0.054645 -0.001453
46 59 1.012189 0.045785 -0.001003
46 60 1.012143 0.036416 -0.000625
46 61 1.012095 0.026569 -0.000328
46 62 1.012045 0.016268 -0.000124
46 63 1.011993 0.005538 -0.000018
47 0 1.011789 0.005487 0.000017
47 1 1.011838 0.016120 0.000117
47 2 1.011886 0.026329 0.000310
47 3 1.011931 0.036094 0.000590
47 4 1.011974 0.045389 0.000948
47 5 1.012017 0.054188 0.001375
47 6 1.012059 0.062462 0.001857
47 7 1.012101 0.070184 0.002383
47 8 1.012143 0.077331 0.002938
47 9 1.012187 0.083880 0.003505
47 10 1.012232 0.089816 0.004071
47 11 1.012279 0.095132 0.004618
47 12 1.012328 0.099824 0.005131
47 13 1.012378 0.103901 0.005596
47 14 1.012430 0.107378 0.006000
47 15 1.012484 0.110280 0.006331
47 16 1.012538 0.112638 0.006579
47 17 1.012592 0.114491 0.006738
47 18 1.012646 0.115886 0.006803
47 19 1.012700 0.116871 0.006772
47 20 1.012752 0.117501 0.006644
47 21 1.012801 0.117830 0.006422
47 22 1.012848 0.117915 0.006108
47 23 1.012892 0.117810 0.005709
47 24 1.012932 0.117569 0.005231
47 25 1.012969 0.117239 0.004682
47 26 1.013000 0.116868 0.004070
47 27 1.013027 0.116494 0.003404
47 28 1.013049 0.116153 0.002694
47 29 1.013065 0.115872 0.001949
47 30 1.013076 0.115673 0.001179
47 31 1.013082 0.115569 0.000395
47 32 1.013082 0.115569 -0.000395
47 33 1.013076 0.115673 -0.001179
47 34 1.013065 0.115872 -0.001949
47 35 1.013049 0.116153 -0.002694
47 36 1.013027 0.116494 -0.003404
47 37 1.013000 0.116868 -0.004070
47 38 1.012969 0.117239 -0.004682
47 39 1.012932 0.117569 -0.005231
47 40 1.012892 0.117810 -0.005709
47 41 1.012848 0.117915 -0.006108
47 42 1.012801 0.117830 -0.006422
47 43 1.012752 0.117501 -0.006644
47 44 1.012700 0.116871 -0.006772
47 45 1.012646 0.115886 -0.006803
47 46 1.012592 0.114491 -0.006738
47 47 1.012538 0.112638 -0.006579
47 48 1.012484 0.110280 -0.006331
47 49 1.012430 0.107378 -0.006000
47 50 1.012378 0.103901 -0.005596
47 51 1.012328 0.099824 -0.005131
47 52 1.012279 0.095132 -0.004618
47 53 1.012232 0.089816 -0.004071
47 54 1.012187 0.083880 -0.003505
47 55 1.012143 0.077331 -0.002938
47 56 1.012101 0.070184 -0.002383
47 57 1.012059 0.062462 -0.001857
47 58 1.012017 0.054188 -0.001375
47 59 1.011974 0.045389 -0.000948
47 60 1.011931 0.036094 -0.000590
47 61 1.011886 0.026329 -0.000310
47 62 1.011838 0.016120 -0.000117
47 63 1.011789 0.005487 -0.000017
48 0 1.011587 0.005439 0.000016
48 1 1.011634 0.015980 0.000110
48 2 1.011679 0.026103 0.000293
48 3 1.011721 0.035790 0.000558
48 4 1.011763 0.045015 0.000897
48 5 1.011803 0.053754 0.001301
48 6 1.011843 0.061981 0.001759
48 7 1.011883 0.069670 0.002259
48 8 1.011924 0.076797 0.002787
48 9 1.011965 0.083341 0.003329
48 10 1.012009 0.089289 0.003870
48 11 1.012054 0.094630 0.004394
48 12 1.012100 0.099364 0.004888
48 13 1.012149 0.103495 0.005337
48 14 1.012199 0.107039 0.005729
48 15 1.012251 0.110017 0.006052
48 16 1.012303 0.112459 0.006297
48 17 1.012356 0.114403 0.006457
48 18 1.012409 0.115892 0.006528
48 19 1.012461 0.116973 0.006505
48 20 1.012511 0.117697 0.006390
48 21 1.012560 0.118118 0.006183
48 22 1.012606 0.118291 0.005887
48 23 1.012649 0.118268 0.005508
48 24 1.012689 0.118101 0.005052
48 25 1.012724 0.117838 0.004525
48 26 1.012755 0.117525 0.003936
48 27 1.012782 0.117200 0.003294
48 28 1.012803 0.116898 0.002608
48 29 1.012819 0.116647 0.001888
48 30 1.012830 0.116467 0.001143
48 31 1.012836 0.116374 0.000383
48 32 1.012836 0.116374 -0.000383
48 33 1.012830 0.116467 -0.001143
48 34 1.012819 0.116647 -0.001888
48 35 1.012803 0.116898 -0.002608
48 36 1.012782 0.117200 -0.003294
48 37 1.012755 0.117525 -0.003936
48 38 1.012724 0.117838 -0.004525
48 39 1.012689 0.118101 -0.005052
48 40 1.012649 0.118268 -0.005508
48 41 1.012606 0.118291 -0.005887
48 42 1.012560 0.118118 -0.006183
48 43 1.012511 0.117697 -0.006390
48 44 1.012461 0.116973 -0.006505
48 45 1.012409 0.115892 -0.006528
48 46 1.012356 0.114403 -0.006457
48 47 1.012303 0.112459 -0.006297
48 48 1.012251 0.110017 -0.006052
48 49 1.012199 0.107039 -0.005729
48 50 1.012149 0.103495 -0.005337
48 51 1.012100 0.099364 -0.004888
48 52 1.012054 0.094630 -0.004394
48 53 1.012009 0.089289 -0.003870
48 54 1.011965 0.083341 -0.003329
48 55 1.011924 0.076797 -0.002787
48 56 1.011883 0.069670 -0.002259
48 57 1.011843 0.061981 -0.001759
48 58 1.011803 0.053754 -0.001301
48 59 1.011763 0.045015 -0.000897
48 60 1.011721 0.035790 -0.000558
48 61 1.011679 0.026103 -0.000293
48 62 1.011634 0.015980 -0.000110
48 63 1.011587 0.005439 -0.000016
49 0 1.011388 0.005393 0.000015
49 1 1.011432 0.015847 0.000104
49 2 1.011474 0.025890 0.000277
49 3 1.011515 0.035501 0.000528
49 4 1.011554 0.044661 0.000849
49 5 1.011592 0.053344 0.001232
49 6 1.011630 0.061525 0.001667
49 7 1.011668 0.069181 0.002142
49 8 1.011707 0.076288 0.002645
49 9 1.011747 0.082828 0.003162
49 10 1.011789 0.088784 0.003679
49 11 1.011832 0.094150 0.004182
49 12 1.011877 0.098921 0.004657
49 13 1.011923 0.103103 0.005090
49 14 1.011972 0.106708 0.005470
49 15 1.012021 0.109759 0.005785
49 16 1.012072 0.112282 0.006026
49 17 1.012123 0.114312 0.006187
49 18 1.012174 0.115891 0.006261
49 19 1.012225 0.117064 0.006247
49 20 1.012274 0.117879 0.006143
49 21 1.012321 0.118390 0.005950
49 22 1.012366 0.118648 0.005671
49 23 1.012409 0.118705 0.005311
49 24 1.012447 0.118611 0.004875
49 25 1.012482 0.118414 0.004370
49 26 1.012513 0.118158 0.003804
49 27 1.012538 0.117882 0.003186
49 28 1.012560 0.117619 0.002524
49 29 1.012576 0.117397 0.001827
49 30 1.012586 0.117238 0.001106
49 31 1.012592 0.117154 0.000370
49 32 1.012592 0.117154 -0.000370
49 33 1.012586 0.117238 -0.001106
49 34 1.012576 0.117397 -0.001827
49 35 1.012560 0.117619 -0.002524
49 36 1.012538 0.117882 -0.003186
49 37 1.012513 0.118158 -0.003804
49 38 1.012482 0.118414 -0.004370
49 39 1.012447 0.118611 -0.004875
49 40 1.012409 0.118705 -0.005311
49 41 1.012366 0.118648 -0.005671
49 42 1.012321 0.118390 -0.005950
49 43 1.012274 0.117879 -0.006143
49 44 1.012225 0.117064 -0.006247
49 45 1.012174 0.115891 -0.006261
49 46 1.012123 0.114312 -0.006187
49 47 1.012072 0.112282 -0.006026
49 48 1.012021 0.109759 -0.005785
49 49 1.011972 0.106708 -0.005470
49 50 1.011923 0.103103 -0.005090
49 51 1.011877 0.098921 -0.004657
49 52 1.011832 0.094150 -0.004182
49 53 1.011789 0.088784 -0.003679
49 54 1.011747 0.082828 -0.003162
49 55 1.011707 0.076288 -0.002645
49 56 1.011668 0.069181 -0.002142
49 57 1.011630 0.061525 -0.001667
49 58 1.011592 0.053344 -0.001232
49 59 1.011554 0.044661 -0.000849
49 60 1.011515 0.035501 -0.000528
49 61 1.011474 0.025890 -0.000277
49 62 1.011432 0.015847 -0.000104
49 63 1.011388 0.005393 -0.000015
50 0 1.011191 0.005350 0.000014
50 1 1.011232 0.015722 0.000098
50 2 1.011272 0.025688 0.000262
50 3 1.011311 0.035229 0.000499
50 4 1.011348 0.044325 0.000804
50 5 1.011384 0.052954 0.001168
50 6 1.011420 0.061092 0.001581
50 7 1.011457 0.068716 0.002033
50 8 1.011494 0.075804 0.002512
50 9 1.011532 0.082337 0.003005
50 10 1.011571 0.088302 0.003499
50 11 1.011613 0.093688 0.003981
50 12 1.011656 0.098494 0.004438
50 13 1.011701 0.102724 0.004856
50 14 1.011747 0.106388 0.005223
50 15 1.011795 0.109507 0.005530
50 16 1.011844 0.112106 0.005767
50 17 1.011893 0.114219 0.005927
50 18 1.011943 0.115884 0.006005
50 19 1.011992 0.117145 0.005997
50 20 1.012039 0.118049 0.005904
50 21 1.012085 0.118646 0.005724
50 22 1.012129 0.118987 0.005461
50 23 1.012170 0.119122 0.005119
50 24 1.012208 0.119100 0.004703
50 25 1.012242 0.118968 0.004219
50 26 1.012272 0.118769 0.003675
50 27 1.012297 0.118540 0.003079
50 28 1.012318 0.118316 0.002440
50 29 1.012334 0.118124 0.001767
50 30 1.012344 0.117984 0.001070
50 31 1.012350 0.117910 0.000358
50 32 1.012350 0.117910 -0.000358
50 33 1.012344 0.117984 -0.001070
50 34 1.012334 0.118124 -0.001767
50 35 1.012318 0.118316 -0.002440
50 36 1.012297 0.118540 -0.003079
50 37 1.012272 0.118769 -0.003675
50 38 1.012242 0.118968 -0.004219
50 39 1.012208 0.119100 -0.004703
50 40 1.012170 0.119122 -0.005119
50 41 1.012129 0.118987 -0.005461
50 42 1.012085 0.118646 -0.005724
50 43 1.012039 0.118049 -0.005904
50 44 1.011992 0.117145 -0.005997
50 45 1.011943 0.115884 -0.006005
50 46 1.011893 0.114219 -0.005927
50 47 1.011844 0.112106 -0.005767
50 48 1.011795 0.109507 -0.005530
50 49 1.011747 0.106388 -0.005223
50 50 1.011701 0.102724 -0.004856
50 51 1.011656 0.098494 -0.004438
50 52 1.011613 0.093688 -0.003981
50 53 1.011571 0.088302 -0.003499
50 54 1.011532 0.082337 -0.003005
50 55 1.011494 0.075804 -0.002512
50 56 1.011457 0.068716 -0.002033
50 57 1.011420 0.061092 -0.001581
50 58 1.011384 0.052954 -0.001168
50 59 1.011348 0.044325 -0.000804
50 60 1.011311 0.035229 -0.000499
50 61 1.011272 0.025688 -0.000262
50 62 1.011232 0.015722 -0.000098
50 63 1.011191 0.005350 -0.000014
51 0 1.010995 0.005310 0.000014
51 1 1.011035 0.015604 0.000093
51 2 1.011073 0.025497 0.000248
51 3 1.011109 0.034971 0.000473
51 4 1.011144 0.044007 0.000762
51 5 1.011179 0.052585 0.001107
51 6 1.011213 0.060681 0.001500
51 7 1.011248 0.068274 0.001929
51 8 1.011283 0.075343 0.002386
51 9 1.011320 0.081870 0.002857
51 10 1.011357 0.087841 0.003329
51 11 1.011397 0.093247 0.003791
51 12 1.011438 0.098084 0.004229
51 13 1.011481 0.102358 0.004632
51 14 1.011526 0.106077 0.004988
51 15 1.011572 0.109261 0.005286
51 16 1.011619 0.111933 0.005518
51 17 1.011666 0.114124 0.005677
51 18 1.011714 0.115872 0.005758
51 19 1.011761 0.117218 0.005756
51 20 1.011807 0.118207 0.005672
51 21 1.011852 0.118888 0.005505
51 22 1.011895 0.119310 0.005257
51 23 1.011935 0.119521 0.004931
51 24 1.011971 0.119569 0.004534
51 25 1.012005 0.119501 0.004070
51 26 1.012034 0.119357 0.003548
51 27 1.012059 0.119176 0.002974
51 28 1.012079 0.118990 0.002358
51 29 1.012094 0.118827 0.001708
51 30 1.012105 0.118706 0.001035
51 31 1.012110 0.118642 0.000347
51 32 1.012110 0.118642 -0.000347
51 33 1.012105 0.118706 -0.001035
51 34 1.012094 0.118827 -0.001708
51 35 1.012079 0.118990 -0.002358
51 36 1.012059 0.119176 -0.002974
51 37 1.012034 0.119357 -0.003548
51 38 1.012005 0.119501 -0.004070
51 39 1.011971 0.119569 -0.004534
51 40 1.011935 0.119521 -0.004931
51 41 1.011895 0.119310 -0.005257
51 42 1.011852 0.118888 -0.005505
51 43 1.011807 0.118207 -0.005672
51 44 1.011761 0.117218 -0.005756
51 45 1.011714 0.115872 -0.005758
51 46 1.011666 0.114124 -0.005677
51 47 1.011619 0.111933 -0.005518
51 48 1.011572 0.109261 -0.005286
51 49 1.011526 0.106077 -0.004988
51 50 1.011481 0.102358 -0.004632
51 51 1.011438 0.098084 -0.004229
51 52 1.011397 0.093247 -0.003791
51 53 1.011357 0.087841 -0.003329
51 54 1.011320 0.081870 -0.002857
51 55 1.011283 0.075343 -0.002386
51 56 1.011248 0.068274 -0.001929
51 57 1.011213 0.060681 -0.001500
51 58 1.011179 0.052585 -0.001107
51 59 1.011144 0.044007 -0.000762
51 60 1.011109 0.034971 -0.000473
51 61 1.011073 0.025497 -0.000248
51 62 1.011035 0.015604 -0.000093
51 63 1.010995 0.005310 -0.000014
52 0 1.010802 0.005272 0.000013
52 1 1.010839 0.015492 0.000088
52 2 1.010875 0.025316 0.000235
52 3 1.010910 0.034726 0.000449
52 4 1.010943 0.043706 0.000723
52 5 1.010976 0.052234 0.001050
52 6 1.011009 0.060290 0.001423
52 7 1.011042 0.067853 0.001833
52 8 1.011075 0.074903 0.002267
52 9 1.011110 0.081423 0.002717
52 10 1.011146 0.087399 0.003169
52 11 1.011184 0.092823 0.003611
52 12 1.011223 0.097691 0.004032
52 13 1.011264 0.102005 0.004420
52 14 1.011307 0.105777 0.004763
52 15 1.011351 0.109021 0.005053
52 16 1.011396 0.111762 0.005280
52 17 1.011442 0.114028 0.005437
52 18 1.011488 0.115855 0.005520
52 19 1.011534 0.117283 0.005524
52 20 1.011578 0.118355 0.005448
52 21 1.011622 0.119117 0.005292
52 22 1.011663 0.119617 0.005058
52 23 1.011702 0.119902 0.004749
52 24 1.011737 0.120019 0.004369
52 25 1.011770 0.120013 0.003925
52 26 1.011798 0.119924 0.003423
52 27 1.011822 0.119789 0.002871
52 28 1.011842 0.119641 0.002277
52 29 1.011857 0.119506 0.001650
52 30 1.011867 0.119405 0.001000
52 31 1.011872 0.119351 0.000335
52 32 1.011872 0.119351 -0.000335
52 33 1.011867 0.119405 -0.001000
52 34 1.011857 0.119506 -0.001650
52 35 1.011842 0.119641 -0.002277
52 36 1.011822 0.119789 -0.002871
52 37 1.011798 0.119924 -0.003423
52 38 1.011770 0.120013 -0.003925
52 39 1.011737 0.120019 -0.004369
52 40 1.011702 0.119902 -0.004749
52 41 1.011663 0.119617 -0.005058
52 42 1.011622 0.119117 -0.005292
52 43 1.011578 0.118355 -0.005448
52 44 1.011534 0.117283 -0.005524
52 45 1.011488 0.115855 -0.005520
52 46 1.011442 0.114028 -0.005437
52 47 1.011396 0.111762 -0.005280
52 48 1.011351 0.109021 -0.005053
52 49 1.011307 0.105777 -0.004763
52 50 1.011264 0.102005 -0.004420
52 51 1.011223 0.097691 -0.004032
52 52 1.011184 0.092823 -0.003611
52 53 1.011146 0.087399 -0.003169
52 54 1.011110 0.081423 -0.002717
52 55 1.011075 0.074903 -0.002267
52 56 1.011042 0.067853 -0.001833
52 57 1.011009 0.060290 -0.001423
52 58 1.010976 0.052234 -0.001050
52 59 1.010943 0.043706 -0.000723
52 60 1.010910 0.034726 -0.000449
52 61 1.010875 0.025316 -0.000235
52 62 1.010839 0.015492 -0.000088
52 63 1.010802 0.005272 -0.000013
53 0 1.010610 0.005235 0.000012
53 1 1.010646 0.015386 0.000084
53 2 1.010680 0.025144 0.000223
53 3 1.010712 0.034494 0.000425
53 4 1.010744 0.043420 0.000686
53 5 1.010775 0.051902 0.000997
53 6 1.010806 0.059919 0.001352
53 7 1.010838 0.067453 0.001741
53 8 1.010870 0.074485 0.002156
53 9 1.010903 0.080997 0.002585
53 10 1.010937 0.086978 0.003017
53 11 1.010973 0.092418 0.003440
53 12 1.011011 0.097313 0.003845
53 13 1.011050 0.101666 0.004218
53 14 1.011091 0.105486 0.004550
53 15 1.011133 0.108788 0.004831
53 16 1.011177 0.111595 0.005052
53 17 1.011221 0.113932 0.005208
53 18 1.011265 0.115835 0.005292
53 19 1.011309 0.117341 0.005300
53 20 1.011352 0.118493 0.005232
53 21 1.011394 0.119333 0.005087
53 22 1.011434 0.119909 0.004866
53 23 1.011471 0.120266 0.004572
53 24 1.011506 0.120450 0.004209
53 25 1.011537 0.120505 0.003784
53 26 1.011565 0.120469 0.003302
53 27 1.011588 0.120380 0.002771
53 28 1.011607 0.120270 0.002198
53 29 1.011622 0.120163 0.001594
53 30 1.011632 0.120081 0.000966
53 31 1.011637 0.120036 0.000323
53 32 1.011637 0.120036 -0.000323
53 33 1.011632 0.120081 -0.000966
53 34 1.011622 0.120163 -0.001594
53 35 1.011607 0.120270 -0.002198
53 36 1.011588 0.120380 -0.002771
53 37 1.011565 0.120469 -0.003302
53 38 1.011537 0.120505 -0.003784
53 39 1.011506 0.120450 -0.004209
53 40 1.011471 0.120266 -0.004572
53 41 1.011434 0.119909 -0.004866
53 42 1.011394 0.119333 -0.005087
53 43 1.011352 0.118493 -0.005232
53 44 1.011309 0.117341 -0.005300
53 45 1.011265 0.115835 -0.005292
53 46 1.011221 0.113932 -0.005208
53 47 1.011177 0.111595 -0.005052
53 48 1.011133 0.108788 -0.004831
53 49 1.011091 0.105486 -0.004550
53 50 1.011050 0.101666 -0.004218
53 51 1.011011 0.097313 -0.003845
53 52 1.010973 0.092418 -0.003440
53 53 1.010937 0.086978 -0.003017
53 54 1.010903 0.080997 -0.002585
53 55 1.010870 0.074485 -0.002156
53 56 1.010838 0.067453 -0.001741
53 57 1.010806 0.059919 -0.001352
53 58 1.010775 0.051902 -0.000997
53 59 1.010744 0.043420 -0.000686
53 60 1.010712 0.034494 -0.000425
53 61 1.010680 0.025144 -0.000223
53 62 1.010646 0.015386 -0.000084
53 63 1.010610 0.005235 -0.000012
54 0 1.010420 0.005201 0.000012
54 1 1.010454 0.015286 0.000079
54 2 1.010486 0.024982 0.000212
54 3 1.010517 0.034275 0.000404
54 4 1.010547 0.043149 0.000651
54 5 1.010577 0.051585 0.000947
54 6 1.010606 0.059566 0.001285
54 7 1.010636 0.067073 0.001656
54 8 1.010667 0.074086 0.002051
54 9 1.010698 0.080591 0.002460
54 10 1.010731 0.086575 0.002873
54 11 1.010765 0.092029 0.003279
54 12 1.010801 0.096950 0.003667
54 13 1.010839 0.101339 0.004026
54 14 1.010878 0.105205 0.004346
54 15 1.010918 0.108562 0.004619
54 16 1.010960 0.111431 0.004835
54 17 1.011002 0.113837 0.004988
54 18 1.011044 0.115812 0.005072
54 19 1.011087 0.117394 0.005085
54 20 1.011128 0.118621 0.005024
54 21 1.011168 0.119538 0.004888
54 22 1.011207 0.120187 0.004679
54 23 1.011243 0.120615 0.004400
54 24 1.011277 0.120864 0.004054
54 25 1.011307 0.120978 0.003646
54 26 1.011334 0.120995 0.003183
54 27 1.011357 0.120951 0.002672
54 28 1.011375 0.120876 0.002121
54 29 1.011390 0.120798 0.001538
54 30 1.011399 0.120734 0.000932
54 31 1.011404 0.120699 0.000312
54 32 1.011404 0.120699 -0.000312
54 33 1.011399 0.120734 -0.000932
54 34 1.011390 0.120798 -0.001538
54 35 1.011375 0.120876 -0.002121
54 36 1.011357 0.120951 -0.002672
54 37 1.011334 0.120995 -0.003183
54 38 1.011307 0.120978 -0.003646
54 39 1.011277 0.120864 -0.004054
54 40 1.011243 0.120615 -0.004400
54 41 1.011207 0.120187 -0.004679
54 42 1.011168 0.119538 -0.004888
54 43 1.011128 0.118621 -0.005024
54 44 1.011087 0.117394 -0.005085
54 45 1.011044 0.115812 -0.005072
54 46 1.011002 0.113837 -0.004988
54 47 1.010960 0.111431 -0.004835
54 48 1.010918 0.108562 -0.004619
54 49 1.010878 0.105205 -0.004346
54 50 1.010839 0.101339 -0.004026
54 51 1.010801 0.096950 -0.003667
54 52 1.010765 0.092029 -0.003279
54 53 1.010731 0.086575 -0.002873
54 54 1.010698 0.080591 -0.002460
54 55 1.010667 0.074086 -0.002051
54 56 1.010636 0.067073 -0.001656
54 57 1.010606 0.059566 -0.001285
54 58 1.010577 0.051585 -0.000947
54 59 1.010547 0.043149 -0.000651
54 60 1.010517 0.034275 -0.000404
54 61 1.010486 0.024982 -0.000212
54 62 1.010454 0.015286 -0.000079
54 63 1.010420 0.005201 -0.000012
55 0 1.010231 0.005168 0.000011
55 1 1.010263 0.015191 0.000075
55 2 1.010294 0.024827 0.000201
55 3 1.010323 0.034066 0.000384
55 4 1.010352 0.042891 0.000619
55 5 1.010380 0.051285 0.000900
55 6 1.010408 0.059231 0.001221
55 7 1.010437 0.066710 0.001575
55 8 1.010466 0.073706 0.001952
55 9 1.010496 0.080203 0.002342
55 10 1.010527 0.086190 0.002737
55 11 1.010559 0.091657 0.003126
55 12 1.010594 0.096602 0.003498
55 13 1.010629 0.101025 0.003844
55 14 1.010667 0.104934 0.004153
55 15 1.010705 0.108343 0.004416
55 16 1.010745 0.111271 0.004627
55 17 1.010786 0.113742 0.004777
55 18 1.010826 0.115787 0.004862
55 19 1.010867 0.117441 0.004878
55 20 1.010907 0.118742 0.004823
55 21 1.010946 0.119731 0.004697
55 22 1.010983 0.120452 0.004499
55 23 1.011018 0.120948 0.004233
55 24 1.011050 0.121261 0.003903
55 25 1.011080 0.121432 0.003512
55 26 1.011106 0.121500 0.003068
55 27 1.011128 0.121500 0.002577
55 28 1.011146 0.121462 0.002046
55 29 1.011159 0.121410 0.001484
55 30 1.011169 0.121365 0.000900
55 31 1.011173 0.121339 0.000301
55 32 1.011173 0.121339 -0.000301
55 33 1.011169 0.121365 -0.000900
55 34 1.011159 0.121410 -0.001484
55 35 1.011146 0.121462 -0.002046
55 36 1.011128 0.121500 -0.002577
55 37 1.011106 0.121500 -0.003068
55 38 1.011080 0.121432 -0.003512
55 39 1.011050 0.121261 -0.003903
55 40 1.011018 0.120948 -0.004233
55 41 1.010983 0.120452 -0.004499
55 42 1.010946 0.119731 -0.004697
55 43 1.010907 0.118742 -0.004823
55 44 1.010867 0.117441 -0.004878
55 45 1.010826 0.115787 -0.004862
55 46 1.010786 0.113742 -0.004777
55 47 1.010745 0.111271 -0.004627
55 48 1.010705 0.108343 -0.004416
55 49 1.010667 0.104934 -0.004153
55 50 1.010629 0.101025 -0.003844
55 51 1.010594 0.096602 -0.003498
55 52 1.010559 0.091657 -0.003126
55 53 1.010527 0.086190 -0.002737
55 54 1.010496 0.080203 -0.002342
55 55 1.010466 0.073706 -0.001952
55 56 1.010437 0.066710 -0.001575
55 57 1.010408 0.059231 -0.001221
55 58 1.010380 0.051285 -0.000900
55 59 1.010352 0.042891 -0.000619
55 60 1.010323 0.034066 -0.000384
55 61 1.010294 0.024827 -0.000201
55 62 1.010263 0.015191 -0.000075
55 63 1.010231 0.005168 -0.000011
56 0 1.010044 0.005137 0.000010
56 1 1.010074 0.015100 0.000072
56 2 1.010103 0.024681 0.000191
56 3 1.010132 0.033868 0.000365
56 4 1.010159 0.042646 0.000588
56 5 1.010186 0.051000 0.000856
56 6 1.010212 0.058912 0.001162
56 7 1.010239 0.066365 0.001499
56 8 1.010267 0.073344 0.001858
56 9 1.010295 0.079833 0.002232
56 10 1.010325 0.085822 0.002609
56 11 1.010356 0.091301 0.002982
56 12 1.010389 0.096268 0.003339
56 13 1.010423 0.100723 0.003671
56 14 1.010458 0.104673 0.003969
56 15 1.010495 0.108131 0.004224
56 16 1.010533 0.111115 0.004428
56 17 1.010572 0.113648 0.004576
56 18 1.010611 0.115759 0.004661
56 19 1.010650 0.117483 0.004680
56 20 1.010688 0.118855 0.004631
56 21 1.010726 0.119915 0.004512
56 22 1.010761 0.120705 0.004325
56 23 1.010795 0.121266 0.004072
56 24 1.010826 0.121641 0.003757
56 25 1.010855 0.121869 0.003383
56 26 1.010880 0.121987 0.002956
56 27 1.010901 0.122030 0.002484
56 28 1.010919 0.122027 0.001973
56 29 1.010932 0.122002 0.001431
56 30 1.010941 0.121975 0.000868
56 31 1.010945 0.121958 0.000291
56 32 1.010945 0.121958 -0.000291
56 33 1.010941 0.121975 -0.000868
56 34 1.010932 0.122002 -0.001431
56 35 1.010919 0.122027 -0.001973
56 36 1.010901 0.122030 -0.002484
56 37 1.010880 0.121987 -0.002956
56 38 1.010855 0.121869 -0.003383
56 39 1.010826 0.121641 -0.003757
56 40 1.010795 0.121266 -0.004072
56 41 1.010761 0.120705 -0.004325
56 42 1.010726 0.119915 -0.004512
56 43 1.010688 0.118855 -0.004631
56 44 1.010650 0.117483 -0.004680
56 45 1.010611 0.115759 -0.004661
56 46 1.010572 0.113648 -0.004576
56 47 1.010533 0.111115 -0.004428
56 48 1.010495 0.108131 -0.004224
56 49 1.010458 0.104673 -0.003969
56 50 1.010423 0.100723 -0.003671
56 51 1.010389 0.096268 -0.003339
56 52 1.010356 0.091301 -0.002982
56 53 1.010325 0.085822 -0.002609
56 54 1.010295 0.079833 -0.002232
56 55 1.010267 0.073344 -0.001858
56 56 1.010239 0.066365 -0.001499
56 57 1.010212 0.058912 -0.001162
56 58 1.010186 0.051000 -0.000856
56 59 1.010159 0.042646 -0.000588
56 60 1.010132 0.033868 -0.000365
56 61 1.010103 0.024681 -0.000191
56 62 1.010074 0.015100 -0.000072
56 63 1.010044 0.005137 -0.000010
57 0 1.009858 0.005108 0.000010
57 1 1.009887 0.015014 0.000068
57 2 1.009915 0.024542 0.000182
57 3 1.009941 0.033680 0.000347
57 4 1.009967 0.042413 0.000560
57 5 1.009993 0.050728 0.000815
57 6 1.010018 0.058608 0.001106
57 7 1.010044 0.066037 0.001427
57 8 1.010070 0.072999 0.001770
57 9 1.010097 0.079480 0.002127
57 10 1.010125 0.085470 0.002488
57 11 1.010155 0.090961 0.002845
57 12 1.010186 0.095948 0.003187
57 13 1.010218 0.100433 0.003507
57 14 1.010252 0.104421 0.003794
57 15 1.010288 0.107926 0.004040
57 16 1.010324 0.110963 0.004239
57 17 1.010361 0.113555 0.004383
57 18 1.010398 0.115730 0.004468
57 19 1.010436 0.117520 0.004489
57 20 1.010472 0.118960 0.004445
57 21 1.010508 0.120089 0.004334
57 22 1.010543 0.120945 0.004158
57 23 1.010575 0.121571 0.003917
57 24 1.010605 0.122006 0.003615
57 25 1.010632 0.122289 0.003257
57 26 1.010657 0.122456 0.002847
57 27 1.010677 0.122541 0.002393
57 28 1.010694 0.122572 0.001902
57 29 1.010707 0.122573 0.001380
57 30 1.010716 0.122564 0.000837
57 31 1.010720 0.122556 0.000280
57 32 1.010720 0.122556 -0.000280
57 33 1.010716 0.122564 -0.000837
57 34 1.010707 0.122573 -0.001380
57 35 1.010694 0.122572 -0.001902
57 36 1.010677 0.122541 -0.002393
57 37 1.010657 0.122456 -0.002847
57 38 1.010632 0.122289 -0.003257
57 39 1.010605 0.122006 -0.003615
57 40 1.010575 0.121571 -0.003917
57 41 1.010543 0.120945 -0.004158
57 42 1.010508 0.120089 -0.004334
57 43 1.010472 0.118960 -0.004445
57 44 1.010436 0.117520 -0.004489
57 45 1.010398 0.115730 -0.004468
57 46 1.010361 0.113555 -0.004383
57 47 1.010324 0.110963 -0.004239
57 48 1.010288 0.107926 -0.004040
57 49 1.010252 0.104421 -0.003794
57 50 1.010218 0.100433 -0.003507
57 51 1.010186 0.095948 -0.003187
57 52 1.010155 0.090961 -0.002845
57 53 1.010125 0.085470 -0.002488
57 54 1.010097 0.079480 -0.002127
57 55 1.010070 0.072999 -0.001770
57 56 1.010044 0.066037 -0.001427
57 57 1.010018 0.058608 -0.001106
57 58 1.009993 0.050728 -0.000815
57 59 1.009967 0.042413 -0.000560
57 60 1.009941 0.033680 -0.000347
57 61 1.009915 0.024542 -0.000182
57 62 1.009887 0.015014 -0.000068
57 63 1.009858 0.005108 -0.000010
58 0 1.009673 0.005080 0.000009
58 1 1.009701 0.014933 0.000065
58 2 1.009727 0.024410 0.000173
58 3 1.009753 0.033501 0.000330
58 4 1.009777 0.042192 0.000533
58 5 1.009802 0.050470 0.000776
58 6 1.009826 0.058319 0.001054
58 7 1.009850 0.065724 0.001360
58 8 1.009875 0.072669 0.001688
58 9 1.009901 0.079143 0.002028
58 10 1.009927 0.085134 0.002374
58 11 1.009956 0.090635 0.002715
58 12 1.009985 0.095641 0.003044
58 13 1.010016 0.100154 0.003351
58 14 1.010048 0.104179 0.003627
58 15 1.010082 0.107727 0.003866
58 16 1.010117 0.110815 0.004058
58 17 1.010152 0.113464 0.004199
58 18 1.010188 0.115700 0.004283
58 19 1.010223 0.117554 0.004307
58 20 1.010259 0.119060 0.004267
58 21 1.010293 0.120254 0.004163
58 22 1.010326 0.121175 0.003996
58 23 1.010357 0.121863 0.003767
58 24 1.010386 0.122356 0.003478
58 25 1.010412 0.122692 0.003135
58 26 1.010436 0.122907 0.002742
58 27 1.010456 0.123032 0.002306
58 28 1.010472 0.123097 0.001833
58 29 1.010484 0.123124 0.001330
58 30 1.010493 0.123132 0.000807
58 31 1.010497 0.123133 0.000270
58 32 1.010497 0.123133 -0.000270
58 33 1.010493 0.123132 -0.000807
58 34 1.010484 0.123124 -0.001330
58 35 1.010472 0.123097 -0.001833
58 36 1.010456 0.123032 -0.002306
58 37 1.010436 0.122907 -0.002742
58 38 1.010412 0.122692 -0.003135
58 39 1.010386 0.122356 -0.003478
58 40 1.010357 0.121863 -0.003767
58 41 1.010326 0.121175 -0.003996
58 42 1.010293 0.120254 -0.004163
58 43 1.010259 0.119060 -0.004267
58 44 1.010223 0.117554 -0.004307
58 45 1.010188 0.115700 -0.004283
58 46 1.010152 0.113464 -0.004199
58 47 1.010117 0.110815 -0.004058
58 48 1.010082 0.107727 -0.003866
58 49 1.010048 0.104179 -0.003627
58 50 1.010016 0.100154 -0.003351
58 51 1.009985 0.095641 -0.003044
58 52 1.009956 0.090635 -0.002715
58 53 1.009927 0.085134 -0.002374
58 54 1.009901 0.079143 -0.002028
58 55 1.009875 0.072669 -0.001688
58 56 1.009850 0.065724 -0.001360
58 57 1.009826 0.058319 -0.001054
58 58 1.009802 0.050470 -0.000776
58 59 1.009777 0.042192 -0.000533
58 60 1.009753 0.033501 -0.000330
58 61 1.009727 0.024410 -0.000173
58 62 1.009701 0.014933 -0.000065
58 63 1.009673 0.005080 -0.000009
59 0 1.009490 0.005053 0.000009
59 1 1.009516 0.014855 0.000062
59 2 1.009541 0.024284 0.000165
59 3 1.009565 0.033331 0.000315
59 4 1.009589 0.041982 0.000508
59 5 1.009612 0.050224 0.000739
59 6 1.009635 0.058043 0.001004
59 7 1.009658 0.065425 0.001297
59 8 1.009682 0.072355 0.001609
59 9 1.009706 0.078821 0.001935
59 10 1.009732 0.084813 0.002266
59 11 1.009758 0.090323 0.002593
59 12 1.009786 0.095347 0.002908
59 13 1.009816 0.099886 0.003203
59 14 1.009847 0.103946 0.003469
59 15 1.009879 0.107536 0.003699
59 16 1.009912 0.110672 0.003886
59 17 1.009945 0.113375 0.004023
59 18 1.009980 0.115670 0.004106
59 19 1.010014 0.117585 0.004132
59 20 1.010047 0.119153 0.004096
59 21 1.010080 0.120411 0.003999
59 22 1.010112 0.121394 0.003840
59 23 1.010142 0.122142 0.003622
59 24 1.010170 0.122692 0.003346
59 25 1.010195 0.123080 0.003018
59 26 1.010217 0.123341 0.002640
59 27 1.010237 0.123506 0.002221
59 28 1.010252 0.123604 0.001766
59 29 1.010264 0.123656 0.001282
59 30 1.010272 0.123681 0.000778
59 31 1.010276 0.123690 0.000261
59 32 1.010276 0.123690 -0.000261
59 33 1.010272 0.123681 -0.000778
59 34 1.010264 0.123656 -0.001282
59 35 1.010252 0.123604 -0.001766
59 36 1.010237 0.123506 -0.002221
59 37 1.010217 0.123341 -0.002640
59 38 1.010195 0.123080 -0.003018
59 39 1.010170 0.122692 -0.003346
59 40 1.010142 0.122142 -0.003622
59 41 1.010112 0.121394 -0.003840
59 42 1.010080 0.120411 -0.003999
59 43 1.010047 0.119153 -0.004096
59 44 1.010014 0.117585 -0.004132
59 45 1.009980 0.115670 -0.004106
59 46 1.009945 0.113375 -0.004023
59 47 1.009912 0.110672 -0.003886
59 48 1.009879 0.107536 -0.003699
59 49 1.009847 0.103946 -0.003469
59 50 1.009816 0.099886 -0.003203
59 51 1.009786 0.095347 -0.002908
59 52 1.009758 0.090323 -0.002593
59 53 1.009732 0.084813 -0.002266
59 54 1.009706 0.078821 -0.001935
59 55 1.009682 0.072355 -0.001609
59 56 1.009658 0.065425 -0.001297
59 57 1.009635 0.058043 -0.001004
59 58 1.009612 0.050224 -0.000739
59 59 1.009589 0.041982 -0.000508
59 60 1.009565 0.033331 -0.000315
59 61 1.009541 0.024284 -0.000165
59 62 1.009516 0.014855 -0.000062
59 63 1.009490 0.005053 -0.000009
60 0 1.009307 0.005028 0.000009
60 1 1.009332 0.014782 0.000059
60 2 1.009356 0.024165 0.000157
60 3 1.009379 0.033169 0.000300
60 4 1.009402 0.041781 0.000484
60 5 1.009424 0.049990 0.000705
60 6 1.009446 0.057781 0.000958
60 7 1.009468 0.065141 0.001237
60 8 1.009490 0.072056 0.001536
60 9 1.009513 0.078514 0.001847
60 10 1.009538 0.084506 0.002163
60 11 1.009563 0.090024 0.002477
60 12 1.009590 0.095065 0.002779
60 13 1.009618 0.099629 0.003063
60 14 1.009647 0.103721 0.003319
60 15 1.009677 0.107351 0.003541
60 16 1.009709 0.110534 0.003722
60 17 1.009741 0.113288 0.003856
60 18 1.009774 0.115638 0.003937
60 19 1.009806 0.117612 0.003964
60 20 1.009839 0.119242 0.003932
60 21 1.009870 0.120560 0.003841
60 22 1.009900 0.121604 0.003691
60 23 1.009929 0.122410 0.003483
60 24 1.009956 0.123014 0.003219
60 25 1.009980 0.123453 0.002904
60 26 1.010002 0.123759 0.002542
60 27 1.010020 0.123963 0.002139
60 28 1.010035 0.124092 0.001701
60 29 1.010047 0.124169 0.001235
60 30 1.010054 0.124210 0.000749
60 31 1.010058 0.124228 0.000251
60 32 1.010058 0.124228 -0.000251
60 33 1.010054 0.124210 -0.000749
60 34 1.010047 0.124169 -0.001235
60 35 1.010035 0.124092 -0.001701
60 36 1.010020 0.123963 -0.002139
60 37 1.010002 0.123759 -0.002542
60 38 1.009980 0.123453 -0.002904
60 39 1.009956 0.123014 -0.003219
60 40 1.009929 0.122410 -0.003483
60 41 1.009900 0.121604 -0.003691
60 42 1.009870 0.120560 -0.003841
60 43 1.009839 0.119242 -0.003932
60 44 1.009806 0.117612 -0.003964
60 45 1.009774 0.115638 -0.003937
60 46 1.009741 0.113288 -0.003856
60 47 1.009709 0.110534 -0.003722
60 48 1.009677 0.107351 -0.003541
60 49 1.009647 0.103721 -0.003319
60 50 1.009618 0.099629 -0.003063
60 51 1.009590 0.095065 -0.002779
60 52 1.009563 0.090024 -0.002477
60 53 1.009538 0.084506 -0.002163
60 54 1.009513 0.078514 -0.001847
60 55 1.009490 0.072056 -0.001536
60 56 1.009468 0.065141 -0.001237
60 57 1.009446 0.057781 -0.000958
60 58 1.009424 0.049990 -0.000705
60 59 1.009402 0.041781 -0.000484
60 60 1.009379 0.033169 -0.000300
60 61 1.009356 0.024165 -0.000157
60 62 1.009332 0.014782 -0.000059
60 63 1.009307 0.005028 -0.000009
61 0 1.009126 0.005004 0.000008
61 1 1.009150 0.014711 0.000056
61 2 1.009173 0.024051 0.000150
61 3 1.009195 0.033014 0.000286
61 4 1.009216 0.041590 0.000462
61 5 1.009237 0.049767 0.000673
61 6 1.009258 0.057531 0.000914
61 7 1.009279 0.064869 0.001181
61 8 1.009300 0.071770 0.001466
61 9 1.009322 0.078221 0.001764
61 10 1.009345 0.084212 0.002067
61 11 1.009369 0.089738 0.002367
61 12 1.009395 0.094795 0.002657
61 13 1.009421 0.099383 0.002929
61 14 1.009449 0.103506 0.003176
61 15 1.009478 0.107173 0.003390
61 16 1.009508 0.110400 0.003565
61 17 1.009539 0.113203 0.003695
61 18 1.009570 0.115607 0.003776
61 19 1.009601 0.117637 0.003803
61 20 1.009632 0.119325 0.003775
61 21 1.009662 0.120702 0.003689
61 22 1.009691 0.121804 0.003547
61 23 1.009719 0.122666 0.003348
61 24 1.009744 0.123324 0.003096
61 25 1.009767 0.123811 0.002794
61 26 1.009788 0.124161 0.002447
61 27 1.009806 0.124403 0.002059
61 28 1.009820 0.124563 0.001638
61 29 1.009831 0.124664 0.001190
61 30 1.009839 0.124721 0.000722
61 31 1.009842 0.124747 0.000242
61 32 1.009842 0.124747 -0.000242
61 33 1.009839 0.124721 -0.000722
61 34 1.009831 0.124664 -0.001190
61 35 1.009820 0.124563 -0.001638
61 36 1.009806 0.124403 -0.002059
61 37 1.009788 0.124161 -0.002447
61 38 1.009767 0.123811 -0.002794
61 39 1.009744 0.123324 -0.003096
61 40 1.009719 0.122666 -0.003348
61 41 1.009691 0.121804 -0.003547
61 42 1.009662 0.120702 -0.003689
61 43 1.009632 0.119325 -0.003775
61 44 1.009601 0.117637 -0.003803
61 45 1.009570 0.115607 -0.003776
61 46 1.009539 0.113203 -0.003695
61 47 1.009508 0.110400 -0.003565
61 48 1.009478 0.107173 -0.003390
61 49 1.009449 0.103506 -0.003176
61 50 1.009421 0.099383 -0.002929
61 51 1.009395 0.094795 -0.002657
61 52 1.009369 0.089738 -0.002367
61 53 1.009345 0.084212 -0.002067
61 54 1.009322 0.078221 -0.001764
61 55 1.009300 0.071770 -0.001466
61 56 1.009279 0.064869 -0.001181
61 57 1.009258 0.057531 -0.000914
61 58 1.009237 0.049767 -0.000673
61 59 1.009216 0.041590 -0.000462
61 60 1.009195 0.033014 -0.000286
61 61 1.009173 0.024051 -0.000150
61 62 1.009150 0.014711 -0.000056
61 63 1.009126 0.005004 -0.000008
62 0 1.008946 0.004981 0.000008
62 1 1.008969 0.014644 0.000054
62 2 1.008990 0.023943 0.000143
62 3 1.009011 0.032867 0.000273
62 4 1.009032 0.041408 0.000441
62 5 1.009052 0.049554 0.000642
62 6 1.009071 0.057292 0.000873
62 7 1.009091 0.064611 0.001127
62 8 1.009112 0.071497 0.001400
62 9 1.009133 0.077940 0.001685
62 10 1.009155 0.083932 0.001975
62 11 1.009177 0.089465 0.002263
62 12 1.009202 0.094536 0.002541
62 13 1.009227 0.099146 0.002803
62 14 1.009253 0.103298 0.003040
62 15 1.009281 0.107002 0.003247
62 16 1.009309 0.110270 0.003416
62 17 1.009339 0.113121 0.003542
62 18 1.009368 0.115576 0.003622
62 19 1.009398 0.117660 0.003650
62 20 1.009427 0.119404 0.003624
62 21 1.009456 0.120838 0.003544
62 22 1.009484 0.121996 0.003408
62 23 1.009510 0.122912 0.003219
62 24 1.009535 0.123621 0.002978
62 25 1.009557 0.124156 0.002689
62 26 1.009577 0.124548 0.002355
62 27 1.009594 0.124827 0.001983
62 28 1.009608 0.125017 0.001577
62 29 1.009618 0.125141 0.001146
62 30 1.009626 0.125214 0.000695
62 31 1.009629 0.125247 0.000233
62 32 1.009629 0.125247 -0.000233
62 33 1.009626 0.125214 -0.000695
62 34 1.009618 0.125141 -0.001146
62 35 1.009608 0.125017 -0.001577
62 36 1.009594 0.124827 -0.001983
62 37 1.009577 0.124548 -0.002355
62 38 1.009557 0.124156 -0.002689
62 39 1.009535 0.123621 -0.002978
62 40 1.009510 0.122912 -0.003219
62 41 1.009484 0.121996 -0.003408
62 42 1.009456 0.120838 -0.003544
62 43 1.009427 0.119404 -0.003624
62 44 1.009398 0.117660 -0.003650
62 45 1.009368 0.115576 -0.003622
62 46 1.009339 0.113121 -0.003542
62 47 1.009309 0.110270 -0.003416
62 48 1.009281 0.107002 -0.003247
62 49 1.009253 0.103298 -0.003040
62 50 1.009227 0.099146 -0.002803
62 51 1.009202 0.094536 -0.002541
62 52 1.009177 0.089465 -0.002263
62 53 1.009155 0.083932 -0.001975
62 54 1.009133 0.077940 -0.001685
62 55 1.009112 0.071497 -0.001400
62 56 1.009091 0.064611 -0.001127
62 57 1.009071 0.057292 -0.000873
62 58 1.009052 0.049554 -0.000642
62 59 1.009032 0.041408 -0.000441
62 60 1.009011 0.032867 -0.000273
62 61 1.008990 0.023943 -0.000143
62 62 1.008969 0.014644 -0.000054
62 63 1.008946 0.004981 -0.000008
63 0 1.008767 0.004959 0.000007
63 1 1.008788 0.014580 0.000051
63 2 1.008809 0.023839 0.000137
63 3 1.008829 0.032727 0.000261
63 4 1.008848 0.041235 0.000421
63 5 1.008867 0.049351 0.000613
63 6 1.008886 0.057065 0.000834
63 7 1.008905 0.064363 0.001077
63 8 1.008925 0.071236 0.001338
63 9 1.008945 0.077672 0.001611
63 10 1.008965 0.083664 0.001888
63 11 1.008987 0.089203 0.002164
63 12 1.009010 0.094289 0.002431
63 13 1.009034 0.098919 0.002683
63 14 1.009059 0.103099 0.002911
63 15 1.009085 0.106837 0.003110
63 16 1.009113 0.110145 0.003274
63 17 1.009140 0.113041 0.003396
63 18 1.009169 0.115545 0.003474
63 19 1.009197 0.117681 0.003503
63 20 1.009225 0.119479 0.003480
63 21 1.009253 0.120967 0.003404
63 22 1.009279 0.122179 0.003276
63 23 1.009304 0.123148 0.003095
63 24 1.009328 0.123906 0.002864
63 25 1.009349 0.124487 0.002587
63 26 1.009368 0.124920 0.002267
63 27 1.009384 0.125235 0.001909
63 28 1.009398 0.125455 0.001519
63 29 1.009408 0.125601 0.001104
63 30 1.009415 0.125689 0.000670
63 31 1.009418 0.125730 0.000224
63 32 1.009418 0.125730 -0.000224
63 33 1.009415 0.125689 -0.000670
63 34 1.009408 0.125601 -0.001104
63 35 1.009398 0.125455 -0.001519
63 36 1.009384 0.125235 -0.001909
63 37 1.009368 0.124920 -0.002267
63 38 1.009349 0.124487 -0.002587
63 39 1.009328 0.123906 -0.002864
63 40 1.009304 0.123148 -0.003095
63 41 1.009279 0.122179 -0.003276
63 42 1.009253 0.120967 -0.003404
63 43 1.009225 0.119479 -0.003480
63 44 1.009197 0.117681 -0.003503
63 45 1.009169 0.115545 -0.003474
63 46 1.009140 0.113041 -0.003396
63 47 1.009113 0.110145 -0.003274
63 48 1.009085 0.106837 -0.003110
63 49 1.009059 0.103099 -0.002911
63 50 1.009034 0.098919 -0.002683
63 51 1.009010 0.094289 -0.002431
63 52 1.008987 0.089203 -0.002164
63 53 1.008965 0.083664 -0.001888
63 54 1.008945 0.077672 -0.001611
63 55 1.008925 0.071236 -0.001338
63 56 1.008905 0.064363 -0.001077
63 57 1.008886 0.057065 -0.000834
63 58 1.008867 0.049351 -0.000613
63 59 1.008848 0.041235 -0.000421
63 60 1.008829 0.032727 -0.000261
63 61 1.008809 0.023839 -0.000137
63 62 1.008788 0.014580 -0.000051
63 63 1.008767 0.004959 -0.000007
64 0 1.008588 0.004939 0.000007
64 1 1.008609 0.014520 0.000049
64 2 1.008629 0.023740 0.000131
64 3 1.008648 0.032593 0.000249
64 4 1.008667 0.041069 0.000403
64 5 1.008685 0.049157 0.000586
64 6 1.008703 0.056847 0.000797
64 7 1.008721 0.064128 0.001030
64 8 1.008739 0.070987 0.001280
64 9 1.008758 0.077416 0.001541
64 10 1.008778 0.083407 0.001806
64 11 1.008798 0.088953 0.002071
64 12 1.008820 0.094051 0.002327
64 13 1.008843 0.098701 0.002568
64 14 1.008867 0.102908 0.002788
64 15 1.008892 0.106678 0.002980
64 16 1.008918 0.110025 0.003138
64 17 1.008944 0.112963 0.003257
64 18 1.008971 0.115514 0.003333
64 19 1.008998 0.117700 0.003362
64 20 1.009025 0.119550 0.003341
64 21 1.009051 0.121091 0.003270
64 22 1.009076 0.122355 0.003148
64 23 1.009100 0.123374 0.002976
64 24 1.009123 0.124181 0.002755
64 25 1.009143 0.124806 0.002489
64 26 1.009161 0.125279 0.002181
64 27 1.009177 0.125628 0.001837
64 28 1.009190 0.125877 0.001462
64 29 1.009200 0.126045 0.001063
64 30 1.009206 0.126148 0.000645
64 31 1.009210 0.126196 0.000216
64 32 1.009210 0.126196 -0.000216
64 33 1.009206 0.126148 -0.000645
64 34 1.009200 0.126045 -0.001063
64 35 1.009190 0.125877 -0.001462
64 36 1.009177 0.125628 -0.001837
64 37 1.009161 0.125279 -0.002181
64 38 1.009143 0.124806 -0.002489
64 39 1.009123 0.124181 -0.002755
64 40 1.009100 0.123374 -0.002976
64 41 1.009076 0.122355 -0.003148
64 42 1.009051 0.121091 -0.003270
64 43 1.009025 0.119550 -0.003341
64 44 1.008998 0.117700 -0.003362
64 45 1.008971 0.115514 -0.003333
64 46 1.008944 0.112963 -0.003257
64 47 1.008918 0.110025 -0.003138
64 48 1.008892 0.106678 -0.002980
64 49 1.008867 0.102908 -0.002788
64 50 1.008843 0.098701 -0.002568
64 51 1.008820 0.094051 -0.002327
64 52 1.008798 0.088953 -0.002071
64 53 1.008778 0.083407 -0.001806
64 54 1.008758 0.077416 -0.001541
64 55 1.008739 0.070987 -0.001280
64 56 1.008721 0.064128 -0.001030
64 57 1.008703 0.056847 -0.000797
64 58 1.008685 0.049157 -0.000586
64 59 1.008667 0.041069 -0.000403
64 60 1.008648 0.032593 -0.000249
64 61 1.008629 0.023740 -0.000131
64 62 1.008609 0.014520 -0.000049
64 63 1.008588 0.004939 -0.000007
65 0 1.008411 0.004919 0.000007
65 1 1.008431 0.014461 0.000047
65 2 1.008450 0.023646 0.000125
65 3 1.008468 0.032466 0.000239
65 4 1.008486 0.040911 0.000385
65 5 1.008503 0.048973 0.000561
65 6 1.008520 0.056640 0.000762
65 7 1.008537 0.063902 0.000985
65 8 1.008555 0.070749 0.001224
65 9 1.008573 0.077172 0.001474
65 10 1.008592 0.083162 0.001729
65 11 1.008611 0.088713 0.001982
65 12 1.008632 0.093824 0.002228
65 13 1.008654 0.098493 0.002460
65 14 1.008676 0.102724 0.002671
65 15 1.008700 0.106526 0.002856
65 16 1.008724 0.109909 0.003009
65 17 1.008750 0.112888 0.003124
65 18 1.008775 0.115484 0.003198
65 19 1.008801 0.117718 0.003227
65 20 1.008826 0.119617 0.003209
65 21 1.008851 0.121209 0.003142
65 22 1.008876 0.122523 0.003026
65 23 1.008899 0.123592 0.002861
65 24 1.008920 0.124444 0.002650
65 25 1.008940 0.125113 0.002394
65 26 1.008957 0.125625 0.002099
65 27 1.008972 0.126007 0.001769
65 28 1.008984 0.126283 0.001408
65 29 1.008994 0.126472 0.001023
65 30 1.009000 0.126590 0.000621
65 31 1.009003 0.126646 0.000208
65 32 1.009003 0.126646 -0.000208
65 33 1.009000 0.126590 -0.000621
65 34 1.008994 0.126472 -0.001023
65 35 1.008984 0.126283 -0.001408
65 36 1.008972 0.126007 -0.001769
65 37 1.008957 0.125625 -0.002099
65 38 1.008940 0.125113 -0.002394
65 39 1.008920 0.124444 -0.002650
65 40 1.008899 0.123592 -0.002861
65 41 1.008876 0.122523 -0.003026
65 42 1.008851 0.121209 -0.003142
65 43 1.008826 0.119617 -0.003209
65 44 1.008801 0.117718 -0.003227
65 45 1.008775 0.115484 -0.003198
65 46 1.008750 0.112888 -0.003124
65 47 1.008724 0.109909 -0.003009
65 48 1.008700 0.106526 -0.002856
65 49 1.008676 0.102724 -0.002671
65 50 1.008654 0.098493 -0.002460
65 51 1.008632 0.093824 -0.002228
65 52 1.008611 0.088713 -0.001982
65 53 1.008592 0.083162 -0.001729
65 54 1.008573 0.077172 -0.001474
65 55 1.008555 0.070749 -0.001224
65 56 1.008537 0.063902 -0.000985
65 57 1.008520 0.056640 -0.000762
65 58 1.008503 0.048973 -0.000561
65 59 1.008486 0.040911 -0.000385
65 60 1.008468 0.032466 -0.000239
65 61 1.008450 0.023646 -0.000125
65 62 1.008431 0.014461 -0.000047
65 63 1.008411 0.004919 -0.000007
66 0 1.008235 0.004900 0.000007
66 1 1.008254 0.014406 0.000045
66 2 1.008272 0.023556 0.000120
66 3 1.008289 0.032344 0.000228
66 4 1.008306 0.040760 0.000368
66 5 1.008323 0.048796 0.000537
66 6 1.008339 0.056442 0.000730
66 7 1.008355 0.063687 0.000943
66 8 1.008372 0.070522 0.001172
66 9 1.008389 0.076938 0.001411
66 10 1.008407 0.082927 0.001655
66 11 1.008425 0.088484 0.001898
66 12 1.008445 0.093606 0.002134
66 13 1.008466 0.098293 0.002357
66 14 1.008487 0.102548 0.002560
66 15 1.008510 0.106379 0.002738
66 16 1.008533 0.109797 0.002886
66 17 1.008557 0.112816 0.002998
66 18 1.008581 0.115454 0.003070
66 19 1.008606 0.117735 0.003099
66 20 1.008630 0.119681 0.003082
66 21 1.008654 0.121322 0.003019
66 22 1.008677 0.122685 0.002908
66 23 1.008699 0.123800 0.002751
66 24 1.008719 0.124698 0.002548
66 25 1.008738 0.125408 0.002304
66 26 1.008755 0.125957 0.002020
66 27 1.008769 0.126372 0.001702
66 28 1.008781 0.126675 0.001355
66 29 1.008790 0.126885 0.000985
66 30 1.008796 0.127017 0.000598
66 31 1.008799 0.127080 0.000201
66 32 1.008799 0.127080 -0.000201
66 33 1.008796 0.127017 -0.000598
66 34 1.008790 0.126885 -0.000985
66 35 1.008781 0.126675 -0.001355
66 36 1.008769 0.126372 -0.001702
66 37 1.008755 0.125957 -0.002020
66 38 1.008738 0.125408 -0.002304
66 39 1.008719 0.124698 -0.002548
66 40 1.008699 0.123800 -0.002751
66 41 1.008677 0.122685 -0.002908
66 42 1.008654 0.121322 -0.003019
66 43 1.008630 0.119681 -0.003082
66 44 1.008606 0.117735 -0.003099
66 45 1.008581 0.115454 -0.003070
66 46 1.008557 0.112816 -0.002998
66 47 1.008533 0.109797 -0.002886
66 48 1.008510 0.106379 -0.002738
66 49 1.008487 0.102548 -0.002560
66 50 1.008466 0.098293 -0.002357
66 51 1.008445 0.093606 -0.002134
66 52 1.008425 0.088484 -0.001898
66 53 1.008407 0.082927 -0.001655
66 54 1.008389 0.076938 -0.001411
66 55 1.008372 0.070522 -0.001172
66 56 1.008355 0.063687 -0.000943
66 57 1.008339 0.056442 -0.000730
66 58 1.008323 0.048796 -0.000537
66 59 1.008306 0.040760 -0.000368
66 60 1.008289 0.032344 -0.000228
66 61 1.008272 0.023556 -0.000120
66 62 1.008254 0.014406 -0.000045
66 63 1.008235 0.004900 -0.000007
67 0 1.008059 0.004881 0.000006
67 1 1.008077 0.014353 0.000043
67 2 1.008095 0.023470 0.000115
67 3 1.008111 0.032227 0.000219
67 4 1.008127 0.040616 0.000353
67 5 1.008143 0.048627 0.000514
67 6 1.008159 0.056252 0.000699
67 7 1.008174 0.063481 0.000903
67 8 1.008190 0.070305 0.001122
67 9 1.008206 0.076714 0.001352
67 10 1.008223 0.082702 0.001586
67 11 1.008241 0.088264 0.001819
67 12 1.008260 0.093397 0.002045
67 13 1.008279 0.098101 0.002259
67 14 1.008300 0.102379 0.002455
67 15 1.008321 0.106238 0.002626
67 16 1.008343 0.109689 0.002768
67 17 1.008366 0.112746 0.002877
67 18 1.008389 0.115426 0.002947
67 19 1.008412 0.117750 0.002976
67 20 1.008436 0.119743 0.002961
67 21 1.008458 0.121430 0.002901
67 22 1.008480 0.122840 0.002796
67 23 1.008501 0.124001 0.002645
67 24 1.008521 0.124942 0.002451
67 25 1.008539 0.125692 0.002216
67 26 1.008555 0.126278 0.001944
67 27 1.008568 0.126724 0.001639
67 28 1.008580 0.127053 0.001305
67 29 1.008588 0.127283 0.000949
67 30 1.008594 0.127428 0.000576
67 31 1.008597 0.127498 0.000193
67 32 1.008597 0.127498 -0.000193
67 33 1.008594 0.127428 -0.000576
67 34 1.008588 0.127283 -0.000949
67 35 1.008580 0.127053 -0.001305
67 36 1.008568 0.126724 -0.001639
67 37 1.008555 0.126278 -0.001944
67 38 1.008539 0.125692 -0.002216
67 39 1.008521 0.124942 -0.002451
67 40 1.008501 0.124001 -0.002645
67 41 1.008480 0.122840 -0.002796
67 42 1.008458 0.121430 -0.002901
67 43 1.008436 0.119743 -0.002961
67 44 1.008412 0.117750 -0.002976
67 45 1.008389 0.115426 -0.002947
67 46 1.008366 0.112746 -0.002877
67 47 1.008343 0.109689 -0.002768
67 48 1.008321 0.106238 -0.002626
67 49 1.008300 0.102379 -0.002455
67 50 1.008279 0.098101 -0.002259
67 51 1.008260 0.093397 -0.002045
67 52 1.008241 0.088264 -0.001819
67 53 1.008223 0.082702 -0.001586
67 54 1.008206 0.076714 -0.001352
67 55 1.008190 0.070305 -0.001122
67 56 1.008174 0.063481 -0.000903
67 57 1.008159 0.056252 -0.000699
67 58 1.008143 0.048627 -0.000514
67 59 1.008127 0.040616 -0.000353
67 60 1.008111 0.032227 -0.000219
67 61 1.008095 0.023470 -0.000115
67 62 1.008077 0.014353 -0.000043
67 63 1.008059 0.004881 -0.000006
68 0 1.007885 0.004864 0.000006
68 1 1.007902 0.014302 0.000041
68 2 1.007919 0.023388 0.000110
68 3 1.007934 0.032116 0.000210
68 4 1.007950 0.040478 0.000338
68 5 1.007965 0.048466 0.000493
68 6 1.007980 0.056071 0.000669
68 7 1.007995 0.063285 0.000865
68 8 1.008010 0.070097 0.001075
68 9 1.008025 0.076500 0.001295
68 10 1.008041 0.082488 0.001520
68 11 1.008058 0.088054 0.001743
68 12 1.008076 0.093197 0.001961
68 13 1.008094 0.097917 0.002166
68 14 1.008114 0.102217 0.002354
68 15 1.008134 0.106103 0.002519
68 16 1.008155 0.109586 0.002657
68 17 1.008177 0.112678 0.002761
68 18 1.008199 0.115398 0.002830
68 19 1.008221 0.117765 0.002858
68 20 1.008243 0.119802 0.002845
68 21 1.008265 0.121534 0.002788
68 22 1.008286 0.122989 0.002688
68 23 1.008306 0.124194 0.002544
68 24 1.008324 0.125177 0.002358
68 25 1.008341 0.125966 0.002132
68 26 1.008356 0.126587 0.001871
68 27 1.008370 0.127064 0.001577
68 28 1.008380 0.127418 0.001256
68 29 1.008388 0.127667 0.000913
68 30 1.008394 0.127825 0.000554
68 31 1.008397 0.127902 0.000186
68 32 1.008397 0.127902 -0.000186
68 33 1.008394 0.127825 -0.000554
68 34 1.008388 0.127667 -0.000913
68 35 1.008380 0.127418 -0.001256
68 36 1.008370 0.127064 -0.001577
68 37 1.008356 0.126587 -0.001871
68 38 1.008341 0.125966 -0.002132
68 39 1.008324 0.125177 -0.002358
68 40 1.008306 0.124194 -0.002544
68 41 1.008286 0.122989 -0.002688
68 42 1.008265 0.121534 -0.002788
68 43 1.008243 0.119802 -0.002845
68 44 1.008221 0.117765 -0.002858
68 45 1.008199 0.115398 -0.002830
68 46 1.008177 0.112678 -0.002761
68 47 1.008155 0.109586 -0.002657
68 48 1.008134 0.106103 -0.002519
68 49 1.008114 0.102217 -0.002354
68 50 1.008094 0.097917 -0.002166
68 51 1.008076 0.093197 -0.001961
68 52 1.008058 0.088054 -0.001743
68 53 1.008041 0.082488 -0.001520
68 54 1.008025 0.076500 -0.001295
68 55 1.008010 0.070097 -0.001075
68 56 1.007995 0.063285 -0.000865
68 57 1.007980 0.056071 -0.000669
68 58 1.007965 0.048466 -0.000493
68 59 1.007950 0.040478 -0.000338
68 60 1.007934 0.032116 -0.000210
68 61 1.007919 0.023388 -0.000110
68 62 1.007902 0.014302 -0.000041
68 63 1.007885 0.004864 -0.000006
69 0 1.007711 0.004847 0.000006
69 1 1.007727 0.014253 0.000040
69 2 1.007743 0.023309 0.000105
69 3 1.007759 0.032009 0.000201
69 4 1.007773 0.040346 0.000324
69 5 1.007788 0.048312 0.000472
69 6 1.007802 0.055898 0.000642
69 7 1.007816 0.063096 0.000829
69 8 1.007830 0.069898 0.001031
69 9 1.007845 0.076295 0.001242
69 10 1.007860 0.082282 0.001457
69 11 1.007876 0.087853 0.001672
69 12 1.007893 0.093006 0.001880
69 13 1.007911 0.097741 0.002078
69 14 1.007929 0.102062 0.002259
69 15 1.007948 0.105974 0.002418
69 16 1.007968 0.109487 0.002550
69 17 1.007989 0.112614 0.002651
69 18 1.008010 0.115371 0.002717
69 19 1.008031 0.117779 0.002746
69 20 1.008052 0.119858 0.002734
69 21 1.008073 0.121634 0.002680
69 22 1.008093 0.123132 0.002584
69 23 1.008112 0.124379 0.002446
69 24 1.008129 0.125403 0.002268
69 25 1.008146 0.126229 0.002052
69 26 1.008160 0.126884 0.001801
69 27 1.008173 0.127391 0.001518
69 28 1.008183 0.127769 0.001209
69 29 1.008191 0.128037 0.000879
69 30 1.008196 0.128208 0.000534
69 31 1.008199 0.128292 0.000179
69 32 1.008199 0.128292 -0.000179
69 33 1.008196 0.128208 -0.000534
69 34 1.008191 0.128037 -0.000879
69 35 1.008183 0.127769 -0.001209
69 36 1.008173 0.127391 -0.001518
69 37 1.008160 0.126884 -0.001801
69 38 1.008146 0.126229 -0.002052
69 39 1.008129 0.125403 -0.002268
69 40 1.008112 0.124379 -0.002446
69 41 1.008093 0.123132 -0.002584
69 42 1.008073 0.121634 -0.002680
69 43 1.008052 0.119858 -0.002734
69 44 1.008031 0.117779 -0.002746
69 45 1.008010 0.115371 -0.002717
69 46 1.007989 0.112614 -0.002651
69 47 1.007968 0.109487 -0.002550
69 48 1.007948 0.105974 -0.002418
69 49 1.007929 0.102062 -0.002259
69 50 1.007911 0.097741 -0.002078
69 51 1.007893 0.093006 -0.001880
69 52 1.007876 0.087853 -0.001672
69 53 1.007860 0.082282 -0.001457
69 54 1.007845 0.076295 -0.001242
69 55 1.007830 0.069898 -0.001031
69 56 1.007816 0.063096 -0.000829
69 57 1.007802 0.055898 -0.000642
69 58 1.007788 0.048312 -0.000472
69 59 1.007773 0.040346 -0.000324
69 60 1.007759 0.032009 -0.000201
69 61 1.007743 0.023309 -0.000105
69 62 1.007727 0.014253 -0.000040
69 63 1.007711 0.004847 -0.000006
70 0 1.007538 0.004831 0.000006
70 1 1.007554 0.014207 0.000038
70 2 1.007569 0.023234 0.000101
70 3 1.007583 0.031907 0.000193
70 4 1.007598 0.040220 0.000311
70 5 1.007611 0.048164 0.000453
70 6 1.007625 0.055732 0.000616
70 7 1.007638 0.062916 0.000795
70 8 1.007652 0.069708 0.000989
70 9 1.007666 0.076099 0.001191
70 10 1.007681 0.082085 0.001397
70 11 1.007696 0.087660 0.001604
70 12 1.007712 0.092823 0.001804
70 13 1.007728 0.097573 0.001994
70 14 1.007746 0.101913 0.002168
70 15 1.007764 0.105849 0.002321
70 16 1.007783 0.109391 0.002448
70 17 1.007803 0.112551 0.002546
70 18 1.007823 0.115345 0.002610
70 19 1.007843 0.117792 0.002638
70 20 1.007863 0.119912 0.002627
70 21 1.007882 0.121730 0.002576
70 22 1.007901 0.123270 0.002485
70 23 1.007919 0.124558 0.002353
70 24 1.007937 0.125621 0.002182
70 25 1.007952 0.126483 0.001974
70 26 1.007966 0.127171 0.001733
70 27 1.007978 0.127706 0.001461
70 28 1.007988 0.128108 0.001164
70 29 1.007995 0.128395 0.000847
70 30 1.008000 0.128578 0.000514
70 31 1.008003 0.128667 0.000172
70 32 1.008003 0.128667 -0.000172
70 33 1.008000 0.128578 -0.000514
70 34 1.007995 0.128395 -0.000847
70 35 1.007988 0.128108 -0.001164
70 36 1.007978 0.127706 -0.001461
70 37 1.007966 0.127171 -0.001733
70 38 1.007952 0.126483 -0.001974
70 39 1.007937 0.125621 -0.002182
70 40 1.007919 0.124558 -0.002353
70 41 1.007901 0.123270 -0.002485
70 42 1.007882 0.121730 -0.002576
70 43 1.007863 0.119912 -0.002627
70 44 1.007843 0.117792 -0.002638
70 45 1.007823 0.115345 -0.002610
70 46 1.007803 0.112551 -0.002546
70 47 1.007783 0.109391 -0.002448
70 48 1.007764 0.105849 -0.002321
70 49 1.007746 0.101913 -0.002168
70 50 1.007728 0.097573 -0.001994
70 51 1.007712 0.092823 -0.001804
70 52 1.007696 0.087660 -0.001604
70 53 1.007681 0.082085 -0.001397
70 54 1.007666 0.076099 -0.001191
70 55 1.007652 0.069708 -0.000989
70 56 1.007638 0.062916 -0.000795
70 57 1.007625 0.055732 -0.000616
70 58 1.007611 0.048164 -0.000453
70 59 1.007598 0.040220 -0.000311
70 60 1.007583 0.031907 -0.000193
70 61 1.007569 0.023234 -0.000101
70 62 1.007554 0.014207 -0.000038
70 63 1.007538 0.004831 -0.000006
71 0 1.007365 0.004816 0.000005
71 1 1.007381 0.014162 0.000036
71 2 1.007395 0.023161 0.000097
71 3 1.007409 0.031809 0.000185
71 4 1.007423 0.040099 0.000298
71 5 1.007436 0.048023 0.000435
71 6 1.007449 0.055574 0.000591
71 7 1.007462 0.062744 0.000763
71 8 1.007475 0.069525 0.000949
71 9 1.007488 0.075912 0.001143
71 10 1.007502 0.081896 0.001341
71 11 1.007516 0.087476 0.001539
71 12 1.007531 0.092647 0.001731
71 13 1.007547 0.097411 0.001914
71 14 1.007564 0.101770 0.002081
71 15 1.007581 0.105730 0.002228
71 16 1.007599 0.109300 0.002351
71 17 1.007618 0.112492 0.002446
71 18 1.007637 0.115321 0.002508
71 19 1.007656 0.117805 0.002535
71 20 1.007675 0.119964 0.002526
71 21 1.007694 0.121822 0.002477
71 22 1.007712 0.123402 0.002390
71 23 1.007729 0.124730 0.002263
71 24 1.007745 0.125830 0.002099
71 25 1.007760 0.126728 0.001900
71 26 1.007773 0.127448 0.001668
71 27 1.007785 0.128010 0.001407
71 28 1.007794 0.128435 0.001121
71 29 1.007801 0.128739 0.000815
71 30 1.007806 0.128935 0.000495
71 31 1.007809 0.129030 0.000166
71 32 1.007809 0.129030 -0.000166
71 33 1.007806 0.128935 -0.000495
71 34 1.007801 0.128739 -0.000815
71 35 1.007794 0.128435 -0.001121
71 36 1.007785 0.128010 -0.001407
71 37 1.007773 0.127448 -0.001668
71 38 1.007760 0.126728 -0.001900
71 39 1.007745 0.125830 -0.002099
71 40 1.007729 0.124730 -0.002263
71 41 1.007712 0.123402 -0.002390
71 42 1.007694 0.121822 -0.002477
71 43 1.007675 0.119964 -0.002526
71 44 1.007656 0.117805 -0.002535
71 45 1.007637 0.115321 -0.002508
71 46 1.007618 0.112492 -0.002446
71 47 1.007599 0.109300 -0.002351
71 48 1.007581 0.105730 -0.002228
71 49 1.007564 0.101770 -0.002081
71 50 1.007547 0.097411 -0.001914
71 51 1.007531 0.092647 -0.001731
71 52 1.007516 0.087476 -0.001539
71 53 1.007502 0.081896 -0.001341
71 54 1.007488 0.075912 -0.001143
71 55 1.007475 0.069525 -0.000949
71 56 1.007462 0.062744 -0.000763
71 57 1.007449 0.055574 -0.000591
71 58 1.007436 0.048023 -0.000435
71 59 1.007423 0.040099 -0.000298
71 60 1.007409 0.031809 -0.000185
71 61 1.007395 0.023161 -0.000097
71 62 1.007381 0.014162 -0.000036
71 63 1.007365 0.004816 -0.000005
72 0 1.007194 0.004801 0.000005
72 1 1.007209 0.014119 0.000035
72 2 1.007223 0.023092 0.000093
72 3 1.007236 0.031715 0.000178
72 4 1.007249 0.039983 0.000287
72 5 1.007262 0.047887 0.000417
72 6 1.007274 0.055422 0.000567
72 7 1.007286 0.062579 0.000733
72 8 1.007299 0.069351 0.000911
72 9 1.007311 0.075732 0.001097
72 10 1.007324 0.081716 0.001287
72 11 1.007338 0.087299 0.001477
72 12 1.007352 0.092479 0.001662
72 13 1.007368 0.097256 0.001838
72 14 1.007383 0.101633 0.001999
72 15 1.007400 0.105616 0.002140
72 16 1.007417 0.109212 0.002259
72 17 1.007435 0.112435 0.002350
72 18 1.007453 0.115297 0.002410
72 19 1.007471 0.117817 0.002437
72 20 1.007489 0.120015 0.002428
72 21 1.007507 0.121911 0.002382
72 22 1.007524 0.123530 0.002299
72 23 1.007540 0.124896 0.002178
72 24 1.007556 0.126032 0.002020
72 25 1.007570 0.126964 0.001829
72 26 1.007583 0.127714 0.001605
72 27 1.007594 0.128303 0.001354
72 28 1.007603 0.128751 0.001079
72 29 1.007609 0.129072 0.000785
72 30 1.007614 0.129279 0.000477
72 31 1.007616 0.129380 0.000160
72 32 1.007616 0.129380 -0.000160
72 33 1.007614 0.129279 -0.000477
72 34 1.007609 0.129072 -0.000785
72 35 1.007603 0.128751 -0.001079
72 36 1.007594 0.128303 -0.001354
72 37 1.007583 0.127714 -0.001605
72 38 1.007570 0.126964 -0.001829
72 39 1.007556 0.126032 -0.002020
72 40 1.007540 0.124896 -0.002178
72 41 1.007524 0.123530 -0.002299
72 42 1.007507 0.121911 -0.002382
72 43 1.007489 0.120015 -0.002428
72 44 1.007471 0.117817 -0.002437
72 45 1.007453 0.115297 -0.002410
72 46 1.007435 0.112435 -0.002350
72 47 1.007417 0.109212 -0.002259
72 48 1.007400 0.105616 -0.002140
72 49 1.007383 0.101633 -0.001999
72 50 1.007368 0.097256 -0.001838
72 51 1.007352 0.092479 -0.001662
72 52 1.007338 0.087299 -0.001477
72 53 1.007324 0.081716 -0.001287
72 54 1.007311 0.075732 -0.001097
72 55 1.007299 0.069351 -0.000911
72 56 1.007286 0.062579 -0.000733
72 57 1.007274 0.055422 -0.000567
72 58 1.007262 0.047887 -0.000417
72 59 1.007249 0.039983 -0.000287
72 60 1.007236 0.031715 -0.000178
72 61 1.007223 0.023092 -0.000093
72 62 1.007209 0.014119 -0.000035
72 63 1.007194 0.004801 -0.000005
73 0 1.007023 0.004787 0.000005
73 1 1.007037 0.014078 0.000034
73 2 1.007051 0.023026 0.000090
73 3 1.007064 0.031626 0.000171
73 4 1.007076 0.039872 0.000275
73 5 1.007088 0.047758 0.000401
73 6 1.007100 0.055276 0.000545
73 7 1.007112 0.062421 0.000704
73 8 1.007123 0.069184 0.000875
73 9 1.007135 0.075560 0.001053
73 10 1.007148 0.081543 0.001236
73 11 1.007161 0.087130 0.001419
73 12 1.007175 0.092318 0.001597
73 13 1.007189 0.097108 0.001765
73 14 1.007204 0.101502 0.001920
73 15 1.007220 0.105506 0.002056
73 16 1.007236 0.109128 0.002171
73 17 1.007253 0.112380 0.002259
73 18 1.007270 0.115275 0.002317
73 19 1.007287 0.117829 0.002343
73 20 1.007304 0.120063 0.002335
73 21 1.007321 0.121997 0.002291
73 22 1.007338 0.123653 0.002211
73 23 1.007353 0.125056 0.002095
73 24 1.007368 0.126227 0.001944
73 25 1.007382 0.127192 0.001760
73 26 1.007394 0.127971 0.001545
73 27 1.007404 0.128586 0.001304
73 28 1.007413 0.129055 0.001039
73 29 1.007419 0.129393 0.000756
73 30 1.007424 0.129611 0.000459
73 31 1.007426 0.129718 0.000154
73 32 1.007426 0.129718 -0.000154
73 33 1.007424 0.129611 -0.000459
73 34 1.007419 0.129393 -0.000756
73 35 1.007413 0.129055 -0.001039
73 36 1.007404 0.128586 -0.001304
73 37 1.007394 0.127971 -0.001545
73 38 1.007382 0.127192 -0.001760
73 39 1.007368 0.126227 -0.001944
73 40 1.007353 0.125056 -0.002095
73 41 1.007338 0.123653 -0.002211
73 42 1.007321 0.121997 -0.002291
73 43 1.007304 0.120063 -0.002335
73 44 1.007287 0.117829 -0.002343
73 45 1.007270 0.115275 -0.002317
73 46 1.007253 0.112380 -0.002259
73 47 1.007236 0.109128 -0.002171
73 48 1.007220 0.105506 -0.002056
73 49 1.007204 0.101502 -0.001920
73 50 1.007189 0.097108 -0.001765
73 51 1.007175 0.092318 -0.001597
73 52 1.007161 0.087130 -0.001419
73 53 1.007148 0.081543 -0.001236
73 54 1.007135 0.075560 -0.001053
73 55 1.007123 0.069184 -0.000875
73 56 1.007112 0.062421 -0.000704
73 57 1.007100 0.055276 -0.000545
73 58 1.007088 0.047758 -0.000401
73 59 1.007076 0.039872 -0.000275
73 60 1.007064 0.031626 -0.000171
73 61 1.007051 0.023026 -0.000090
73 62 1.007037 0.014078 -0.000034
73 63 1.007023 0.004787 -0.000005
74 0 1.006853 0.004774 0.000005
74 1 1.006867 0.014039 0.000032
74 2 1.006880 0.022962 0.000086
74 3 1.006892 0.031540 0.000164
74 4 1.006904 0.039765 0.000265
74 5 1.006915 0.047633 0.000385
74 6 1.006927 0.055137 0.000523
74 7 1.006938 0.062269 0.000676
74 8 1.006949 0.069024 0.000840
74 9 1.006961 0.075395 0.001012
74 10 1.006972 0.081377 0.001188
74 11 1.006985 0.086967 0.001363
74 12 1.006998 0.092163 0.001534
74 13 1.007011 0.096966 0.001696
74 14 1.007026 0.101376 0.001845
74 15 1.007041 0.105401 0.001976
74 16 1.007056 0.109048 0.002086
74 17 1.007072 0.112327 0.002171
74 18 1.007088 0.115253 0.002228
74 19 1.007105 0.117841 0.002253
74 20 1.007121 0.120110 0.002246
74 21 1.007137 0.122080 0.002204
74 22 1.007153 0.123772 0.002128
74 23 1.007168 0.125210 0.002016
74 24 1.007182 0.126415 0.001871
74 25 1.007195 0.127411 0.001694
74 26 1.007206 0.128220 0.001488
74 27 1.007216 0.128860 0.001255
74 28 1.007224 0.129349 0.001001
74 29 1.007231 0.129702 0.000728
74 30 1.007235 0.129931 0.000442
74 31 1.007237 0.130044 0.000148
74 32 1.007237 0.130044 -0.000148
74 33 1.007235 0.129931 -0.000442
74 34 1.007231 0.129702 -0.000728
74 35 1.007224 0.129349 -0.001001
74 36 1.007216 0.128860 -0.001255
74 37 1.007206 0.128220 -0.001488
74 38 1.007195 0.127411 -0.001694
74 39 1.007182 0.126415 -0.001871
74 40 1.007168 0.125210 -0.002016
74 41 1.007153 0.123772 -0.002128
74 42 1.007137 0.122080 -0.002204
74 43 1.007121 0.120110 -0.002246
74 44 1.007105 0.117841 -0.002253
74 45 1.007088 0.115253 -0.002228
74 46 1.007072 0.112327 -0.002171
74 47 1.007056 0.109048 -0.002086
74 48 1.007041 0.105401 -0.001976
74 49 1.007026 0.101376 -0.001845
74 50 1.007011 0.096966 -0.001696
74 51 1.006998 0.092163 -0.001534
74 52 1.006985 0.086967 -0.001363
74 53 1.006972 0.081377 -0.001188
74 54 1.006961 0.075395 -0.001012
74 55 1.006949 0.069024 -0.000840
74 56 1.006938 0.062269 -0.000676
74 57 1.006927 0.055137 -0.000523
74 58 1.006915 0.047633 -0.000385
74 59 1.006904 0.039765 -0.000265
74 60 1.006892 0.031540 -0.000164
74 61 1.006880 0.022962 -0.000086
74 62 1.006867 0.014039 -0.000032
74 63 1.006853 0.004774 -0.000005
75 0 1.006684 0.004761 0.000005
75 1 1.006697 0.014001 0.000031
75 2 1.006709 0.022901 0.000083
75 3 1.006721 0.031457 0.000158
75 4 1.006733 0.039663 0.000255
75 5 1.006744 0.047514 0.000371
75 6 1.006754 0.055003 0.000503
75 7 1.006765 0.062124 0.000650
75 8 1.006776 0.068871 0.000808
75 9 1.006787 0.075237 0.000973
75 10 1.006798 0.081219 0.001142
75 11 1.006810 0.086812 0.001310
75 12 1.006822 0.092015 0.001474
75 13 1.006835 0.096829 0.001630
75 14 1.006849 0.101256 0.001773
75 15 1.006863 0.105301 0.001900
75 16 1.006877 0.108971 0.002006
75 17 1.006893 0.112277 0.002088
75 18 1.006908 0.115233 0.002142
75 19 1.006924 0.117853 0.002167
75 20 1.006939 0.120155 0.002161
75 21 1.006955 0.122160 0.002121
75 22 1.006970 0.123887 0.002047
75 23 1.006984 0.125358 0.001940
75 24 1.006997 0.126597 0.001801
75 25 1.007010 0.127623 0.001631
75 26 1.007021 0.128459 0.001433
75 27 1.007030 0.129123 0.001209
75 28 1.007038 0.129632 0.000964
75 29 1.007044 0.130001 0.000701
75 30 1.007048 0.130241 0.000426
75 31 1.007050 0.130359 0.000143
75 32 1.007050 0.130359 -0.000143
75 33 1.007048 0.130241 -0.000426
75 34 1.007044 0.130001 -0.000701
75 35 1.007038 0.129632 -0.000964
75 36 1.007030 0.129123 -0.001209
75 37 1.007021 0.128459 -0.001433
75 38 1.007010 0.127623 -0.001631
75 39 1.006997 0.126597 -0.001801
75 40 1.006984 0.125358 -0.001940
75 41 1.006970 0.123887 -0.002047
75 42 1.006955 0.122160 -0.002121
75 43 1.006939 0.120155 -0.002161
75 44 1.006924 0.117853 -0.002167
75 45 1.006908 0.115233 -0.002142
75 46 1.006893 0.112277 -0.002088
75 47 1.006877 0.108971 -0.002006
75 48 1.006863 0.105301 -0.001900
75 49 1.006849 0.101256 -0.001773
75 50 1.006835 0.096829 -0.001630
75 51 1.006822 0.092015 -0.001474
75 52 1.006810 0.086812 -0.001310
75 53 1.006798 0.081219 -0.001142
75 54 1.006787 0.075237 -0.000973
75 55 1.006776 0.068871 -0.000808
75 56 1.006765 0.062124 -0.000650
75 57 1.006754 0.055003 -0.000503
75 58 1.006744 0.047514 -0.000371
75 59 1.006733 0.039663 -0.000255
75 60 1.006721 0.031457 -0.000158
75 61 1.006709 0.022901 -0.000083
75 62 1.006697 0.014001 -0.000031
75 63 1.006684 0.004761 -0.000005
76 0 1.006515 0.004748 0.000004
76 1 1.006528 0.013965 0.000030
76 2 1.006540 0.022843 0.000080
76 3 1.006551 0.031378 0.000152
76 4 1.006562 0.039566 0.000245
76 5 1.006573 0.047400 0.000356
76 6 1.006583 0.054875 0.000484
76 7 1.006593 0.061985 0.000625
76 8 1.006603 0.068724 0.000777
76 9 1.006614 0.075086 0.000935
76 10 1.006625 0.081067 0.001098
76 11 1.006636 0.086663 0.001260
76 12 1.006648 0.091874 0.001418
76 13 1.006660 0.096699 0.001567
76 14 1.006673 0.101141 0.001705
76 15 1.006686 0.105205 0.001827
76 16 1.006700 0.108897 0.001929
76 17 1.006714 0.112230 0.002008
76 18 1.006729 0.115214 0.002061
76 19 1.006744 0.117865 0.002085
76 20 1.006759 0.120200 0.002079
76 21 1.006774 0.122237 0.002041
76 22 1.006788 0.123997 0.001970
76 23 1.006801 0.125502 0.001868
76 24 1.006814 0.126772 0.001734
76 25 1.006826 0.127828 0.001570
76 26 1.006836 0.128690 0.001379
76 27 1.006845 0.129377 0.001164
76 28 1.006853 0.129906 0.000928
76 29 1.006859 0.130290 0.000675
76 30 1.006862 0.130540 0.000410
76 31 1.006864 0.130663 0.000138
76 32 1.006864 0.130663 -0.000138
76 33 1.006862 0.130540 -0.000410
76 34 1.006859 0.130290 -0.000675
76 35 1.006853 0.129906 -0.000928
76 36 1.006845 0.129377 -0.001164
76 37 1.006836 0.128690 -0.001379
76 38 1.006826 0.127828 -0.001570
76 39 1.006814 0.126772 -0.001734
76 40 1.006801 0.125502 -0.001868
76 41 1.006788 0.123997 -0.001970
76 42 1.006774 0.122237 -0.002041
76 43 1.006759 0.120200 -0.002079
76 44 1.006744 0.117865 -0.002085
76 45 1.006729 0.115214 -0.002061
76 46 1.006714 0.112230 -0.002008
76 47 1.006700 0.108897 -0.001929
76 48 1.006686 0.105205 -0.001827
76 49 1.006673 0.101141 -0.001705
76 50 1.006660 0.096699 -0.001567
76 51 1.006648 0.091874 -0.001418
76 52 1.006636 0.086663 -0.001260
76 53 1.006625 0.081067 -0.001098
76 54 1.006614 0.075086 -0.000935
76 55 1.006603 0.068724 -0.000777
76 56 1.006593 0.061985 -0.000625
76 57 1.006583 0.054875 -0.000484
76 58 1.006573 0.047400 -0.000356
76 59 1.006562 0.039566 -0.000245
76 60 1.006551 0.031378 -0.000152
76 61 1.006540 0.022843 -0.000080
76 62 1.006528 0.013965 -0.000030
76 63 1.006515 0.004748 -0.000004
77 0 1.006347 0.004736 0.000004
77 1 1.006359 0.013930 0.000029
77 2 1.006371 0.022786 0.000077
77 3 1.006382 0.031302 0.000146
77 4 1.006392 0.039472 0.000236
77 5 1.006402 0.047290 0.000343
77 6 1.006412 0.054752 0.000466
77 7 1.006422 0.061852 0.000601
77 8 1.006432 0.068583 0.000747
77 9 1.006442 0.074941 0.000900
77 10 1.006452 0.080921 0.001056
77 11 1.006463 0.086520 0.001212
77 12 1.006474 0.091738 0.001363
77 13 1.006486 0.096574 0.001508
77 14 1.006498 0.101030 0.001640
77 15 1.006511 0.105112 0.001757
77 16 1.006524 0.108827 0.001856
77 17 1.006537 0.112184 0.001932
77 18 1.006551 0.115196 0.001983
77 19 1.006566 0.117876 0.002006
77 20 1.006580 0.120242 0.002001
77 21 1.006594 0.122312 0.001964
77 22 1.006607 0.124105 0.001897
77 23 1.006620 0.125641 0.001798
77 24 1.006632 0.126941 0.001669
77 25 1.006644 0.128025 0.001512
77 26 1.006654 0.128913 0.001328
77 27 1.006662 0.129623 0.001121
77 28 1.006669 0.130170 0.000894
77 29 1.006675 0.130569 0.000650
77 30 1.006679 0.130828 0.000395
77 31 1.006680 0.130956 0.000132
77 32 1.006680 0.130956 -0.000132
77 33 1.006679 0.130828 -0.000395
77 34 1.006675 0.130569 -0.000650
77 35 1.006669 0.130170 -0.000894
77 36 1.006662 0.129623 -0.001121
77 37 1.006654 0.128913 -0.001328
77 38 1.006644 0.128025 -0.001512
77 39 1.006632 0.126941 -0.001669
77 40 1.006620 0.125641 -0.001798
77 41 1.006607 0.124105 -0.001897
77 42 1.006594 0.122312 -0.001964
77 43 1.006580 0.120242 -0.002001
77 44 1.006566 0.117876 -0.002006
77 45 1.006551 0.115196 -0.001983
77 46 1.006537 0.112184 -0.001932
77 47 1.006524 0.108827 -0.001856
77 48 1.006511 0.105112 -0.001757
77 49 1.006498 0.101030 -0.001640
77 50 1.006486 0.096574 -0.001508
77 51 1.006474 0.091738 -0.001363
77 52 1.006463 0.086520 -0.001212
77 53 1.006452 0.080921 -0.001056
77 54 1.006442 0.074941 -0.000900
77 55 1.006432 0.068583 -0.000747
77 56 1.006422 0.061852 -0.000601
77 57 1.006412 0.054752 -0.000466
77 58 1.006402 0.047290 -0.000343
77 59 1.006392 0.039472 -0.000236
77 60 1.006382 0.031302 -0.000146
77 61 1.006371 0.022786 -0.000077
77 62 1.006359 0.013930 -0.000029
77 63 1.006347 0.004736 -0.000004
78 0 1.006180 0.004725 0.000004
78 1 1.006192 0.013896 0.000028
78 2 1.006203 0.022732 0.000074
78 3 1.006213 0.031229 0.000141
78 4 1.006223 0.039381 0.000227
78 5 1.006233 0.047185 0.000330
78 6 1.006242 0.054634 0.000448
78 7 1.006252 0.061724 0.000579
78 8 1.006261 0.068448 0.000719
78 9 1.006271 0.074801 0.000866
78 10 1.006280 0.080781 0.001016
78 11 1.006291 0.086384 0.001166
78 12 1.006301 0.091608 0.001312
78 13 1.006312 0.096454 0.001450
78 14 1.006324 0.100925 0.001578
78 15 1.006336 0.105024 0.001691
78 16 1.006349 0.108760 0.001785
78 17 1.006362 0.112141 0.001859
78 18 1.006375 0.115179 0.001908
78 19 1.006388 0.117888 0.001931
78 20 1.006402 0.120284 0.001926
78 21 1.006415 0.122384 0.001891
78 22 1.006428 0.124208 0.001826
78 23 1.006441 0.125775 0.001731
78 24 1.006452 0.127104 0.001608
78 25 1.006463 0.128216 0.001456
78 26 1.006472 0.129129 0.001279
78 27 1.006481 0.129860 0.001080
78 28 1.006487 0.130426 0.000861
78 29 1.006493 0.130838 0.000626
78 30 1.006496 0.131107 0.000381
78 31 1.006498 0.131239 0.000128
78 32 1.006498 0.131239 -0.000128
78 33 1.006496 0.131107 -0.000381
78 34 1.006493 0.130838 -0.000626
78 35 1.006487 0.130426 -0.000861
78 36 1.006481 0.129860 -0.001080
78 37 1.006472 0.129129 -0.001279
78 38 1.006463 0.128216 -0.001456
78 39 1.006452 0.127104 -0.001608
78 40 1.006441 0.125775 -0.001731
78 41 1.006428 0.124208 -0.001826
78 42 1.006415 0.122384 -0.001891
78 43 1.006402 0.120284 -0.001926
78 44 1.006388 0.117888 -0.001931
78 45 1.006375 0.115179 -0.001908
78 46 1.006362 0.112141 -0.001859
78 47 1.006349 0.108760 -0.001785
78 48 1.006336 0.105024 -0.001691
78 49 1.006324 0.100925 -0.001578
78 50 1.006312 0.096454 -0.001450
78 51 1.006301 0.091608 -0.001312
78 52 1.006291 0.086384 -0.001166
78 53 1.006280 0.080781 -0.001016
78 54 1.006271 0.074801 -0.000866
78 55 1.006261 0.068448 -0.000719
78 56 1.006252 0.061724 -0.000579
78 57 1.006242 0.054634 -0.000448
78 58 1.006233 0.047185 -0.000330
78 59 1.006223 0.039381 -0.000227
78 60 1.006213 0.031229 -0.000141
78 61 1.006203 0.022732 -0.000074
78 62 1.006192 0.013896 -0.000028
78 63 1.006180 0.004725 -0.000004
79 0 1.006013 0.004713 0.000004
79 1 1.006025 0.013864 0.000027
79 2 1.006035 0.022680 0.000071
79 3 1.006045 0.031158 0.000136
79 4 1.006055 0.039295 0.000219
79 5 1.006064 0.047084 0.000318
79 6 1.006073 0.054521 0.000432
79 7 1.006082 0.061601 0.000557
79 8 1.006091 0.068318 0.000692
79 9 1.006100 0.074668 0.000833
79 10 1.006110 0.080647 0.000978
79 11 1.006119 0.086252 0.001122
79 12 1.006129 0.091483 0.001262
79 13 1.006140 0.096339 0.001396
79 14 1.006151 0.100823 0.001519
79 15 1.006163 0.104940 0.001627
79 16 1.006175 0.108696 0.001718
79 17 1.006187 0.112100 0.001789
79 18 1.006200 0.115163 0.001837
79 19 1.006212 0.117900 0.001859
79 20 1.006225 0.120325 0.001854
79 21 1.006238 0.122455 0.001821
79 22 1.006250 0.124308 0.001758
79 23 1.006262 0.125904 0.001667
79 24 1.006273 0.127262 0.001548
79 25 1.006283 0.128400 0.001403
79 26 1.006292 0.129337 0.001232
79 27 1.006300 0.130090 0.001040
79 28 1.006307 0.130672 0.000829
79 29 1.006312 0.131098 0.000604
79 30 1.006315 0.131376 0.000367
79 31 1.006317 0.131513 0.000123
79 32 1.006317 0.131513 -0.000123
79 33 1.006315 0.131376 -0.000367
79 34 1.006312 0.131098 -0.000604
79 35 1.006307 0.130672 -0.000829
79 36 1.006300 0.130090 -0.001040
79 37 1.006292 0.129337 -0.001232
79 38 1.006283 0.128400 -0.001403
79 39 1.006273 0.127262 -0.001548
79 40 1.006262 0.125904 -0.001667
79 41 1.006250 0.124308 -0.001758
79 42 1.006238 0.122455 -0.001821
79 43 1.006225 0.120325 -0.001854
79 44 1.006212 0.117900 -0.001859
79 45 1.006200 0.115163 -0.001837
79 46 1.006187 0.112100 -0.001789
79 47 1.006175 0.108696 -0.001718
79 48 1.006163 0.104940 -0.001627
79 49 1.006151 0.100823 -0.001519
79 50 1.006140 0.096339 -0.001396
79 51 1.006129 0.091483 -0.001262
79 52 1.006119 0.086252 -0.001122
79 53 1.006110 0.080647 -0.000978
79 54 1.006100 0.074668 -0.000833
79 55 1.006091 0.068318 -0.000692
79 56 1.006082 0.061601 -0.000557
79 57 1.006073 0.054521 -0.000432
79 58 1.006064 0.047084 -0.000318
79 59 1.006055 0.039295 -0.000219
79 60 1.006045 0.031158 -0.000136
79 61 1.006035 0.022680 -0.000071
79 62 1.006025 0.013864 -0.000027
79 63 1.006013 0.004713 -0.000004
80 0 1.005847 0.004703 0.000004
80 1 1.005858 0.013833 0.000026
80 2 1.005869 0.022630 0.000069
80 3 1.005878 0.031091 0.000131
80 4 1.005888 0.039211 0.000211
80 5 1.005896 0.046987 0.000306
80 6 1.005905 0.054412 0.000416
80 7 1.005914 0.061483 0.000537
80 8 1.005922 0.068193 0.000667
80 9 1.005931 0.074540 0.000802
80 10 1.005940 0.080519 0.000941
80 11 1.005949 0.086127 0.001080
80 12 1.005959 0.091364 0.001215
80 13 1.005969 0.096229 0.001344
80 14 1.005979 0.100727 0.001462
80 15 1.005990 0.104859 0.001567
80 16 1.006002 0.108635 0.001654
80 17 1.006013 0.112061 0.001722
80 18 1.006025 0.115149 0.001768
80 19 1.006038 0.117912 0.001790
80 20 1.006050 0.120364 0.001785
80 21 1.006062 0.122523 0.001753
80 22 1.006074 0.124405 0.001693
80 23 1.006085 0.126030 0.001606
80 24 1.006095 0.127415 0.001491
80 25 1.006105 0.128578 0.001351
80 26 1.006114 0.129538 0.001187
80 27 1.006121 0.130311 0.001002
80 28 1.006127 0.130911 0.000799
80 29 1.006132 0.131349 0.000581
80 30 1.006135 0.131636 0.000353
80 31 1.006137 0.131778 0.000118
80 32 1.006137 0.131778 -0.000118
80 33 1.006135 0.131636 -0.000353
80 34 1.006132 0.131349 -0.000581
80 35 1.006127 0.130911 -0.000799
80 36 1.006121 0.130311 -0.001002
80 37 1.006114 0.129538 -0.001187
80 38 1.006105 0.128578 -0.001351
80 39 1.006095 0.127415 -0.001491
80 40 1.006085 0.126030 -0.001606
80 41 1.006074 0.124405 -0.001693
80 42 1.006062 0.122523 -0.001753
80 43 1.006050 0.120364 -0.001785
80 44 1.006038 0.117912 -0.001790
80 45 1.006025 0.115149 -0.001768
80 46 1.006013 0.112061 -0.001722
80 47 1.006002 0.108635 -0.001654
80 48 1.005990 0.104859 -0.001567
80 49 1.005979 0.100727 -0.001462
80 50 1.005969 0.096229 -0.001344
80 51 1.005959 0.091364 -0.001215
80 52 1.005949 0.086127 -0.001080
80 53 1.005940 0.080519 -0.000941
80 54 1.005931 0.074540 -0.000802
80 55 1.005922 0.068193 -0.000667
80 56 1.005914 0.061483 -0.000537
80 57 1.005905 0.054412 -0.000416
80 58 1.005896 0.046987 -0.000306
80 59 1.005888 0.039211 -0.000211
80 60 1.005878 0.031091 -0.000131
80 61 1.005869 0.022630 -0.000069
80 62 1.005858 0.013833 -0.000026
80 63 1.005847 0.004703 -0.000004
81 0 1.005682 0.004692 0.000004
81 1 1.005693 0.013803 0.000025
81 2 1.005702 0.022582 0.000066
81 3 1.005712 0.031026 0.000126
81 4 1.005721 0.039131 0.000203
81 5 1.005729 0.046894 0.000295
81 6 1.005738 0.054308 0.000401
81 7 1.005746 0.061370 0.000517
81 8 1.005754 0.068074 0.000642
81 9 1.005762 0.074417 0.000773
81 10 1.005771 0.080395 0.000907
81 11 1.005779 0.086006 0.001040
81 12 1.005789 0.091249 0.001170
81 13 1.005798 0.096124 0.001294
81 14 1.005808 0.100634 0.001408
81 15 1.005819 0.104782 0.001508
81 16 1.005829 0.108576 0.001593
81 17 1.005841 0.112023 0.001659
81 18 1.005852 0.115135 0.001703
81 19 1.005864 0.117923 0.001724
81 20 1.005875 0.120403 0.001719
81 21 1.005887 0.122589 0.001689
81 22 1.005898 0.124499 0.001631
81 23 1.005909 0.126151 0.001547
81 24 1.005919 0.127562 0.001437
81 25 1.005928 0.128750 0.001302
81 26 1.005936 0.129733 0.001144
81 27 1.005944 0.130525 0.000966
81 28 1.005950 0.131141 0.000770
81 29 1.005954 0.131592 0.000560
81 30 1.005957 0.131887 0.000340
81 31 1.005959 0.132033 0.000114
81 32 1.005959 0.132033 -0.000114
81 33 1.005957 0.131887 -0.000340
81 34 1.005954 0.131592 -0.000560
81 35 1.005950 0.131141 -0.000770
81 36 1.005944 0.130525 -0.000966
81 37 1.005936 0.129733 -0.001144
81 38 1.005928 0.128750 -0.001302
81 39 1.005919 0.127562 -0.001437
81 40 1.005909 0.126151 -0.001547
81 41 1.005898 0.124499 -0.001631
81 42 1.005887 0.122589 -0.001689
81 43 1.005875 0.120403 -0.001719
81 44 1.005864 0.117923 -0.001724
81 45 1.005852 0.115135 -0.001703
81 46 1.005841 0.112023 -0.001659
81 47 1.005829 0.108576 -0.001593
81 48 1.005819 0.104782 -0.001508
81 49 1.005808 0.100634 -0.001408
81 50 1.005798 0.096124 -0.001294
81 51 1.005789 0.091249 -0.001170
81 52 1.005779 0.086006 -0.001040
81 53 1.005771 0.080395 -0.000907
81 54 1.005762 0.074417 -0.000773
81 55 1.005754 0.068074 -0.000642
81 56 1.005746 0.061370 -0.000517
81 57 1.005738 0.054308 -0.000401
81 58 1.005729 0.046894 -0.000295
81 59 1.005721 0.039131 -0.000203
81 60 1.005712 0.031026 -0.000126
81 61 1.005702 0.022582 -0.000066
81 62 1.005693 0.013803 -0.000025
81 63 1.005682 0.004692 -0.000004
82 0 1.005517 0.004683 0.000004
82 1 1.005527 0.013774 0.000024
82 2 1.005537 0.022536 0.000064
82 3 1.005546 0.030964 0.000122
82 4 1.005554 0.039055 0.000196
82 5 1.005563 0.046804 0.000285
82 6 1.005571 0.054208 0.000386
82 7 1.005579 0.061261 0.000498
82 8 1.005586 0.067960 0.000619
82 9 1.005594 0.074299 0.000745
82 10 1.005602 0.080277 0.000873
82 11 1.005611 0.085891 0.001002
82 12 1.005619 0.091139 0.001127
82 13 1.005629 0.096023 0.001246
82 14 1.005638 0.100545 0.001356
82 15 1.005648 0.104709 0.001453
82 16 1.005658 0.108520 0.001534
82 17 1.005669 0.111988 0.001598
82 18 1.005680 0.115123 0.001640
82 19 1.005691 0.117935 0.001660
82 20 1.005702 0.120441 0.001656
82 21 1.005713 0.122653 0.001627
82 22 1.005724 0.124590 0.001571
82 23 1.005734 0.126268 0.001490
82 24 1.005744 0.127705 0.001384
82 25 1.005752 0.128917 0.001254
82 26 1.005760 0.129921 0.001102
82 27 1.005767 0.130732 0.000931
82 28 1.005773 0.131363 0.000742
82 29 1.005777 0.131827 0.000540
82 30 1.005780 0.132130 0.000328
82 31 1.005782 0.132281 0.000110
82 32 1.005782 0.132281 -0.000110
82 33 1.005780 0.132130 -0.000328
82 34 1.005777 0.131827 -0.000540
82 35 1.005773 0.131363 -0.000742
82 36 1.005767 0.130732 -0.000931
82 37 1.005760 0.129921 -0.001102
82 38 1.005752 0.128917 -0.001254
82 39 1.005744 0.127705 -0.001384
82 40 1.005734 0.126268 -0.001490
82 41 1.005724 0.124590 -0.001571
82 42 1.005713 0.122653 -0.001627
82 43 1.005702 0.120441 -0.001656
82 44 1.005691 0.117935 -0.001660
82 45 1.005680 0.115123 -0.001640
82 46 1.005669 0.111988 -0.001598
82 47 1.005658 0.108520 -0.001534
82 48 1.005648 0.104709 -0.001453
82 49 1.005638 0.100545 -0.001356
82 50 1.005629 0.096023 -0.001246
82 51 1.005619 0.091139 -0.001127
82 52 1.005611 0.085891 -0.001002
82 53 1.005602 0.080277 -0.000873
82 54 1.005594 0.074299 -0.000745
82 55 1.005586 0.067960 -0.000619
82 56 1.005579 0.061261 -0.000498
82 57 1.005571 0.054208 -0.000386
82 58 1.005563 0.046804 -0.000285
82 59 1.005554 0.039055 -0.000196
82 60 1.005546 0.030964 -0.000122
82 61 1.005537 0.022536 -0.000064
82 62 1.005527 0.013774 -0.000024
82 63 1.005517 0.004683 -0.000004
83 0 1.005353 0.004673 0.000003
83 1 1.005363 0.013747 0.000023
83 2 1.005372 0.022491 0.000062
83 3 1.005381 0.030904 0.000118
83 4 1.005389 0.038981 0.000189
83 5 1.005397 0.046718 0.000275
83 6 1.005405 0.054112 0.000373
83 7 1.005412 0.061157 0.000481
83 8 1.005419 0.067850 0.000596
83 9 1.005427 0.074186 0.000718
83 10 1.005435 0.080164 0.000842
83 11 1.005443 0.085780 0.000966
83 12 1.005451 0.091034 0.001086
83 13 1.005460 0.095927 0.001201
83 14 1.005469 0.100460 0.001306
83 15 1.005478 0.104638 0.001400
83 16 1.005488 0.108467 0.001478
83 17 1.005498 0.111955 0.001539
83 18 1.005509 0.115111 0.001580
83 19 1.005519 0.117947 0.001599
83 20 1.005530 0.120477 0.001596
83 21 1.005540 0.122716 0.001567
83 22 1.005550 0.124679 0.001514
83 23 1.005560 0.126382 0.001436
83 24 1.005569 0.127843 0.001334
83 25 1.005578 0.129078 0.001209
83 26 1.005585 0.130103 0.001062
83 27 1.005592 0.130932 0.000897
83 28 1.005597 0.131579 0.000715
83 29 1.005601 0.132053 0.000520
83 30 1.005604 0.132365 0.000316
83 31 1.005606 0.132519 0.000106
83 32 1.005606 0.132519 -0.000106
83 33 1.005604 0.132365 -0.000316
83 34 1.005601 0.132053 -0.000520
83 35 1.005597 0.131579 -0.000715
83 36 1.005592 0.130932 -0.000897
83 37 1.005585 0.130103 -0.001062
83 38 1.005578 0.129078 -0.001209
83 39 1.005569 0.127843 -0.001334
83 40 1.005560 0.126382 -0.001436
83 41 1.005550 0.124679 -0.001514
83 42 1.005540 0.122716 -0.001567
83 43 1.005530 0.120477 -0.001596
83 44 1.005519 0.117947 -0.001599
83 45 1.005509 0.115111 -0.001580
83 46 1.005498 0.111955 -0.001539
83 47 1.005488 0.108467 -0.001478
83 48 1.005478 0.104638 -0.001400
83 49 1.005469 0.100460 -0.001306
83 50 1.005460 0.095927 -0.001201
83 51 1.005451 0.091034 -0.001086
83 52 1.005443 0.085780 -0.000966
83 53 1.005435 0.080164 -0.000842
83 54 1.005427 0.074186 -0.000718
83 55 1.005419 0.067850 -0.000596
83 56 1.005412 0.061157 -0.000481
83 57 1.005405 0.054112 -0.000373
83 58 1.005397 0.046718 -0.000275
83 59 1.005389 0.038981 -0.000189
83 60 1.005381 0.030904 -0.000118
83 61 1.005372 0.022491 -0.000062
83 62 1.005363 0.013747 -0.000023
83 63 1.005353 0.004673 -0.000003
84 0 1.005190 0.004664 0.000003
84 1 1.005199 0.013720 0.000022
84 2 1.005208 0.022448 0.000060
84 3 1.005216 0.030846 0.000113
84 4 1.005224 0.038910 0.000182
84 5 1.005232 0.046635 0.000265
84 6 1.005239 0.054019 0.000359
84 7 1.005246 0.061056 0.000463
84 8 1.005253 0.067744 0.000575
84 9 1.005261 0.074078 0.000692
84 10 1.005268 0.080055 0.000811
84 11 1.005276 0.085674 0.000931
84 12 1.005284 0.090933 0.001047
84 13 1.005292 0.095834 0.001157
84 14 1.005300 0.100379 0.001259
84 15 1.005309 0.104571 0.001349
84 16 1.005319 0.108417 0.001424
84 17 1.005329 0.111923 0.001483
84 18 1.005338 0.115101 0.001523
84 19 1.005349 0.117960 0.001541
84 20 1.005359 0.120514 0.001537
84 21 1.005369 0.122777 0.001510
84 22 1.005378 0.124764 0.001459
84 23 1.005388 0.126492 0.001384
84 24 1.005396 0.127977 0.001285
84 25 1.005404 0.129234 0.001165
84 26 1.005412 0.130279 0.001024
84 27 1.005418 0.131126 0.000864
84 28 1.005423 0.131787 0.000689
84 29 1.005427 0.132273 0.000502
84 30 1.005430 0.132592 0.000305
84 31 1.005431 0.132750 0.000102
84 32 1.005431 0.132750 -0.000102
84 33 1.005430 0.132592 -0.000305
84 34 1.005427 0.132273 -0.000502
84 35 1.005423 0.131787 -0.000689
84 36 1.005418 0.131126 -0.000864
84 37 1.005412 0.130279 -0.001024
84 38 1.005404 0.129234 -0.001165
84 39 1.005396 0.127977 -0.001285
84 40 1.005388 0.126492 -0.001384
84 41 1.005378 0.124764 -0.001459
84 42 1.005369 0.122777 -0.001510
84 43 1.005359 0.120514 -0.001537
84 44 1.005349 0.117960 -0.001541
84 45 1.005338 0.115101 -0.001523
84 46 1.005329 0.111923 -0.001483
84 47 1.005319 0.108417 -0.001424
84 48 1.005309 0.104571 -0.001349
84 49 1.005300 0.100379 -0.001259
84 50 1.005292 0.095834 -0.001157
84 51 1.005284 0.090933 -0.001047
84 52 1.005276 0.085674 -0.000931
84 53 1.005268 0.080055 -0.000811
84 54 1.005261 0.074078 -0.000692
84 55 1.005253 0.067744 -0.000575
84 56 1.005246 0.061056 -0.000463
84 57 1.005239 0.054019 -0.000359
84 58 1.005232 0.046635 -0.000265
84 59 1.005224 0.038910 -0.000182
84 60 1.005216 0.030846 -0.000113
84 61 1.005208 0.022448 -0.000060
84 62 1.005199 0.013720 -0.000022
84 63 1.005190 0.004664 -0.000003
85 0 1.005027 0.004655 0.000003
85 1 1.005036 0.013694 0.000022
85 2 1.005044 0.022407 0.000058
85 3 1.005052 0.030790 0.000110
85 4 1.005060 0.038841 0.000176
85 5 1.005067 0.046556 0.000256
85 6 1.005074 0.053930 0.000347
85 7 1.005081 0.060960 0.000447
85 8 1.005088 0.067642 0.000555
85 9 1.005095 0.073974 0.000667
85 10 1.005102 0.079951 0.000782
85 11 1.005109 0.085572 0.000897
85 12 1.005117 0.090837 0.001009
85 13 1.005125 0.095746 0.001115
85 14 1.005133 0.100301 0.001213
85 15 1.005141 0.104507 0.001300
85 16 1.005150 0.108369 0.001373
85 17 1.005160 0.111893 0.001429
85 18 1.005169 0.115091 0.001467
85 19 1.005179 0.117972 0.001485
85 20 1.005188 0.120549 0.001482
85 21 1.005198 0.122836 0.001456
85 22 1.005207 0.124848 0.001406
85 23 1.005216 0.126599 0.001334
85 24 1.005224 0.128107 0.001239
85 25 1.005232 0.129385 0.001123
85 26 1.005239 0.130449 0.000987
85 27 1.005245 0.131313 0.000833
85 28 1.005250 0.131988 0.000665
85 29 1.005254 0.132485 0.000484
85 30 1.005256 0.132812 0.000294
85 31 1.005257 0.132974 0.000099
85 32 1.005257 0.132974 -0.000099
85 33 1.005256 0.132812 -0.000294
85 34 1.005254 0.132485 -0.000484
85 35 1.005250 0.131988 -0.000665
85 36 1.005245 0.131313 -0.000833
85 37 1.005239 0.130449 -0.000987
85 38 1.005232 0.129385 -0.001123
85 39 1.005224 0.128107 -0.001239
85 40 1.005216 0.126599 -0.001334
85 41 1.005207 0.124848 -0.001406
85 42 1.005198 0.122836 -0.001456
85 43 1.005188 0.120549 -0.001482
85 44 1.005179 0.117972 -0.001485
85 45 1.005169 0.115091 -0.001467
85 46 1.005160 0.111893 -0.001429
85 47 1.005150 0.108369 -0.001373
85 48 1.005141 0.104507 -0.001300
85 49 1.005133 0.100301 -0.001213
85 50 1.005125 0.095746 -0.001115
85 51 1.005117 0.090837 -0.001009
85 52 1.005109 0.085572 -0.000897
85 53 1.005102 0.079951 -0.000782
85 54 1.005095 0.073974 -0.000667
85 55 1.005088 0.067642 -0.000555
85 56 1.005081 0.060960 -0.000447
85 57 1.005074 0.053930 -0.000347
85 58 1.005067 0.046556 -0.000256
85 59 1.005060 0.038841 -0.000176
85 60 1.005052 0.030790 -0.000110
85 61 1.005044 0.022407 -0.000058
85 62 1.005036 0.013694 -0.000022
85 63 1.005027 0.004655 -0.000003
86 0 1.004864 0.004646 0.000003
86 1 1.004873 0.013670 0.000021
86 2 1.004881 0.022367 0.000056
86 3 1.004889 0.030737 0.000106
86 4 1.004896 0.038775 0.000170
86 5 1.004903 0.046479 0.000247
86 6 1.004910 0.053845 0.000335
86 7 1.004917 0.060868 0.000431
86 8 1.004923 0.067545 0.000535
86 9 1.004930 0.073874 0.000644
86 10 1.004937 0.079850 0.000755
86 11 1.004943 0.085474 0.000865
86 12 1.004951 0.090744 0.000973
86 13 1.004958 0.095661 0.001076
86 14 1.004966 0.100227 0.001170
86 15 1.004974 0.104446 0.001253
86 16 1.004983 0.108323 0.001323
86 17 1.004992 0.111865 0.001378
86 18 1.005001 0.115082 0.001415
86 19 1.005010 0.117985 0.001432
86 20 1.005019 0.120584 0.001428
86 21 1.005028 0.122894 0.001403
86 22 1.005037 0.124929 0.001356
86 23 1.005045 0.126703 0.001286
86 24 1.005053 0.128232 0.001194
86 25 1.005061 0.129531 0.001082
86 26 1.005067 0.130614 0.000951
86 27 1.005073 0.131494 0.000803
86 28 1.005078 0.132183 0.000641
86 29 1.005081 0.132690 0.000466
86 30 1.005084 0.133024 0.000283
86 31 1.005085 0.133190 0.000095
86 32 1.005085 0.133190 -0.000095
86 33 1.005084 0.133024 -0.000283
86 34 1.005081 0.132690 -0.000466
86 35 1.005078 0.132183 -0.000641
86 36 1.005073 0.131494 -0.000803
86 37 1.005067 0.130614 -0.000951
86 38 1.005061 0.129531 -0.001082
86 39 1.005053 0.128232 -0.001194
86 40 1.005045 0.126703 -0.001286
86 41 1.005037 0.124929 -0.001356
86 42 1.005028 0.122894 -0.001403
86 43 1.005019 0.120584 -0.001428
86 44 1.005010 0.117985 -0.001432
86 45 1.005001 0.115082 -0.001415
86 46 1.004992 0.111865 -0.001378
86 47 1.004983 0.108323 -0.001323
86 48 1.004974 0.104446 -0.001253
86 49 1.004966 0.100227 -0.001170
86 50 1.004958 0.095661 -0.001076
86 51 1.004951 0.090744 -0.000973
86 52 1.004943 0.085474 -0.000865
86 53 1.004937 0.079850 -0.000755
86 54 1.004930 0.073874 -0.000644
86 55 1.004923 0.067545 -0.000535
86 56 1.004917 0.060868 -0.000431
86 57 1.004910 0.053845 -0.000335
86 58 1.004903 0.046479 -0.000247
86 59 1.004896 0.038775 -0.000170
86 60 1.004889 0.030737 -0.000106
86 61 1.004881 0.022367 -0.000056
86 62 1.004873 0.013670 -0.000021
86 63 1.004864 0.004646 -0.000003
87 0 1.004702 0.004638 0.000003
87 1 1.004711 0.013646 0.000020
87 2 1.004719 0.022329 0.000054
87 3 1.004726 0.030686 0.000102
87 4 1.004733 0.038712 0.000164
87 5 1.004740 0.046406 0.000238
87 6 1.004746 0.053762 0.000323
87 7 1.004753 0.060779 0.000416
87 8 1.004759 0.067451 0.000516
87 9 1.004765 0.073777 0.000621
87 10 1.004772 0.079754 0.000728
87 11 1.004778 0.085381 0.000835
87 12 1.004785 0.090655 0.000939
87 13 1.004793 0.095580 0.001037
87 14 1.004800 0.100156 0.001128
87 15 1.004808 0.104387 0.001208
87 16 1.004816 0.108279 0.001276
87 17 1.004824 0.111839 0.001328
87 18 1.004833 0.115075 0.001364
87 19 1.004842 0.117997 0.001381
87 20 1.004850 0.120618 0.001377
87 21 1.004859 0.122950 0.001353
87 22 1.004868 0.125007 0.001307
87 23 1.004876 0.126804 0.001240
87 24 1.004883 0.128354 0.001152
87 25 1.004890 0.129673 0.001044
87 26 1.004897 0.130774 0.000917
87 27 1.004902 0.131669 0.000775
87 28 1.004907 0.132371 0.000618
87 29 1.004910 0.132889 0.000450
87 30 1.004912 0.133230 0.000273
87 31 1.004914 0.133399 0.000092
87 32 1.004914 0.133399 -0.000092
87 33 1.004912 0.133230 -0.000273
87 34 1.004910 0.132889 -0.000450
87 35 1.004907 0.132371 -0.000618
87 36 1.004902 0.131669 -0.000775
87 37 1.004897 0.130774 -0.000917
87 38 1.004890 0.129673 -0.001044
87 39 1.004883 0.128354 -0.001152
87 40 1.004876 0.126804 -0.001240
87 41 1.004868 0.125007 -0.001307
87 42 1.004859 0.122950 -0.001353
87 43 1.004850 0.120618 -0.001377
87 44 1.004842 0.117997 -0.001381
87 45 1.004833 0.115075 -0.001364
87 46 1.004824 0.111839 -0.001328
87 47 1.004816 0.108279 -0.001276
87 48 1.004808 0.104387 -0.001208
87 49 1.004800 0.100156 -0.001128
87 50 1.004793 0.095580 -0.001037
87 51 1.004785 0.090655 -0.000939
87 52 1.004778 0.085381 -0.000835
87 53 1.004772 0.079754 -0.000728
87 54 1.004765 0.073777 -0.000621
87 55 1.004759 0.067451 -0.000516
87 56 1.004753 0.060779 -0.000416
87 57 1.004746 0.053762 -0.000323
87 58 1.004740 0.046406 -0.000238
87 59 1.004733 0.038712 -0.000164
87 60 1.004726 0.030686 -0.000102
87 61 1.004719 0.022329 -0.000054
87 62 1.004711 0.013646 -0.000020
87 63 1.004702 0.004638 -0.000003
88 0 1.004541 0.004630 0.000003
88 1 1.004549 0.013623 0.000020
88 2 1.004557 0.022292 0.000052
88 3 1.004564 0.030636 0.000099
88 4 1.004571 0.038651 0.000159
88 5 1.004577 0.046335 0.000230
88 6 1.004583 0.053683 0.000312
88 7 1.004590 0.060693 0.000402
88 8 1.004596 0.067362 0.000498
88 9 1.004602 0.073685 0.000599
88 10 1.004608 0.079662 0.000702
88 11 1.004614 0.085291 0.000805
88 12 1.004621 0.090570 0.000905
88 13 1.004628 0.095502 0.001000
88 14 1.004635 0.100088 0.001088
88 15 1.004642 0.104331 0.001165
88 16 1.004650 0.108238 0.001230
88 17 1.004658 0.111814 0.001281
88 18 1.004666 0.115068 0.001315
88 19 1.004675 0.118010 0.001331
88 20 1.004683 0.120652 0.001328
88 21 1.004691 0.123005 0.001304
88 22 1.004699 0.125084 0.001260
88 23 1.004707 0.126901 0.001195
88 24 1.004714 0.128472 0.001111
88 25 1.004721 0.129810 0.001006
88 26 1.004727 0.130928 0.000885
88 27 1.004732 0.131839 0.000747
88 28 1.004736 0.132554 0.000596
88 29 1.004740 0.133081 0.000434
88 30 1.004742 0.133429 0.000263
88 31 1.004743 0.133601 0.000088
88 32 1.004743 0.133601 -0.000088
88 33 1.004742 0.133429 -0.000263
88 34 1.004740 0.133081 -0.000434
88 35 1.004736 0.132554 -0.000596
88 36 1.004732 0.131839 -0.000747
88 37 1.004727 0.130928 -0.000885
88 38 1.004721 0.129810 -0.001006
88 39 1.004714 0.128472 -0.001111
88 40 1.004707 0.126901 -0.001195
88 41 1.004699 0.125084 -0.001260
88 42 1.004691 0.123005 -0.001304
88 43 1.004683 0.120652 -0.001328
88 44 1.004675 0.118010 -0.001331
88 45 1.004666 0.115068 -0.001315
88 46 1.004658 0.111814 -0.001281
88 47 1.004650 0.108238 -0.001230
88 48 1.004642 0.104331 -0.001165
88 49 1.004635 0.100088 -0.001088
88 50 1.004628 0.095502 -0.001000
88 51 1.004621 0.090570 -0.000905
88 52 1.004614 0.085291 -0.000805
88 53 1.004608 0.079662 -0.000702
88 54 1.004602 0.073685 -0.000599
88 55 1.004596 0.067362 -0.000498
88 56 1.004590 0.060693 -0.000402
88 57 1.004583 0.053683 -0.000312
88 58 1.004577 0.046335 -0.000230
88 59 1.004571 0.038651 -0.000159
88 60 1.004564 0.030636 -0.000099
88 61 1.004557 0.022292 -0.000052
88 62 1.004549 0.013623 -0.000020
88 63 1.004541 0.004630 -0.000003
89 0 1.004380 0.004623 0.000003
89 1 1.004388 0.013601 0.000019
89 2 1.004395 0.022257 0.000050
89 3 1.004402 0.030588 0.000095
89 4 1.004409 0.038593 0.000153
89 5 1.004415 0.046267 0.000222
89 6 1.004421 0.053607 0.000301
89 7 1.004427 0.060611 0.000388
89 8 1.004433 0.067275 0.000481
89 9 1.004439 0.073597 0.000579
89 10 1.004444 0.079574 0.000678
89 11 1.004450 0.085204 0.000777
89 12 1.004457 0.090489 0.000874
89 13 1.004463 0.095428 0.000965
89 14 1.004470 0.100023 0.001050
89 15 1.004477 0.104278 0.001124
89 16 1.004485 0.108199 0.001187
89 17 1.004492 0.111790 0.001236
89 18 1.004500 0.115062 0.001268
89 19 1.004508 0.118023 0.001284
89 20 1.004516 0.120685 0.001281
89 21 1.004524 0.123059 0.001258
89 22 1.004532 0.125158 0.001215
89 23 1.004539 0.126996 0.001153
89 24 1.004546 0.128587 0.001071
89 25 1.004553 0.129943 0.000971
89 26 1.004558 0.131078 0.000853
89 27 1.004563 0.132004 0.000720
89 28 1.004567 0.132730 0.000575
89 29 1.004571 0.133267 0.000418
89 30 1.004573 0.133621 0.000254
89 31 1.004574 0.133797 0.000085
89 32 1.004574 0.133797 -0.000085
89 33 1.004573 0.133621 -0.000254
89 34 1.004571 0.133267 -0.000418
89 35 1.004567 0.132730 -0.000575
89 36 1.004563 0.132004 -0.000720
89 37 1.004558 0.131078 -0.000853
89 38 1.004553 0.129943 -0.000971
89 39 1.004546 0.128587 -0.001071
89 40 1.004539 0.126996 -0.001153
89 41 1.004532 0.125158 -0.001215
89 42 1.004524 0.123059 -0.001258
89 43 1.004516 0.120685 -0.001281
89 44 1.004508 0.118023 -0.001284
89 45 1.004500 0.115062 -0.001268
89 46 1.004492 0.111790 -0.001236
89 47 1.004485 0.108199 -0.001187
89 48 1.004477 0.104278 -0.001124
89 49 1.004470 0.100023 -0.001050
89 50 1.004463 0.095428 -0.000965
89 51 1.004457 0.090489 -0.000874
89 52 1.004450 0.085204 -0.000777
89 53 1.004444 0.079574 -0.000678
89 54 1.004439 0.073597 -0.000579
89 55 1.004433 0.067275 -0.000481
89 56 1.004427 0.060611 -0.000388
89 57 1.004421 0.053607 -0.000301
89 58 1.004415 0.046267 -0.000222
89 59 1.004409 0.038593 -0.000153
89 60 1.004402 0.030588 -0.000095
89 61 1.004395 0.022257 -0.000050
89 62 1.004388 0.013601 -0.000019
89 63 1.004380 0.004623 -0.000003
90 0 1.004220 0.004615 0.000003
90 1 1.004227 0.013579 0.000018
90 2 1.004234 0.022222 0.000049
90 3 1.004241 0.030542 0.000092
90 4 1.004248 0.038536 0.000148
90 5 1.004254 0.046201 0.000215
90 6 1.004259 0.053534 0.000291
90 7 1.004265 0.060532 0.000375
90 8 1.004270 0.067192 0.000465
90 9 1.004276 0.073512 0.000559
90 10 1.004282 0.079489 0.000654
90 11 1.004287 0.085122 0.000750
90 12 1.004293 0.090411 0.000843
90 13 1.004300 0.095357 0.000931
90 14 1.004306 0.099961 0.001013
90 15 1.004313 0.104228 0.001085
90 16 1.004320 0.108161 0.001145
90 17 1.004327 0.111769 0.001192
90 18 1.004335 0.115057 0.001224
90 19 1.004343 0.118037 0.001238
90 20 1.004350 0.120717 0.001235
90 21 1.004358 0.123111 0.001213
90 22 1.004365 0.125231 0.001172
90 23 1.004372 0.127088 0.001112
90 24 1.004379 0.128698 0.001033
90 25 1.004385 0.130072 0.000936
90 26 1.004390 0.131223 0.000823
90 27 1.004395 0.132163 0.000695
90 28 1.004399 0.132901 0.000554
90 29 1.004402 0.133447 0.000403
90 30 1.004404 0.133808 0.000245
90 31 1.004405 0.133987 0.000082
90 32 1.004405 0.133987 -0.000082
90 33 1.004404 0.133808 -0.000245
90 34 1.004402 0.133447 -0.000403
90 35 1.004399 0.132901 -0.000554
90 36 1.004395 0.132163 -0.000695
90 37 1.004390 0.131223 -0.000823
90 38 1.004385 0.130072 -0.000936
90 39 1.004379 0.128698 -0.001033
90 40 1.004372 0.127088 -0.001112
90 41 1.004365 0.125231 -0.001172
90 42 1.004358 0.123111 -0.001213
90 43 1.004350 0.120717 -0.001235
90 44 1.004343 0.118037 -0.001238
90 45 1.004335 0.115057 -0.001224
90 46 1.004327 0.111769 -0.001192
90 47 1.004320 0.108161 -0.001145
90 48 1.004313 0.104228 -0.001085
90 49 1.004306 0.099961 -0.001013
90 50 1.004300 0.095357 -0.000931
90 51 1.004293 0.090411 -0.000843
90 52 1.004287 0.085122 -0.000750
90 53 1.004282 0.079489 -0.000654
90 54 1.004276 0.073512 -0.000559
90 55 1.004270 0.067192 -0.000465
90 56 1.004265 0.060532 -0.000375
90 57 1.004259 0.053534 -0.000291
90 58 1.004254 0.046201 -0.000215
90 59 1.004248 0.038536 -0.000148
90 60 1.004241 0.030542 -0.000092
90 61 1.004234 0.022222 -0.000049
90 62 1.004227 0.013579 -0.000018
90 63 1.004220 0.004615 -0.000003
91 0 1.004060 0.004608 0.000003
91 1 1.004067 0.013559 0.000018
91 2 1.004074 0.022190 0.000047
91 3 1.004081 0.030498 0.000089
91 4 1.004087 0.038482 0.000143
91 5 1.004093 0.046138 0.000208
91 6 1.004098 0.053464 0.000281
91 7 1.004103 0.060456 0.000362
91 8 1.004109 0.067112 0.000449
91 9 1.004114 0.073430 0.000539
91 10 1.004120 0.079407 0.000632
91 11 1.004125 0.085043 0.000724
91 12 1.004131 0.090336 0.000814
91 13 1.004137 0.095288 0.000899
91 14 1.004143 0.099902 0.000977
91 15 1.004150 0.104179 0.001047
91 16 1.004156 0.108126 0.001105
91 17 1.004163 0.111748 0.001150
91 18 1.004170 0.115053 0.001181
91 19 1.004178 0.118050 0.001195
91 20 1.004185 0.120749 0.001192
91 21 1.004192 0.123162 0.001171
91 22 1.004199 0.125301 0.001131
91 23 1.004206 0.127178 0.001073
91 24 1.004212 0.128806 0.000997
91 25 1.004218 0.130197 0.000903
91 26 1.004224 0.131364 0.000794
91 27 1.004228 0.132317 0.000670
91 28 1.004232 0.133067 0.000535
91 29 1.004235 0.133622 0.000389
91 30 1.004237 0.133988 0.000236
91 31 1.004238 0.134170 0.000079
91 32 1.004238 0.134170 -0.000079
91 33 1.004237 0.133988 -0.000236
91 34 1.004235 0.133622 -0.000389
91 35 1.004232 0.133067 -0.000535
91 36 1.004228 0.132317 -0.000670
91 37 1.004224 0.131364 -0.000794
91 38 1.004218 0.130197 -0.000903
91 39 1.004212 0.128806 -0.000997
91 40 1.004206 0.127178 -0.001073
91 41 1.004199 0.125301 -0.001131
91 42 1.004192 0.123162 -0.001171
91 43 1.004185 0.120749 -0.001192
91 44 1.004178 0.118050 -0.001195
91 45 1.004170 0.115053 -0.001181
91 46 1.004163 0.111748 -0.001150
91 47 1.004156 0.108126 -0.001105
91 48 1.004150 0.104179 -0.001047
91 49 1.004143 0.099902 -0.000977
91 50 1.004137 0.095288 -0.000899
91 51 1.004131 0.090336 -0.000814
91 52 1.004125 0.085043 -0.000724
91 53 1.004120 0.079407 -0.000632
91 54 1.004114 0.073430 -0.000539
91 55 1.004109 0.067112 -0.000449
91 56 1.004103 0.060456 -0.000362
91 57 1.004098 0.053464 -0.000281
91 58 1.004093 0.046138 -0.000208
91 59 1.004087 0.038482 -0.000143
91 60 1.004081 0.030498 -0.000089
91 61 1.004074 0.022190 -0.000047
91 62 1.004067 0.013559 -0.000018
91 63 1.004060 0.004608 -0.000003
92 0 1.003901 0.004601 0.000003
92 1 1.003908 0.013539 0.000017
92 2 1.003914 0.022158 0.000045
92 3 1.003921 0.030455 0.000086
92 4 1.003926 0.038429 0.000138
92 5 1.003932 0.046077 0.000201
92 6 1.003937 0.053396 0.000272
92 7 1.003943 0.060383 0.000350
92 8 1.003948 0.067036 0.000434
92 9 1.003953 0.073352 0.000521
92 10 1.003958 0.079329 0.000610
92 11 1.003963 0.084966 0.000699
92 12 1.003969 0.090264 0.000786
92 13 1.003975 0.095223 0.000868
92 14 1.003980 0.099845 0.000943
92 15 1.003987 0.104133 0.001010
92 16 1.003993 0.108092 0.001066
92 17 1.004000 0.111729 0.001110
92 18 1.004007 0.115050 0.001139
92 19 1.004014 0.118064 0.001153
92 20 1.004021 0.120781 0.001150
92 21 1.004027 0.123213 0.001129
92 22 1.004034 0.125370 0.001091
92 23 1.004041 0.127265 0.001035
92 24 1.004047 0.128910 0.000961
92 25 1.004052 0.130318 0.000871
92 26 1.004057 0.131500 0.000766
92 27 1.004062 0.132467 0.000647
92 28 1.004065 0.133228 0.000516
92 29 1.004068 0.133791 0.000375
92 30 1.004070 0.134163 0.000228
92 31 1.004071 0.134348 0.000076
92 32 1.004071 0.134348 -0.000076
92 33 1.004070 0.134163 -0.000228
92 34 1.004068 0.133791 -0.000375
92 35 1.004065 0.133228 -0.000516
92 36 1.004062 0.132467 -0.000647
92 37 1.004057 0.131500 -0.000766
92 38 1.004052 0.130318 -0.000871
92 39 1.004047 0.128910 -0.000961
92 40 1.004041 0.127265 -0.001035
92 41 1.004034 0.125370 -0.001091
92 42 1.004027 0.123213 -0.001129
92 43 1.004021 0.120781 -0.001150
92 44 1.004014 0.118064 -0.001153
92 45 1.004007 0.115050 -0.001139
92 46 1.004000 0.111729 -0.001110
92 47 1.003993 0.108092 -0.001066
92 48 1.003987 0.104133 -0.001010
92 49 1.003980 0.099845 -0.000943
92 50 1.003975 0.095223 -0.000868
92 51 1.003969 0.090264 -0.000786
92 52 1.003963 0.084966 -0.000699
92 53 1.003958 0.079329 -0.000610
92 54 1.003953 0.073352 -0.000521
92 55 1.003948 0.067036 -0.000434
92 56 1.003943 0.060383 -0.000350
92 57 1.003937 0.053396 -0.000272
92 58 1.003932 0.046077 -0.000201
92 59 1.003926 0.038429 -0.000138
92 60 1.003921 0.030455 -0.000086
92 61 1.003914 0.022158 -0.000045
92 62 1.003908 0.013539 -0.000017
92 63 1.003901 0.004601 -0.000003
93 0 1.003742 0.004595 0.000002
93 1 1.003749 0.013520 0.000017
93 2 1.003755 0.022127 0.000044
93 3 1.003761 0.030414 0.000083
93 4 1.003767 0.038379 0.000134
93 5 1.003772 0.046019 0.000194
93 6 1.003777 0.053331 0.000263
93 7 1.003782 0.060313 0.000338
93 8 1.003787 0.066962 0.000419
93 9 1.003792 0.073276 0.000503
93 10 1.003797 0.079254 0.000589
93 11 1.003802 0.084894 0.000675
93 12 1.003807 0.090196 0.000759
93 13 1.003813 0.095161 0.000838
93 14 1.003819 0.099791 0.000911
93 15 1.003824 0.104089 0.000975
93 16 1.003831 0.108061 0.001029
93 17 1.003837 0.111711 0.001071
93 18 1.003844 0.115047 0.001099
93 19 1.003850 0.118078 0.001113
93 20 1.003857 0.120812 0.001110
93 21 1.003863 0.123261 0.001090
93 22 1.003870 0.125437 0.001053
93 23 1.003876 0.127350 0.000999
93 24 1.003882 0.129012 0.000928
93 25 1.003887 0.130436 0.000841
93 26 1.003892 0.131632 0.000739
93 27 1.003896 0.132612 0.000624
93 28 1.003900 0.133383 0.000498
93 29 1.003902 0.133955 0.000362
93 30 1.003904 0.134332 0.000220
93 31 1.003905 0.134520 0.000074
93 32 1.003905 0.134520 -0.000074
93 33 1.003904 0.134332 -0.000220
93 34 1.003902 0.133955 -0.000362
93 35 1.003900 0.133383 -0.000498
93 36 1.003896 0.132612 -0.000624
93 37 1.003892 0.131632 -0.000739
93 38 1.003887 0.130436 -0.000841
93 39 1.003882 0.129012 -0.000928
93 40 1.003876 0.127350 -0.000999
93 41 1.003870 0.125437 -0.001053
93 42 1.003863 0.123261 -0.001090
93 43 1.003857 0.120812 -0.001110
93 44 1.003850 0.118078 -0.001113
93 45 1.003844 0.115047 -0.001099
93 46 1.003837 0.111711 -0.001071
93 47 1.003831 0.108061 -0.001029
93 48 1.003824 0.104089 -0.000975
93 49 1.003819 0.099791 -0.000911
93 50 1.003813 0.095161 -0.000838
93 51 1.003807 0.090196 -0.000759
93 52 1.003802 0.084894 -0.000675
93 53 1.003797 0.079254 -0.000589
93 54 1.003792 0.073276 -0.000503
93 55 1.003787 0.066962 -0.000419
93 56 1.003782 0.060313 -0.000338
93 57 1.003777 0.053331 -0.000263
93 58 1.003772 0.046019 -0.000194
93 59 1.003767 0.038379 -0.000134
93 60 1.003761 0.030414 -0.000083
93 61 1.003755 0.022127 -0.000044
93 62 1.003749 0.013520 -0.000017
93 63 1.003742 0.004595 -0.000002
94 0 1.003583 0.004588 0.000002
94 1 1.003590 0.013502 0.000016
94 2 1.003596 0.022098 0.000042
94 3 1.003602 0.030375 0.000081
94 4 1.003607 0.038331 0.000129
94 5 1.003613 0.045963 0.000188
94 6 1.003618 0.053269 0.000254
94 7 1.003622 0.060246 0.000327
94 8 1.003627 0.066891 0.000405
94 9 1.003632 0.073204 0.000486
94 10 1.003637 0.079182 0.000569
94 11 1.003641 0.084824 0.000652
94 12 1.003646 0.090130 0.000733
94 13 1.003652 0.095101 0.000809
94 14 1.003657 0.099739 0.000879
94 15 1.003663 0.104048 0.000941
94 16 1.003669 0.108031 0.000994
94 17 1.003675 0.111694 0.001034
94 18 1.003681 0.115045 0.001061
94 19 1.003687 0.118091 0.001074
94 20 1.003694 0.120843 0.001071
94 21 1.003700 0.123309 0.001052
94 22 1.003706 0.125502 0.001016
94 23 1.003712 0.127432 0.000964
94 24 1.003718 0.129111 0.000895
94 25 1.003723 0.130550 0.000811
94 26 1.003728 0.131761 0.000713
94 27 1.003732 0.132752 0.000602
94 28 1.003735 0.133534 0.000480
94 29 1.003737 0.134114 0.000350
94 30 1.003739 0.134497 0.000212
94 31 1.003740 0.134687 0.000071
94 32 1.003740 0.134687 -0.000071
94 33 1.003739 0.134497 -0.000212
94 34 1.003737 0.134114 -0.000350
94 35 1.003735 0.133534 -0.000480
94 36 1.003732 0.132752 -0.000602
94 37 1.003728 0.131761 -0.000713
94 38 1.003723 0.130550 -0.000811
94 39 1.003718 0.129111 -0.000895
94 40 1.003712 0.127432 -0.000964
94 41 1.003706 0.125502 -0.001016
94 42 1.003700 0.123309 -0.001052
94 43 1.003694 0.120843 -0.001071
94 44 1.003687 0.118091 -0.001074
94 45 1.003681 0.115045 -0.001061
94 46 1.003675 0.111694 -0.001034
94 47 1.003669 0.108031 -0.000994
94 48 1.003663 0.104048 -0.000941
94 49 1.003657 0.099739 -0.000879
94 50 1.003652 0.095101 -0.000809
94 51 1.003646 0.090130 -0.000733
94 52 1.003641 0.084824 -0.000652
94 53 1.003637 0.079182 -0.000569
94 54 1.003632 0.073204 -0.000486
94 55 1.003627 0.066891 -0.000405
94 56 1.003622 0.060246 -0.000327
94 57 1.003618 0.053269 -0.000254
94 58 1.003613 0.045963 -0.000188
94 59 1.003607 0.038331 -0.000129
94 60 1.003602 0.030375 -0.000081
94 61 1.003596 0.022098 -0.000042
94 62 1.003590 0.013502 -0.000016
94 63 1.003583 0.004588 -0.000002
95 0 1.003425 0.004582 0.000002
95 1 1.003432 0.013484 0.000016
95 2 1.003438 0.022069 0.000041
95 3 1.003443 0.030337 0.000078
95 4 1.003449 0.038284 0.000125
95 5 1.003454 0.045909 0.000181
95 6 1.003458 0.053208 0.000245
95 7 1.003463 0.060181 0.000316
95 8 1.003468 0.066823 0.000391
95 9 1.003472 0.073134 0.000470
95 10 1.003477 0.079112 0.000550
95 11 1.003481 0.084757 0.000630
95 12 1.003486 0.090067 0.000708
95 13 1.003491 0.095044 0.000781
95 14 1.003496 0.099690 0.000849
95 15 1.003502 0.104008 0.000909
95 16 1.003508 0.108002 0.000959
95 17 1.003513 0.111679 0.000998
95 18 1.003519 0.115044 0.001024
95 19 1.003525 0.118106 0.001037
95 20 1.003532 0.120873 0.001034
95 21 1.003538 0.123356 0.001015
95 22 1.003543 0.125566 0.000981
95 23 1.003549 0.127512 0.000930
95 24 1.003555 0.129207 0.000864
95 25 1.003559 0.130661 0.000783
95 26 1.003564 0.131885 0.000688
95 27 1.003568 0.132889 0.000581
95 28 1.003571 0.133681 0.000463
95 29 1.003573 0.134268 0.000337
95 30 1.003575 0.134656 0.000205
95 31 1.003576 0.134849 0.000069
95 32 1.003576 0.134849 -0.000069
95 33 1.003575 0.134656 -0.000205
95 34 1.003573 0.134268 -0.000337
95 35 1.003571 0.133681 -0.000463
95 36 1.003568 0.132889 -0.000581
95 37 1.003564 0.131885 -0.000688
95 38 1.003559 0.130661 -0.000783
95 39 1.003555 0.129207 -0.000864
95 40 1.003549 0.127512 -0.000930
95 41 1.003543 0.125566 -0.000981
95 42 1.003538 0.123356 -0.001015
95 43 1.003532 0.120873 -0.001034
95 44 1.003525 0.118106 -0.001037
95 45 1.003519 0.115044 -0.001024
95 46 1.003513 0.111679 -0.000998
95 47 1.003508 0.108002 -0.000959
95 48 1.003502 0.104008 -0.000909
95 49 1.003496 0.099690 -0.000849
95 50 1.003491 0.095044 -0.000781
95 51 1.003486 0.090067 -0.000708
95 52 1.003481 0.084757 -0.000630
95 53 1.003477 0.079112 -0.000550
95 54 1.003472 0.073134 -0.000470
95 55 1.003468 0.066823 -0.000391
95 56 1.003463 0.060181 -0.000316
95 57 1.003458 0.053208 -0.000245
95 58 1.003454 0.045909 -0.000181
95 59 1.003449 0.038284 -0.000125
95 60 1.003443 0.030337 -0.000078
95 61 1.003438 0.022069 -0.000041
95 62 1.003432 0.013484 -0.000016
95 63 1.003425 0.004582 -0.000002
96 0 1.003268 0.004576 0.000002
96 1 1.003274 0.013467 0.000015
96 2 1.003280 0.022042 0.000040
96 3 1.003285 0.030300 0.000075
96 4 1.003290 0.038239 0.000121
96 5 1.003295 0.045856 0.000175
96 6 1.003300 0.053150 0.000237
96 7 1.003304 0.060118 0.000305
96 8 1.003309 0.066758 0.000378
96 9 1.003313 0.073068 0.000454
96 10 1.003317 0.079046 0.000532
96 11 1.003322 0.084692 0.000609
96 12 1.003326 0.090006 0.000684
96 13 1.003331 0.094989 0.000755
96 14 1.003336 0.099643 0.000820
96 15 1.003341 0.103970 0.000878
96 16 1.003347 0.107976 0.000926
96 17 1.003352 0.111664 0.000964
96 18 1.003358 0.115043 0.000989
96 19 1.003364 0.118120 0.001001
96 20 1.003370 0.120903 0.000998
96 21 1.003376 0.123402 0.000980
96 22 1.003381 0.125628 0.000947
96 23 1.003387 0.127590 0.000898
96 24 1.003392 0.129301 0.000834
96 25 1.003397 0.130769 0.000756
96 26 1.003401 0.132006 0.000664
96 27 1.003405 0.133021 0.000561
96 28 1.003408 0.133823 0.000447
96 29 1.003410 0.134417 0.000326
96 30 1.003411 0.134810 0.000198
96 31 1.003412 0.135006 0.000066
96 32 1.003412 0.135006 -0.000066
96 33 1.003411 0.134810 -0.000198
96 34 1.003410 0.134417 -0.000326
96 35 1.003408 0.133823 -0.000447
96 36 1.003405 0.133021 -0.000561
96 37 1.003401 0.132006 -0.000664
96 38 1.003397 0.130769 -0.000756
96 39 1.003392 0.129301 -0.000834
96 40 1.003387 0.127590 -0.000898
96 41 1.003381 0.125628 -0.000947
96 42 1.003376 0.123402 -0.000980
96 43 1.003370 0.120903 -0.000998
96 44 1.003364 0.118120 -0.001001
96 45 1.003358 0.115043 -0.000989
96 46 1.003352 0.111664 -0.000964
96 47 1.003347 0.107976 -0.000926
96 48 1.003341 0.103970 -0.000878
96 49 1.003336 0.099643 -0.000820
96 50 1.003331 0.094989 -0.000755
96 51 1.003326 0.090006 -0.000684
96 52 1.003322 0.084692 -0.000609
96 53 1.003317 0.079046 -0.000532
96 54 1.003313 0.073068 -0.000454
96 55 1.003309 0.066758 -0.000378
96 56 1.003304 0.060118 -0.000305
96 57 1.003300 0.053150 -0.000237
96 58 1.003295 0.045856 -0.000175
96 59 1.003290 0.038239 -0.000121
96 60 1.003285 0.030300 -0.000075
96 61 1.003280 0.022042 -0.000040
96 62 1.003274 0.013467 -0.000015
96 63 1.003268 0.004576 -0.000002
97 0 1.003111 0.004570 0.000002
97 1 1.003117 0.013450 0.000015
97 2 1.003122 0.022015 0.000038
97 3 1.003128 0.030264 0.000073
97 4 1.003133 0.038195 0.000117
97 5 1.003137 0.045806 0.000170
97 6 1.003142 0.053095 0.000230
97 7 1.003146 0.060058 0.000295
97 8 1.003150 0.066695 0.000366
97 9 1.003154 0.073004 0.000439
97 10 1.003158 0.078982 0.000514
97 11 1.003163 0.084631 0.000588
97 12 1.003167 0.089949 0.000661
97 13 1.003172 0.094937 0.000729
97 14 1.003177 0.099598 0.000792
97 15 1.003182 0.103934 0.000848
97 16 1.003187 0.107950 0.000895
97 17 1.003192 0.111651 0.000931
97 18 1.003198 0.115043 0.000955
97 19 1.003203 0.118134 0.000966
97 20 1.003209 0.120933 0.000964
97 21 1.003214 0.123447 0.000946
97 22 1.003220 0.125688 0.000914
97 23 1.003225 0.127666 0.000867
97 24 1.003230 0.129391 0.000805
97 25 1.003234 0.130874 0.000730
97 26 1.003239 0.132124 0.000641
97 27 1.003242 0.133150 0.000541
97 28 1.003245 0.133960 0.000432
97 29 1.003247 0.134562 0.000314
97 30 1.003249 0.134960 0.000191
97 31 1.003249 0.135158 0.000064
97 32 1.003249 0.135158 -0.000064
97 33 1.003249 0.134960 -0.000191
97 34 1.003247 0.134562 -0.000314
97 35 1.003245 0.133960 -0.000432
97 36 1.003242 0.133150 -0.000541
97 37 1.003239 0.132124 -0.000641
97 38 1.003234 0.130874 -0.000730
97 39 1.003230 0.129391 -0.000805
97 40 1.003225 0.127666 -0.000867
97 41 1.003220 0.125688 -0.000914
97 42 1.003214 0.123447 -0.000946
97 43 1.003209 0.120933 -0.000964
97 44 1.003203 0.118134 -0.000966
97 45 1.003198 0.115043 -0.000955
97 46 1.003192 0.111651 -0.000931
97 47 1.003187 0.107950 -0.000895
97 48 1.003182 0.103934 -0.000848
97 49 1.003177 0.099598 -0.000792
97 50 1.003172 0.094937 -0.000729
97 51 1.003167 0.089949 -0.000661
97 52 1.003163 0.084631 -0.000588
97 53 1.003158 0.078982 -0.000514
97 54 1.003154 0.073004 -0.000439
97 55 1.003150 0.066695 -0.000366
97 56 1.003146 0.060058 -0.000295
97 57 1.003142 0.053095 -0.000230
97 58 1.003137 0.045806 -0.000170
97 59 1.003133 0.038195 -0.000117
97 60 1.003128 0.030264 -0.000073
97 61 1.003122 0.022015 -0.000038
97 62 1.003117 0.013450 -0.000015
97 63 1.003111 0.004570 -0.000002
98 0 1.002954 0.004565 0.000002
98 1 1.002960 0.013434 0.000014
98 2 1.002965 0.021990 0.000037
98 3 1.002970 0.030230 0.000071
98 4 1.002975 0.038154 0.000113
98 5 1.002980 0.045758 0.000164
98 6 1.002984 0.053041 0.000222
98 7 1.002988 0.060001 0.000286
98 8 1.002992 0.066635 0.000354
98 9 1.002996 0.072942 0.000424
98 10 1.003000 0.078921 0.000497
98 11 1.003004 0.084572 0.000569
98 12 1.003008 0.089893 0.000638
98 13 1.003013 0.094887 0.000705
98 14 1.003017 0.099555 0.000765
98 15 1.003022 0.103900 0.000819
98 16 1.003027 0.107927 0.000864
98 17 1.003032 0.111639 0.000899
98 18 1.003038 0.115044 0.000922
98 19 1.003043 0.118149 0.000933
98 20 1.003048 0.120962 0.000931
98 21 1.003054 0.123491 0.000914
98 22 1.003059 0.125748 0.000883
98 23 1.003064 0.127740 0.000837
98 24 1.003069 0.129480 0.000777
98 25 1.003073 0.130976 0.000704
98 26 1.003077 0.132238 0.000619
98 27 1.003080 0.133274 0.000523
98 28 1.003083 0.134094 0.000417
98 29 1.003085 0.134702 0.000303
98 30 1.003087 0.135105 0.000184
98 31 1.003087 0.135305 0.000062
98 32 1.003087 0.135305 -0.000062
98 33 1.003087 0.135105 -0.000184
98 34 1.003085 0.134702 -0.000303
98 35 1.003083 0.134094 -0.000417
98 36 1.003080 0.133274 -0.000523
98 37 1.003077 0.132238 -0.000619
98 38 1.003073 0.130976 -0.000704
98 39 1.003069 0.129480 -0.000777
98 40 1.003064 0.127740 -0.000837
98 41 1.003059 0.125748 -0.000883
98 42 1.003054 0.123491 -0.000914
98 43 1.003048 0.120962 -0.000931
98 44 1.003043 0.118149 -0.000933
98 45 1.003038 0.115044 -0.000922
98 46 1.003032 0.111639 -0.000899
98 47 1.003027 0.107927 -0.000864
98 48 1.003022 0.103900 -0.000819
98 49 1.003017 0.099555 -0.000765
98 50 1.003013 0.094887 -0.000705
98 51 1.003008 0.089893 -0.000638
98 52 1.003004 0.084572 -0.000569
98 53 1.003000 0.078921 -0.000497
98 54 1.002996 0.072942 -0.000424
98 55 1.002992 0.066635 -0.000354
98 56 1.002988 0.060001 -0.000286
98 57 1.002984 0.053041 -0.000222
98 58 1.002980 0.045758 -0.000164
98 59 1.002975 0.038154 -0.000113
98 60 1.002970 0.030230 -0.000071
98 61 1.002965 0.021990 -0.000037
98 62 1.002960 0.013434 -0.000014
98 63 1.002954 0.004565 -0.000002
99 0 1.002798 0.004560 0.000002
99 1 1.002803 0.013419 0.000014
99 2 1.002809 0.021965 0.000036
99 3 1.002814 0.030198 0.000068
99 4 1.002818 0.038114 0.000110
99 5 1.002822 0.045712 0.000159
99 6 1.002827 0.052989 0.000215
99 7 1.002831 0.059945 0.000276
99 8 1.002834 0.066577 0.000342
99 9 1.002838 0.072883 0.000410
99 10 1.002842 0.078862 0.000480
99 11 1.002846 0.084515 0.000550
99 12 1.002850 0.089840 0.000617
99 13 1.002854 0.094839 0.000681
99 14 1.002859 0.099514 0.000740
99 15 1.002863 0.103868 0.000791
99 16 1.002868 0.107904 0.000835
99 17 1.002873 0.111628 0.000868
99 18 1.002878 0.115046 0.000891
99 19 1.002883 0.118164 0.000901
99 20 1.002888 0.120990 0.000899
99 21 1.002894 0.123535 0.000882
99 22 1.002899 0.125806 0.000852
99 23 1.002903 0.127813 0.000808
99 24 1.002908 0.129566 0.000751
99 25 1.002912 0.131075 0.000680
99 26 1.002916 0.132348 0.000598
99 27 1.002919 0.133396 0.000505
99 28 1.002922 0.134223 0.000402
99 29 1.002924 0.134838 0.000293
99 30 1.002925 0.135246 0.000178
99 31 1.002926 0.135448 0.000060
99 32 1.002926 0.135448 -0.000060
99 33 1.002925 0.135246 -0.000178
99 34 1.002924 0.134838 -0.000293
99 35 1.002922 0.134223 -0.000402
99 36 1.002919 0.133396 -0.000505
99 37 1.002916 0.132348 -0.000598
99 38 1.002912 0.131075 -0.000680
99 39 1.002908 0.129566 -0.000751
99 40 1.002903 0.127813 -0.000808
99 41 1.002899 0.125806 -0.000852
99 42 1.002894 0.123535 -0.000882
99 43 1.002888 0.120990 -0.000899
99 44 1.002883 0.118164 -0.000901
99 45 1.002878 0.115046 -0.000891
99 46 1.002873 0.111628 -0.000868
99 47 1.002868 0.107904 -0.000835
99 48 1.002863 0.103868 -0.000791
99 49 1.002859 0.099514 -0.000740
99 50 1.002854 0.094839 -0.000681
99 51 1.002850 0.089840 -0.000617
99 52 1.002846 0.084515 -0.000550
99 53 1.002842 0.078862 -0.000480
99 54 1.002838 0.072883 -0.000410
99 55 1.002834 0.066577 -0.000342
99 56 1.002831 0.059945 -0.000276
99 57 1.002827 0.052989 -0.000215
99 58 1.002822 0.045712 -0.000159
99 59 1.002818 0.038114 -0.000110
99 60 1.002814 0.030198 -0.000068
99 61 1.002809 0.021965 -0.000036
99 62 1.002803 0.013419 -0.000014
99 63 1.002798 0.004560 -0.000002
100 0 1.002642 0.004554 0.000002
100 1 1.002647 0.013404 0.000013
100 2 1.002652 0.021942 0.000035
100 3 1.002657 0.030166 0.000066
100 4 1.002662 0.038075 0.000106
100 5 1.002666 0.045667 0.000154
100 6 1.002670 0.052940 0.000208
100 7 1.002674 0.059892 0.000267
100 8 1.002677 0.066521 0.000331
100 9 1.002681 0.072826 0.000397
100 10 1.002685 0.078806 0.000464
100 11 1.002689 0.084461 0.000531
100 12 1.002693 0.089789 0.000596
100 13 1.002697 0.094794 0.000658
100 14 1.002701 0.099476 0.000715
100 15 1.002705 0.103837 0.000765
100 16 1.002710 0.107883 0.000807
100 17 1.002715 0.111618 0.000839
100 18 1.002719 0.115047 0.000861
100 19 1.002724 0.118179 0.000871
100 20 1.002729 0.121019 0.000868
100 21 1.002734 0.123577 0.000852
100 22 1.002739 0.125862 0.000823
100 23 1.002743 0.127883 0.000781
100 24 1.002748 0.129650 0.000725
100 25 1.002752 0.131171 0.000657
100 26 1.002755 0.132456 0.000577
100 27 1.002759 0.133513 0.000487
100 28 1.002761 0.134349 0.000389
100 29 1.002763 0.134971 0.000283
100 30 1.002764 0.135382 0.000172
100 31 1.002765 0.135587 0.000058
100 32 1.002765 0.135587 -0.000058
100 33 1.002764 0.135382 -0.000172
100 34 1.002763 0.134971 -0.000283
100 35 1.002761 0.134349 -0.000389
100 36 1.002759 0.133513 -0.000487
100 37 1.002755 0.132456 -0.000577
100 38 1.002752 0.131171 -0.000657
100 39 1.002748 0.129650 -0.000725
100 40 1.002743 0.127883 -0.000781
100 41 1.002739 0.125862 -0.000823
100 42 1.002734 0.123577 -0.000852
100 43 1.002729 0.121019 -0.000868
100 44 1.002724 0.118179 -0.000871
100 45 1.002719 0.115047 -0.000861
100 46 1.002715 0.111618 -0.000839
100 47 1.002710 0.107883 -0.000807
100 48 1.002705 0.103837 -0.000765
100 49 1.002701 0.099476 -0.000715
100 50 1.002697 0.094794 -0.000658
100 51 1.002693 0.089789 -0.000596
100 52 1.002689 0.084461 -0.000531
100 53 1.002685 0.078806 -0.000464
100 54 1.002681 0.072826 -0.000397
100 55 1.002677 0.066521 -0.000331
100 56 1.002674 0.059892 -0.000267
100 57 1.002670 0.052940 -0.000208
100 58 1.002666 0.045667 -0.000154
100 59 1.002662 0.038075 -0.000106
100 60 1.002657 0.030166 -0.000066
100 61 1.002652 0.021942 -0.000035
100 62 1.002647 0.013404 -0.000013
100 63 1.002642 0.004554 -0.000002
101 0 1.002486 0.004549 0.000002
101 1 1.002492 0.013390 0.000013
101 2 1.002497 0.021919 0.000034
101 3 1.002501 0.030135 0.000064
101 4 1.002506 0.038038 0.000103
101 5 1.002510 0.045624 0.000149
101 6 1.002513 0.052892 0.000201
101 7 1.002517 0.059840 0.000258
101 8 1.002521 0.066467 0.000320
101 9 1.002524 0.072772 0.000384
101 10 1.002528 0.078752 0.000449
101 11 1.002531 0.084409 0.000514
101 12 1.002535 0.089741 0.000577
101 13 1.002539 0.094750 0.000636
101 14 1.002543 0.099439 0.000691
101 15 1.002547 0.103808 0.000739
101 16 1.002552 0.107864 0.000779
101 17 1.002556 0.111609 0.000811
101 18 1.002561 0.115050 0.000831
101 19 1.002566 0.118194 0.000841
101 20 1.002570 0.121047 0.000838
101 21 1.002575 0.123619 0.000823
101 22 1.002580 0.125917 0.000795
101 23 1.002584 0.127952 0.000754
101 24 1.002588 0.129731 0.000700
101 25 1.002592 0.131265 0.000634
101 26 1.002596 0.132561 0.000557
101 27 1.002599 0.133627 0.000471
101 28 1.002601 0.134472 0.000375
101 29 1.002603 0.135099 0.000273
101 30 1.002604 0.135515 0.000166
101 31 1.002605 0.135722 0.000056
101 32 1.002605 0.135722 -0.000056
101 33 1.002604 0.135515 -0.000166
101 34 1.002603 0.135099 -0.000273
101 35 1.002601 0.134472 -0.000375
101 36 1.002599 0.133627 -0.000471
101 37 1.002596 0.132561 -0.000557
101 38 1.002592 0.131265 -0.000634
101 39 1.002588 0.129731 -0.000700
101 40 1.002584 0.127952 -0.000754
101 41 1.002580 0.125917 -0.000795
101 42 1.002575 0.123619 -0.000823
101 43 1.002570 0.121047 -0.000838
101 44 1.002566 0.118194 -0.000841
101 45 1.002561 0.115050 -0.000831
101 46 1.002556 0.111609 -0.000811
101 47 1.002552 0.107864 -0.000779
101 48 1.002547 0.103808 -0.000739
101 49 1.002543 0.099439 -0.000691
101 50 1.002539 0.094750 -0.000636
101 51 1.002535 0.089741 -0.000577
101 52 1.002531 0.084409 -0.000514
101 53 1.002528 0.078752 -0.000449
101 54 1.002524 0.072772 -0.000384
101 55 1.002521 0.066467 -0.000320
101 56 1.002517 0.059840 -0.000258
101 57 1.002513 0.052892 -0.000201
101 58 1.002510 0.045624 -0.000149
101 59 1.002506 0.038038 -0.000103
101 60 1.002501 0.030135 -0.000064
101 61 1.002497 0.021919 -0.000034
101 62 1.002492 0.013390 -0.000013
101 63 1.002486 0.004549 -0.000002
102 0 1.002331 0.004545 0.000002
102 1 1.002336 0.013376 0.000012
102 2 1.002341 0.021897 0.000033
102 3 1.002346 0.030106 0.000062
102 4 1.002350 0.038002 0.000099
102 5 1.002354 0.045582 0.000144
102 6 1.002357 0.052846 0.000194
102 7 1.002361 0.059791 0.000250
102 8 1.002364 0.066416 0.000309
102 9 1.002368 0.072719 0.000371
102 10 1.002371 0.078700 0.000434
102 11 1.002375 0.084359 0.000497
102 12 1.002378 0.089695 0.000557
102 13 1.002382 0.094709 0.000615
102 14 1.002386 0.099403 0.000668
102 15 1.002390 0.103781 0.000714
102 16 1.002394 0.107845 0.000753
102 17 1.002399 0.111601 0.000783
102 18 1.002403 0.115053 0.000803
102 19 1.002408 0.118209 0.000813
102 20 1.002412 0.121075 0.000810
102 21 1.002417 0.123660 0.000795
102 22 1.002421 0.125971 0.000768
102 23 1.002425 0.128019 0.000728
102 24 1.002429 0.129811 0.000676
102 25 1.002433 0.131356 0.000613
102 26 1.002436 0.132662 0.000538
102 27 1.002439 0.133738 0.000455
102 28 1.002442 0.134590 0.000362
102 29 1.002443 0.135224 0.000264
102 30 1.002445 0.135644 0.000160
102 31 1.002445 0.135853 0.000054
102 32 1.002445 0.135853 -0.000054
102 33 1.002445 0.135644 -0.000160
102 34 1.002443 0.135224 -0.000264
102 35 1.002442 0.134590 -0.000362
102 36 1.002439 0.133738 -0.000455
102 37 1.002436 0.132662 -0.000538
102 38 1.002433 0.131356 -0.000613
102 39 1.002429 0.129811 -0.000676
102 40 1.002425 0.128019 -0.000728
102 41 1.002421 0.125971 -0.000768
102 42 1.002417 0.123660 -0.000795
102 43 1.002412 0.121075 -0.000810
102 44 1.002408 0.118209 -0.000813
102 45 1.002403 0.115053 -0.000803
102 46 1.002399 0.111601 -0.000783
102 47 1.002394 0.107845 -0.000753
102 48 1.002390 0.103781 -0.000714
102 49 1.002386 0.099403 -0.000668
102 50 1.002382 0.094709 -0.000615
102 51 1.002378 0.089695 -0.000557
102 52 1.002375 0.084359 -0.000497
102 53 1.002371 0.078700 -0.000434
102 54 1.002368 0.072719 -0.000371
102 55 1.002364 0.066416 -0.000309
102 56 1.002361 0.059791 -0.000250
102 57 1.002357 0.052846 -0.000194
102 58 1.002354 0.045582 -0.000144
102 59 1.002350 0.038002 -0.000099
102 60 1.002346 0.030106 -0.000062
102 61 1.002341 0.021897 -0.000033
102 62 1.002336 0.013376 -0.000012
102 63 1.002331 0.004545 -0.000002
103 0 1.002177 0.004540 0.000002
103 1 1.002182 0.013363 0.000012
103 2 1.002186 0.021876 0.000032
103 3 1.002191 0.030078 0.000060
103 4 1.002195 0.037967 0.000096
103 5 1.002198 0.045542 0.000139
103 6 1.002202 0.052802 0.000188
103 7 1.002205 0.059744 0.000242
103 8 1.002209 0.066367 0.000299
103 9 1.002212 0.072669 0.000359
103 10 1.002215 0.078651 0.000420
103 11 1.002219 0.084311 0.000480
103 12 1.002222 0.089650 0.000539
103 13 1.002226 0.094669 0.000594
103 14 1.002229 0.099370 0.000645
103 15 1.002233 0.103755 0.000690
103 16 1.002237 0.107828 0.000728
103 17 1.002242 0.111593 0.000757
103 18 1.002246 0.115057 0.000776
103 19 1.002250 0.118224 0.000785
103 20 1.002255 0.121102 0.000783
103 21 1.002259 0.123700 0.000768
103 22 1.002263 0.126024 0.000742
103 23 1.002267 0.128084 0.000703
103 24 1.002271 0.129888 0.000653
103 25 1.002275 0.131444 0.000592
103 26 1.002278 0.132761 0.000520
103 27 1.002280 0.133846 0.000439
103 28 1.002283 0.134706 0.000350
103 29 1.002284 0.135345 0.000255
103 30 1.002286 0.135769 0.000155
103 31 1.002286 0.135980 0.000052
103 32 1.002286 0.135980 -0.000052
103 33 1.002286 0.135769 -0.000155
103 34 1.002284 0.135345 -0.000255
103 35 1.002283 0.134706 -0.000350
103 36 1.002280 0.133846 -0.000439
103 37 1.002278 0.132761 -0.000520
103 38 1.002275 0.131444 -0.000592
103 39 1.002271 0.129888 -0.000653
103 40 1.002267 0.128084 -0.000703
103 41 1.002263 0.126024 -0.000742
103 42 1.002259 0.123700 -0.000768
103 43 1.002255 0.121102 -0.000783
103 44 1.002250 0.118224 -0.000785
103 45 1.002246 0.115057 -0.000776
103 46 1.002242 0.111593 -0.000757
103 47 1.002237 0.107828 -0.000728
103 48 1.002233 0.103755 -0.000690
103 49 1.002229 0.099370 -0.000645
103 50 1.002226 0.094669 -0.000594
103 51 1.002222 0.089650 -0.000539
103 52 1.002219 0.084311 -0.000480
103 53 1.002215 0.078651 -0.000420
103 54 1.002212 0.072669 -0.000359
103 55 1.002209 0.066367 -0.000299
103 56 1.002205 0.059744 -0.000242
103 57 1.002202 0.052802 -0.000188
103 58 1.002198 0.045542 -0.000139
103 59 1.002195 0.037967 -0.000096
103 60 1.002191 0.030078 -0.000060
103 61 1.002186 0.021876 -0.000032
103 62 1.002182 0.013363 -0.000012
103 63 1.002177 0.004540 -0.000002
104 0 1.002022 0.004536 0.000002
104 1 1.002027 0.013350 0.000012
104 2 1.002032 0.021855 0.000031
104 3 1.002036 0.030050 0.000058
104 4 1.002040 0.037934 0.000093
104 5 1.002043 0.045504 0.000135
104 6 1.002047 0.052759 0.000182
104 7 1.002050 0.059698 0.000234
104 8 1.002053 0.066319 0.000290
104 9 1.002056 0.072621 0.000347
104 10 1.002060 0.078603 0.000406
104 11 1.002063 0.084265 0.000464
104 12 1.002066 0.089608 0.000521
104 13 1.002070 0.094631 0.000575
104 14 1.002073 0.099338 0.000624
104 15 1.002077 0.103730 0.000667
104 16 1.002081 0.107812 0.000704
104 17 1.002085 0.111587 0.000732
104 18 1.002089 0.115061 0.000750
104 19 1.002093 0.118239 0.000759
104 20 1.002097 0.121130 0.000756
104 21 1.002101 0.123739 0.000742
104 22 1.002106 0.126076 0.000717
104 23 1.002109 0.128148 0.000680
104 24 1.002113 0.129964 0.000631
104 25 1.002117 0.131531 0.000572
104 26 1.002120 0.132858 0.000502
104 27 1.002122 0.133951 0.000424
104 28 1.002124 0.134818 0.000338
104 29 1.002126 0.135463 0.000246
104 30 1.002127 0.135890 0.000149
104 31 1.002128 0.136103 0.000050
104 32 1.002128 0.136103 -0.000050
104 33 1.002127 0.135890 -0.000149
104 34 1.002126 0.135463 -0.000246
104 35 1.002124 0.134818 -0.000338
104 36 1.002122 0.133951 -0.000424
104 37 1.002120 0.132858 -0.000502
104 38 1.002117 0.131531 -0.000572
104 39 1.002113 0.129964 -0.000631
104 40 1.002109 0.128148 -0.000680
104 41 1.002106 0.126076 -0.000717
104 42 1.002101 0.123739 -0.000742
104 43 1.002097 0.121130 -0.000756
104 44 1.002093 0.118239 -0.000759
104 45 1.002089 0.115061 -0.000750
104 46 1.002085 0.111587 -0.000732
104 47 1.002081 0.107812 -0.000704
104 48 1.002077 0.103730 -0.000667
104 49 1.002073 0.099338 -0.000624
104 50 1.002070 0.094631 -0.000575
104 51 1.002066 0.089608 -0.000521
104 52 1.002063 0.084265 -0.000464
104 53 1.002060 0.078603 -0.000406
104 54 1.002056 0.072621 -0.000347
104 55 1.002053 0.066319 -0.000290
104 56 1.002050 0.059698 -0.000234
104 57 1.002047 0.052759 -0.000182
104 58 1.002043 0.045504 -0.000135
104 59 1.002040 0.037934 -0.000093
104 60 1.002036 0.030050 -0.000058
104 61 1.002032 0.021855 -0.000031
104 62 1.002027 0.013350 -0.000012
104 63 1.002022 0.004536 -0.000002
105 0 1.001868 0.004531 0.000002
105 1 1.001873 0.013338 0.000011
105 2 1.001877 0.021836 0.000030
105 3 1.001881 0.030024 0.000056
105 4 1.001885 0.037902 0.000090
105 5 1.001889 0.045467 0.000130
105 6 1.001892 0.052718 0.000176
105 7 1.001895 0.059654 0.000227
105 8 1.001898 0.066273 0.000280
105 9 1.001901 0.072575 0.000336
105 10 1.001904 0.078558 0.000393
105 11 1.001907 0.084222 0.000449
105 12 1.001911 0.089567 0.000504
105 13 1.001914 0.094595 0.000556
105 14 1.001917 0.099308 0.000603
105 15 1.001921 0.103707 0.000645
105 16 1.001925 0.107797 0.000680
105 17 1.001929 0.111581 0.000707
105 18 1.001933 0.115065 0.000725
105 19 1.001937 0.118255 0.000733
105 20 1.001941 0.121157 0.000731
105 21 1.001945 0.123778 0.000717
105 22 1.001948 0.126127 0.000692
105 23 1.001952 0.128210 0.000657
105 24 1.001956 0.130037 0.000610
105 25 1.001959 0.131615 0.000552
105 26 1.001962 0.132951 0.000485
105 27 1.001965 0.134053 0.000410
105 28 1.001967 0.134927 0.000327
105 29 1.001968 0.135577 0.000238
105 30 1.001969 0.136008 0.000144
105 31 1.001970 0.136223 0.000048
105 32 1.001970 0.136223 -0.000048
105 33 1.001969 0.136008 -0.000144
105 34 1.001968 0.135577 -0.000238
105 35 1.001967 0.134927 -0.000327
105 36 1.001965 0.134053 -0.000410
105 37 1.001962 0.132951 -0.000485
105 38 1.001959 0.131615 -0.000552
105 39 1.001956 0.130037 -0.000610
105 40 1.001952 0.128210 -0.000657
105 41 1.001948 0.126127 -0.000692
105 42 1.001945 0.123778 -0.000717
105 43 1.001941 0.121157 -0.000731
105 44 1.001937 0.118255 -0.000733
105 45 1.001933 0.115065 -0.000725
105 46 1.001929 0.111581 -0.000707
105 47 1.001925 0.107797 -0.000680
105 48 1.001921 0.103707 -0.000645
105 49 1.001917 0.099308 -0.000603
105 50 1.001914 0.094595 -0.000556
105 51 1.001911 0.089567 -0.000504
105 52 1.001907 0.084222 -0.000449
105 53 1.001904 0.078558 -0.000393
105 54 1.001901 0.072575 -0.000336
105 55 1.001898 0.066273 -0.000280
105 56 1.001895 0.059654 -0.000227
105 57 1.001892 0.052718 -0.000176
105 58 1.001889 0.045467 -0.000130
105 59 1.001885 0.037902 -0.000090
105 60 1.001881 0.030024 -0.000056
105 61 1.001877 0.021836 -0.000030
105 62 1.001873 0.013338 -0.000011
105 63 1.001868 0.004531 -0.000002
106 0 1.001715 0.004527 0.000002
106 1 1.001719 0.013326 0.000011
106 2 1.001723 0.021817 0.000029
106 3 1.001727 0.029999 0.000054
106 4 1.001731 0.037871 0.000087
106 5 1.001734 0.045432 0.000126
106 6 1.001737 0.052679 0.000171
106 7 1.001741 0.059612 0.000219
106 8 1.001744 0.066230 0.000271
106 9 1.001746 0.072530 0.000325
106 10 1.001749 0.078514 0.000380
106 11 1.001752 0.084180 0.000434
106 12 1.001756 0.089528 0.000487
106 13 1.001759 0.094561 0.000537
106 14 1.001762 0.099279 0.000583
106 15 1.001766 0.103685 0.000624
106 16 1.001769 0.107783 0.000657
106 17 1.001773 0.111576 0.000684
106 18 1.001777 0.115070 0.000701
106 19 1.001780 0.118270 0.000709
106 20 1.001784 0.121183 0.000706
106 21 1.001788 0.123816 0.000693
106 22 1.001792 0.126176 0.000669
106 23 1.001795 0.128271 0.000634
106 24 1.001799 0.130109 0.000589
106 25 1.001802 0.131697 0.000534
106 26 1.001805 0.133042 0.000469
106 27 1.001807 0.134152 0.000396
106 28 1.001809 0.135033 0.000316
106 29 1.001811 0.135688 0.000230
106 30 1.001812 0.136123 0.000140
106 31 1.001812 0.136340 0.000047
106 32 1.001812 0.136340 -0.000047
106 33 1.001812 0.136123 -0.000140
106 34 1.001811 0.135688 -0.000230
106 35 1.001809 0.135033 -0.000316
106 36 1.001807 0.134152 -0.000396
106 37 1.001805 0.133042 -0.000469
106 38 1.001802 0.131697 -0.000534
106 39 1.001799 0.130109 -0.000589
106 40 1.001795 0.128271 -0.000634
106 41 1.001792 0.126176 -0.000669
106 42 1.001788 0.123816 -0.000693
106 43 1.001784 0.121183 -0.000706
106 44 1.001780 0.118270 -0.000709
106 45 1.001777 0.115070 -0.000701
106 46 1.001773 0.111576 -0.000684
106 47 1.001769 0.107783 -0.000657
106 48 1.001766 0.103685 -0.000624
106 49 1.001762 0.099279 -0.000583
106 50 1.001759 0.094561 -0.000537
106 51 1.001756 0.089528 -0.000487
106 52 1.001752 0.084180 -0.000434
106 53 1.001749 0.078514 -0.000380
106 54 1.001746 0.072530 -0.000325
106 55 1.001744 0.066230 -0.000271
106 56 1.001741 0.059612 -0.000219
106 57 1.001737 0.052679 -0.000171
106 58 1.001734 0.045432 -0.000126
106 59 1.001731 0.037871 -0.000087
106 60 1.001727 0.029999 -0.000054
106 61 1.001723 0.021817 -0.000029
106 62 1.001719 0.013326 -0.000011
106 63 1.001715 0.004527 -0.000002
107 0 1.001561 0.004523 0.000002
107 1 1.001566 0.013314 0.000011
107 2 1.001570 0.021799 0.000028
107 3 1.001574 0.029975 0.000053
107 4 1.001577 0.037841 0.000085
107 5 1.001580 0.045397 0.000122
107 6 1.001583 0.052641 0.000165
107 7 1.001586 0.059572 0.000212
107 8 1.001589 0.066188 0.000262
107 9 1.001592 0.072488 0.000314
107 10 1.001595 0.078472 0.000368
107 11 1.001598 0.084140 0.000420
107 12 1.001601 0.089491 0.000471
107 13 1.001604 0.094528 0.000520
107 14 1.001607 0.099252 0.000564
107 15 1.001610 0.103665 0.000603
107 16 1.001614 0.107770 0.000636
107 17 1.001617 0.111572 0.000661
107 18 1.001621 0.115076 0.000677
107 19 1.001625 0.118286 0.000685
107 20 1.001628 0.121210 0.000682
107 21 1.001632 0.123854 0.000670
107 22 1.001636 0.126225 0.000647
107 23 1.001639 0.128331 0.000613
107 24 1.001643 0.130179 0.000569
107 25 1.001646 0.131777 0.000516
107 26 1.001648 0.133131 0.000453
107 27 1.001651 0.134249 0.000382
107 28 1.001653 0.135136 0.000305
107 29 1.001654 0.135796 0.000222
107 30 1.001655 0.136234 0.000135
107 31 1.001656 0.136453 0.000045
107 32 1.001656 0.136453 -0.000045
107 33 1.001655 0.136234 -0.000135
107 34 1.001654 0.135796 -0.000222
107 35 1.001653 0.135136 -0.000305
107 36 1.001651 0.134249 -0.000382
107 37 1.001648 0.133131 -0.000453
107 38 1.001646 0.131777 -0.000516
107 39 1.001643 0.130179 -0.000569
107 40 1.001639 0.128331 -0.000613
107 41 1.001636 0.126225 -0.000647
107 42 1.001632 0.123854 -0.000670
107 43 1.001628 0.121210 -0.000682
107 44 1.001625 0.118286 -0.000685
107 45 1.001621 0.115076 -0.000677
107 46 1.001617 0.111572 -0.000661
107 47 1.001614 0.107770 -0.000636
107 48 1.001610 0.103665 -0.000603
107 49 1.001607 0.099252 -0.000564
107 50 1.001604 0.094528 -0.000520
107 51 1.001601 0.089491 -0.000471
107 52 1.001598 0.084140 -0.000420
107 53 1.001595 0.078472 -0.000368
107 54 1.001592 0.072488 -0.000314
107 55 1.001589 0.066188 -0.000262
107 56 1.001586 0.059572 -0.000212
107 57 1.001583 0.052641 -0.000165
107 58 1.001580 0.045397 -0.000122
107 59 1.001577 0.037841 -0.000085
107 60 1.001574 0.029975 -0.000053
107 61 1.001570 0.021799 -0.000028
107 62 1.001566 0.013314 -0.000011
107 63 1.001561 0.004523 -0.000002
108 0 1.001408 0.004519 0.000002
108 1 1.001413 0.013303 0.000010
108 2 1.001417 0.021781 0.000027
108 3 1.001420 0.029951 0.000051
108 4 1.001424 0.037813 0.000082
108 5 1.001427 0.045365 0.000118
108 6 1.001430 0.052605 0.000160
108 7 1.001433 0.059533 0.000205
108 8 1.001435 0.066147 0.000254
108 9 1.001438 0.072447 0.000304
108 10 1.001441 0.078432 0.000356
108 11 1.001444 0.084101 0.000407
108 12 1.001446 0.089456 0.000456
108 13 1.001449 0.094497 0.000503
108 14 1.001452 0.099226 0.000545
108 15 1.001456 0.103645 0.000583
108 16 1.001459 0.107758 0.000615
108 17 1.001462 0.111569 0.000639
108 18 1.001466 0.115082 0.000655
108 19 1.001469 0.118302 0.000662
108 20 1.001473 0.121236 0.000660
108 21 1.001477 0.123891 0.000647
108 22 1.001480 0.126272 0.000625
108 23 1.001483 0.128389 0.000592
108 24 1.001487 0.130247 0.000550
108 25 1.001489 0.131854 0.000498
108 26 1.001492 0.133218 0.000438
108 27 1.001494 0.134343 0.000369
108 28 1.001496 0.135236 0.000295
108 29 1.001498 0.135901 0.000214
108 30 1.001499 0.136343 0.000130
108 31 1.001499 0.136563 0.000044
108 32 1.001499 0.136563 -0.000044
108 33 1.001499 0.136343 -0.000130
108 34 1.001498 0.135901 -0.000214
108 35 1.001496 0.135236 -0.000295
108 36 1.001494 0.134343 -0.000369
108 37 1.001492 0.133218 -0.000438
108 38 1.001489 0.131854 -0.000498
108 39 1.001487 0.130247 -0.000550
108 40 1.001483 0.128389 -0.000592
108 41 1.001480 0.126272 -0.000625
108 42 1.001477 0.123891 -0.000647
108 43 1.001473 0.121236 -0.000660
108 44 1.001469 0.118302 -0.000662
108 45 1.001466 0.115082 -0.000655
108 46 1.001462 0.111569 -0.000639
108 47 1.001459 0.107758 -0.000615
108 48 1.001456 0.103645 -0.000583
108 49 1.001452 0.099226 -0.000545
108 50 1.001449 0.094497 -0.000503
108 51 1.001446 0.089456 -0.000456
108 52 1.001444 0.084101 -0.000407
108 53 1.001441 0.078432 -0.000356
108 54 1.001438 0.072447 -0.000304
108 55 1.001435 0.066147 -0.000254
108 56 1.001433 0.059533 -0.000205
108 57 1.001430 0.052605 -0.000160
108 58 1.001427 0.045365 -0.000118
108 59 1.001424 0.037813 -0.000082
108 60 1.001420 0.029951 -0.000051
108 61 1.001417 0.021781 -0.000027
108 62 1.001413 0.013303 -0.000010
108 63 1.001408 0.004519 -0.000002
109 0 1.001256 0.004516 0.000001
109 1 1.001260 0.013293 0.000010
109 2 1.001264 0.021764 0.000026
109 3 1.001267 0.029929 0.000049
109 4 1.001270 0.037785 0.000079
109 5 1.001273 0.045333 0.000115
109 6 1.001276 0.052570 0.000155
109 7 1.001279 0.059496 0.000199
109 8 1.001282 0.066109 0.000246
109 9 1.001284 0.072408 0.000294
109 10 1.001287 0.078393 0.000344
109 11 1.001290 0.084065 0.000393
109 12 1.001292 0.089422 0.000441
109 13 1.001295 0.094467 0.000486
109 14 1.001298 0.099202 0.000528
109 15 1.001301 0.103627 0.000564
109 16 1.001305 0.107747 0.000594
109 17 1.001308 0.111566 0.000618
109 18 1.001311 0.115088 0.000633
109 19 1.001315 0.118318 0.000640
109 20 1.001318 0.121262 0.000638
109 21 1.001322 0.123927 0.000626
109 22 1.001325 0.126319 0.000604
109 23 1.001328 0.128446 0.000573
109 24 1.001331 0.130314 0.000532
109 25 1.001334 0.131930 0.000481
109 26 1.001336 0.133302 0.000423
109 27 1.001339 0.134434 0.000357
109 28 1.001340 0.135333 0.000285
109 29 1.001342 0.136004 0.000207
109 30 1.001343 0.136448 0.000126
109 31 1.001343 0.136670 0.000042
109 32 1.001343 0.136670 -0.000042
109 33 1.001343 0.136448 -0.000126
109 34 1.001342 0.136004 -0.000207
109 35 1.001340 0.135333 -0.000285
109 36 1.001339 0.134434 -0.000357
109 37 1.001336 0.133302 -0.000423
109 38 1.001334 0.131930 -0.000481
109 39 1.001331 0.130314 -0.000532
109 40 1.001328 0.128446 -0.000573
109 41 1.001325 0.126319 -0.000604
109 42 1.001322 0.123927 -0.000626
109 43 1.001318 0.121262 -0.000638
109 44 1.001315 0.118318 -0.000640
109 45 1.001311 0.115088 -0.000633
109 46 1.001308 0.111566 -0.000618
109 47 1.001305 0.107747 -0.000594
109 48 1.001301 0.103627 -0.000564
109 49 1.001298 0.099202 -0.000528
109 50 1.001295 0.094467 -0.000486
109 51 1.001292 0.089422 -0.000441
109 52 1.001290 0.084065 -0.000393
109 53 1.001287 0.078393 -0.000344
109 54 1.001284 0.072408 -0.000294
109 55 1.001282 0.066109 -0.000246
109 56 1.001279 0.059496 -0.000199
109 57 1.001276 0.052570 -0.000155
109 58 1.001273 0.045333 -0.000115
109 59 1.001270 0.037785 -0.000079
109 60 1.001267 0.029929 -0.000049
109 61 1.001264 0.021764 -0.000026
109 62 1.001260 0.013293 -0.000010
109 63 1.001256 0.004516 -0.000001
110 0 1.001103 0.004512 0.000001
110 1 1.001107 0.013283 0.000010
110 2 1.001111 0.021748 0.000025
110 3 1.001114 0.029907 0.000048
110 4 1.001118 0.037759 0.000077
110 5 1.001120 0.045303 0.000111
110 6 1.001123 0.052537 0.000150
110 7 1.001126 0.059460 0.000192
110 8 1.001129 0.066071 0.000238
110 9 1.001131 0.072370 0.000285
110 10 1.001134 0.078357 0.000333
110 11 1.001136 0.084030 0.000381
110 12 1.001139 0.089390 0.000427
110 13 1.001142 0.094439 0.000470
110 14 1.001144 0.099179 0.000510
110 15 1.001147 0.103610 0.000545
110 16 1.001150 0.107738 0.000575
110 17 1.001154 0.111564 0.000597
110 18 1.001157 0.115094 0.000612
110 19 1.001160 0.118334 0.000619
110 20 1.001164 0.121288 0.000616
110 21 1.001167 0.123962 0.000605
110 22 1.001170 0.126365 0.000584
110 23 1.001173 0.128501 0.000553
110 24 1.001176 0.130379 0.000514
110 25 1.001179 0.132004 0.000465
110 26 1.001181 0.133384 0.000409
110 27 1.001183 0.134523 0.000345
110 28 1.001185 0.135428 0.000275
110 29 1.001186 0.136103 0.000200
110 30 1.001187 0.136551 0.000122
110 31 1.001188 0.136774 0.000041
110 32 1.001188 0.136774 -0.000041
110 33 1.001187 0.136551 -0.000122
110 34 1.001186 0.136103 -0.000200
110 35 1.001185 0.135428 -0.000275
110 36 1.001183 0.134523 -0.000345
110 37 1.001181 0.133384 -0.000409
110 38 1.001179 0.132004 -0.000465
110 39 1.001176 0.130379 -0.000514
110 40 1.001173 0.128501 -0.000553
110 41 1.001170 0.126365 -0.000584
110 42 1.001167 0.123962 -0.000605
110 43 1.001164 0.121288 -0.000616
110 44 1.001160 0.118334 -0.000619
110 45 1.001157 0.115094 -0.000612
110 46 1.001154 0.111564 -0.000597
110 47 1.001150 0.107738 -0.000575
110 48 1.001147 0.103610 -0.000545
110 49 1.001144 0.099179 -0.000510
110 50 1.001142 0.094439 -0.000470
110 51 1.001139 0.089390 -0.000427
110 52 1.001136 0.084030 -0.000381
110 53 1.001134 0.078357 -0.000333
110 54 1.001131 0.072370 -0.000285
110 55 1.001129 0.066071 -0.000238
110 56 1.001126 0.059460 -0.000192
110 57 1.001123 0.052537 -0.000150
110 58 1.001120 0.045303 -0.000111
110 59 1.001118 0.037759 -0.000077
110 60 1.001114 0.029907 -0.000048
110 61 1.001111 0.021748 -0.000025
110 62 1.001107 0.013283 -0.000010
110 63 1.001103 0.004512 -0.000001
111 0 1.000951 0.004509 0.000001
111 1 1.000955 0.013273 0.000009
111 2 1.000959 0.021732 0.000025
111 3 1.000962 0.029886 0.000046
111 4 1.000965 0.037734 0.000074
111 5 1.000968 0.045273 0.000107
111 6 1.000971 0.052504 0.000145
111 7 1.000973 0.059426 0.000186
111 8 1.000976 0.066036 0.000230
111 9 1.000978 0.072335 0.000276
111 10 1.000981 0.078321 0.000322
111 11 1.000983 0.083996 0.000368
111 12 1.000986 0.089360 0.000413
111 13 1.000988 0.094413 0.000455
111 14 1.000991 0.099157 0.000494
111 15 1.000994 0.103594 0.000527
111 16 1.000997 0.107728 0.000556
111 17 1.001000 0.111563 0.000578
111 18 1.001003 0.115102 0.000592
111 19 1.001006 0.118350 0.000598
111 20 1.001009 0.121313 0.000596
111 21 1.001012 0.123998 0.000585
111 22 1.001016 0.126410 0.000564
111 23 1.001019 0.128556 0.000535
111 24 1.001021 0.130442 0.000497
111 25 1.001024 0.132076 0.000450
111 26 1.001026 0.133464 0.000395
111 27 1.001028 0.134610 0.000333
111 28 1.001030 0.135521 0.000266
111 29 1.001031 0.136200 0.000193
111 30 1.001032 0.136651 0.000118
111 31 1.001033 0.136875 0.000039
111 32 1.001033 0.136875 -0.000039
111 33 1.001032 0.136651 -0.000118
111 34 1.001031 0.136200 -0.000193
111 35 1.001030 0.135521 -0.000266
111 36 1.001028 0.134610 -0.000333
111 37 1.001026 0.133464 -0.000395
111 38 1.001024 0.132076 -0.000450
111 39 1.001021 0.130442 -0.000497
111 40 1.001019 0.128556 -0.000535
111 41 1.001016 0.126410 -0.000564
111 42 1.001012 0.123998 -0.000585
111 43 1.001009 0.121313 -0.000596
111 44 1.001006 0.118350 -0.000598
111 45 1.001003 0.115102 -0.000592
111 46 1.001000 0.111563 -0.000578
111 47 1.000997 0.107728 -0.000556
111 48 1.000994 0.103594 -0.000527
111 49 1.000991 0.099157 -0.000494
111 50 1.000988 0.094413 -0.000455
111 51 1.000986 0.089360 -0.000413
111 52 1.000983 0.083996 -0.000368
111 53 1.000981 0.078321 -0.000322
111 54 1.000978 0.072335 -0.000276
111 55 1.000976 0.066036 -0.000230
111 56 1.000973 0.059426 -0.000186
111 57 1.000971 0.052504 -0.000145
111 58 1.000968 0.045273 -0.000107
111 59 1.000965 0.037734 -0.000074
111 60 1.000962 0.029886 -0.000046
111 61 1.000959 0.021732 -0.000025
111 62 1.000955 0.013273 -0.000009
111 63 1.000951 0.004509 -0.000001
112 0 1.000800 0.004505 0.000001
112 1 1.000803 0.013263 0.000009
112 2 1.000807 0.021717 0.000024
112 3 1.000810 0.029866 0.000045
112 4 1.000813 0.037709 0.000072
112 5 1.000816 0.045245 0.000104
112 6 1.000818 0.052474 0.000140
112 7 1.000821 0.059393 0.000180
112 8 1.000823 0.066002 0.000223
112 9 1.000825 0.072300 0.000267
112 10 1.000828 0.078288 0.000312
112 11 1.000830 0.083964 0.000356
112 12 1.000833 0.089330 0.000399
112 13 1.000835 0.094387 0.000440
112 14 1.000838 0.099136 0.000477
112 15 1.000841 0.103579 0.000510
112 16 1.000843 0.107720 0.000538
112 17 1.000846 0.111562 0.000558
112 18 1.000849 0.115109 0.000572
112 19 1.000852 0.118366 0.000578
112 20 1.000856 0.121338 0.000576
112 21 1.000859 0.124032 0.000565
112 22 1.000862 0.126454 0.000546
112 23 1.000864 0.128609 0.000517
112 24 1.000867 0.130504 0.000480
112 25 1.000870 0.132147 0.000435
112 26 1.000872 0.133541 0.000382
112 27 1.000874 0.134695 0.000322
112 28 1.000875 0.135611 0.000257
112 29 1.000877 0.136294 0.000187
112 30 1.000877 0.136748 0.000114
112 31 1.000878 0.136974 0.000038
112 32 1.000878 0.136974 -0.000038
112 33 1.000877 0.136748 -0.000114
112 34 1.000877 0.136294 -0.000187
112 35 1.000875 0.135611 -0.000257
112 36 1.000874 0.134695 -0.000322
112 37 1.000872 0.133541 -0.000382
112 38 1.000870 0.132147 -0.000435
112 39 1.000867 0.130504 -0.000480
112 40 1.000864 0.128609 -0.000517
112 41 1.000862 0.126454 -0.000546
112 42 1.000859 0.124032 -0.000565
112 43 1.000856 0.121338 -0.000576
112 44 1.000852 0.118366 -0.000578
112 45 1.000849 0.115109 -0.000572
112 46 1.000846 0.111562 -0.000558
112 47 1.000843 0.107720 -0.000538
112 48 1.000841 0.103579 -0.000510
112 49 1.000838 0.099136 -0.000477
112 50 1.000835 0.094387 -0.000440
112 51 1.000833 0.089330 -0.000399
112 52 1.000830 0.083964 -0.000356
112 53 1.000828 0.078288 -0.000312
112 54 1.000825 0.072300 -0.000267
112 55 1.000823 0.066002 -0.000223
112 56 1.000821 0.059393 -0.000180
112 57 1.000818 0.052474 -0.000140
112 58 1.000816 0.045245 -0.000104
112 59 1.000813 0.037709 -0.000072
112 60 1.000810 0.029866 -0.000045
112 61 1.000807 0.021717 -0.000024
112 62 1.000803 0.013263 -0.000009
112 63 1.000800 0.004505 -0.000001
113 0 1.000648 0.004502 0.000001
113 1 1.000652 0.013254 0.000009
113 2 1.000655 0.021703 0.000023
113 3 1.000658 0.029847 0.000044
113 4 1.000661 0.037686 0.000070
113 5 1.000664 0.045218 0.000101
113 6 1.000666 0.052444 0.000136
113 7 1.000668 0.059361 0.000175
113 8 1.000671 0.065969 0.000216
113 9 1.000673 0.072267 0.000258
113 10 1.000675 0.078255 0.000302
113 11 1.000678 0.083934 0.000345
113 12 1.000680 0.089303 0.000386
113 13 1.000683 0.094363 0.000426
113 14 1.000685 0.099117 0.000462
113 15 1.000688 0.103566 0.000493
113 16 1.000690 0.107713 0.000520
113 17 1.000693 0.111562 0.000540
113 18 1.000696 0.115117 0.000553
113 19 1.000699 0.118382 0.000559
113 20 1.000702 0.121363 0.000557
113 21 1.000705 0.124066 0.000547
113 22 1.000708 0.126497 0.000527
113 23 1.000711 0.128661 0.000500
113 24 1.000713 0.130565 0.000464
113 25 1.000716 0.132215 0.000420
113 26 1.000718 0.133617 0.000369
113 27 1.000720 0.134777 0.000312
113 28 1.000721 0.135698 0.000248
113 29 1.000722 0.136386 0.000181
113 30 1.000723 0.136842 0.000110
113 31 1.000724 0.137070 0.000037
113 32 1.000724 0.137070 -0.000037
113 33 1.000723 0.136842 -0.000110
113 34 1.000722 0.136386 -0.000181
113 35 1.000721 0.135698 -0.000248
113 36 1.000720 0.134777 -0.000312
113 37 1.000718 0.133617 -0.000369
113 38 1.000716 0.132215 -0.000420
113 39 1.000713 0.130565 -0.000464
113 40 1.000711 0.128661 -0.000500
113 41 1.000708 0.126497 -0.000527
113 42 1.000705 0.124066 -0.000547
113 43 1.000702 0.121363 -0.000557
113 44 1.000699 0.118382 -0.000559
113 45 1.000696 0.115117 -0.000553
113 46 1.000693 0.111562 -0.000540
113 47 1.000690 0.107713 -0.000520
113 48 1.000688 0.103566 -0.000493
113 49 1.000685 0.099117 -0.000462
113 50 1.000683 0.094363 -0.000426
113 51 1.000680 0.089303 -0.000386
113 52 1.000678 0.083934 -0.000345
113 53 1.000675 0.078255 -0.000302
113 54 1.000673 0.072267 -0.000258
113 55 1.000671 0.065969 -0.000216
113 56 1.000668 0.059361 -0.000175
113 57 1.000666 0.052444 -0.000136
113 58 1.000664 0.045218 -0.000101
113 59 1.000661 0.037686 -0.000070
113 60 1.000658 0.029847 -0.000044
113 61 1.000655 0.021703 -0.000023
113 62 1.000652 0.013254 -0.000009
113 63 1.000648 0.004502 -0.000001
114 0 1.000497 0.004499 0.000001
114 1 1.000500 0.013245 0.000008
114 2 1.000504 0.021689 0.000022
114 3 1.000506 0.029828 0.000042
114 4 1.000509 0.037663 0.000067
114 5 1.000512 0.045193 0.000098
114 6 1.000514 0.052415 0.000132
114 7 1.000517 0.059331 0.000169
114 8 1.000519 0.065938 0.000209
114 9 1.000521 0.072236 0.000250
114 10 1.000523 0.078225 0.000292
114 11 1.000525 0.083905 0.000334
114 12 1.000528 0.089276 0.000374
114 13 1.000530 0.094340 0.000412
114 14 1.000533 0.099098 0.000447
114 15 1.000535 0.103553 0.000477
114 16 1.000538 0.107706 0.000503
114 17 1.000541 0.111562 0.000522
114 18 1.000543 0.115125 0.000535
114 19 1.000546 0.118398 0.000541
114 20 1.000549 0.121388 0.000539
114 21 1.000552 0.124100 0.000528
114 22 1.000555 0.126539 0.000510
114 23 1.000557 0.128712 0.000483
114 24 1.000560 0.130624 0.000449
114 25 1.000562 0.132282 0.000406
114 26 1.000564 0.133692 0.000357
114 27 1.000566 0.134857 0.000301
114 28 1.000567 0.135784 0.000240
114 29 1.000569 0.136475 0.000175
114 30 1.000569 0.136934 0.000106
114 31 1.000570 0.137163 0.000036
114 32 1.000570 0.137163 -0.000036
114 33 1.000569 0.136934 -0.000106
114 34 1.000569 0.136475 -0.000175
114 35 1.000567 0.135784 -0.000240
114 36 1.000566 0.134857 -0.000301
114 37 1.000564 0.133692 -0.000357
114 38 1.000562 0.132282 -0.000406
114 39 1.000560 0.130624 -0.000449
114 40 1.000557 0.128712 -0.000483
114 41 1.000555 0.126539 -0.000510
114 42 1.000552 0.124100 -0.000528
114 43 1.000549 0.121388 -0.000539
114 44 1.000546 0.118398 -0.000541
114 45 1.000543 0.115125 -0.000535
114 46 1.000541 0.111562 -0.000522
114 47 1.000538 0.107706 -0.000503
114 48 1.000535 0.103553 -0.000477
114 49 1.000533 0.099098 -0.000447
114 50 1.000530 0.094340 -0.000412
114 51 1.000528 0.089276 -0.000374
114 52 1.000525 0.083905 -0.000334
114 53 1.000523 0.078225 -0.000292
114 54 1.000521 0.072236 -0.000250
114 55 1.000519 0.065938 -0.000209
114 56 1.000517 0.059331 -0.000169
114 57 1.000514 0.052415 -0.000132
114 58 1.000512 0.045193 -0.000098
114 59 1.000509 0.037663 -0.000067
114 60 1.000506 0.029828 -0.000042
114 61 1.000504 0.021689 -0.000022
114 62 1.000500 0.013245 -0.000008
114 63 1.000497 0.004499 -0.000001
115 0 1.000346 0.004496 0.000001
115 1 1.000349 0.013237 0.000008
115 2 1.000352 0.021675 0.000022
115 3 1.000355 0.029810 0.000041
115 4 1.000358 0.037642 0.000065
115 5 1.000360 0.045168 0.000094
115 6 1.000363 0.052388 0.000127
115 7 1.000365 0.059302 0.000164
115 8 1.000367 0.065908 0.000202
115 9 1.000369 0.072206 0.000242
115 10 1.000371 0.078195 0.000283
115 11 1.000374 0.083877 0.000323
115 12 1.000376 0.089251 0.000362
115 13 1.000378 0.094319 0.000399
115 14 1.000380 0.099081 0.000432
115 15 1.000383 0.103541 0.000462
115 16 1.000385 0.107700 0.000486
115 17 1.000388 0.111563 0.000505
115 18 1.000391 0.115133 0.000518
115 19 1.000393 0.118415 0.000523
115 20 1.000396 0.121413 0.000521
115 21 1.000399 0.124133 0.000511
115 22 1.000402 0.126581 0.000493
115 23 1.000404 0.128762 0.000467
115 24 1.000407 0.130682 0.000434
115 25 1.000409 0.132348 0.000393
115 26 1.000411 0.133764 0.000345
115 27 1.000413 0.134935 0.000291
115 28 1.000414 0.135867 0.000232
115 29 1.000415 0.136562 0.000169
115 30 1.000416 0.137024 0.000103
115 31 1.000416 0.137254 0.000034
115 32 1.000416 0.137254 -0.000034
115 33 1.000416 0.137024 -0.000103
115 34 1.000415 0.136562 -0.000169
115 35 1.000414 0.135867 -0.000232
115 36 1.000413 0.134935 -0.000291
115 37 1.000411 0.133764 -0.000345
115 38 1.000409 0.132348 -0.000393
115 39 1.000407 0.130682 -0.000434
115 40 1.000404 0.128762 -0.000467
115 41 1.000402 0.126581 -0.000493
115 42 1.000399 0.124133 -0.000511
115 43 1.000396 0.121413 -0.000521
115 44 1.000393 0.118415 -0.000523
115 45 1.000391 0.115133 -0.000518
115 46 1.000388 0.111563 -0.000505
115 47 1.000385 0.107700 -0.000486
115 48 1.000383 0.103541 -0.000462
115 49 1.000380 0.099081 -0.000432
115 50 1.000378 0.094319 -0.000399
115 51 1.000376 0.089251 -0.000362
115 52 1.000374 0.083877 -0.000323
115 53 1.000371 0.078195 -0.000283
115 54 1.000369 0.072206 -0.000242
115 55 1.000367 0.065908 -0.000202
115 56 1.000365 0.059302 -0.000164
115 57 1.000363 0.052388 -0.000127
115 58 1.000360 0.045168 -0.000094
115 59 1.000358 0.037642 -0.000065
115 60 1.000355 0.029810 -0.000041
115 61 1.000352 0.021675 -0.000022
115 62 1.000349 0.013237 -0.000008
115 63 1.000346 0.004496 -0.000001
116 0 1.000195 0.004493 0.000001
116 1 1.000198 0.013229 0.000008
116 2 1.000201 0.021662 0.000021
116 3 1.000204 0.029793 0.000040
116 4 1.000207 0.037621 0.000063
116 5 1.000209 0.045144 0.000091
116 6 1.000212 0.052362 0.000123
116 7 1.000214 0.059274 0.000158
116 8 1.000216 0.065879 0.000196
116 9 1.000218 0.072177 0.000234
116 10 1.000220 0.078167 0.000274
116 11 1.000222 0.083851 0.000312
116 12 1.000224 0.089227 0.000350
116 13 1.000226 0.094298 0.000386
116 14 1.000229 0.099065 0.000418
116 15 1.000231 0.103530 0.000447
116 16 1.000233 0.107695 0.000471
116 17 1.000236 0.111565 0.000489
116 18 1.000239 0.115142 0.000501
116 19 1.000241 0.118431 0.000506
116 20 1.000244 0.121437 0.000504
116 21 1.000246 0.124166 0.000494
116 22 1.000249 0.126622 0.000477
116 23 1.000251 0.128811 0.000452
116 24 1.000254 0.130739 0.000419
116 25 1.000256 0.132412 0.000380
116 26 1.000258 0.133834 0.000334
116 27 1.000260 0.135012 0.000281
116 28 1.000261 0.135948 0.000224
116 29 1.000262 0.136647 0.000163
116 30 1.000263 0.137111 0.000099
116 31 1.000263 0.137343 0.000033
116 32 1.000263 0.137343 -0.000033
116 33 1.000263 0.137111 -0.000099
116 34 1.000262 0.136647 -0.000163
116 35 1.000261 0.135948 -0.000224
116 36 1.000260 0.135012 -0.000281
116 37 1.000258 0.133834 -0.000334
116 38 1.000256 0.132412 -0.000380
116 39 1.000254 0.130739 -0.000419
116 40 1.000251 0.128811 -0.000452
116 41 1.000249 0.126622 -0.000477
116 42 1.000246 0.124166 -0.000494
116 43 1.000244 0.121437 -0.000504
116 44 1.000241 0.118431 -0.000506
116 45 1.000239 0.115142 -0.000501
116 46 1.000236 0.111565 -0.000489
116 47 1.000233 0.107695 -0.000471
116 48 1.000231 0.103530 -0.000447
116 49 1.000229 0.099065 -0.000418
116 50 1.000226 0.094298 -0.000386
116 51 1.000224 0.089227 -0.000350
116 52 1.000222 0.083851 -0.000312
116 53 1.000220 0.078167 -0.000274
116 54 1.000218 0.072177 -0.000234
116 55 1.000216 0.065879 -0.000196
116 56 1.000214 0.059274 -0.000158
116 57 1.000212 0.052362 -0.000123
116 58 1.000209 0.045144 -0.000091
116 59 1.000207 0.037621 -0.000063
116 60 1.000204 0.029793 -0.000040
116 61 1.000201 0.021662 -0.000021
116 62 1.000198 0.013229 -0.000008
116 63 1.000195 0.004493 -0.000001
117 0 1.000045 0.004491 0.000001
117 1 1.000048 0.013221 0.000008
117 2 1.000051 0.021650 0.000020
117 3 1.000054 0.029777 0.000038
117 4 1.000056 0.037601 0.000061
117 5 1.000058 0.045121 0.000089
117 6 1.000061 0.052337 0.000119
117 7 1.000063 0.059247 0.000153
117 8 1.000065 0.065851 0.000189
117 9 1.000067 0.072149 0.000227
117 10 1.000069 0.078140 0.000265
117 11 1.000071 0.083825 0.000302
117 12 1.000073 0.089204 0.000339
117 13 1.000075 0.094279 0.000373
117 14 1.000077 0.099050 0.000405
117 15 1.000079 0.103520 0.000432
117 16 1.000082 0.107691 0.000455
117 17 1.000084 0.111567 0.000473
117 18 1.000087 0.115151 0.000484
117 19 1.000089 0.118448 0.000489
117 20 1.000092 0.121461 0.000487
117 21 1.000094 0.124198 0.000478
117 22 1.000097 0.126662 0.000461
117 23 1.000099 0.128859 0.000437
117 24 1.000101 0.130795 0.000405
117 25 1.000103 0.132474 0.000367
117 26 1.000105 0.133903 0.000322
117 27 1.000107 0.135086 0.000272
117 28 1.000108 0.136027 0.000217
117 29 1.000109 0.136729 0.000158
117 30 1.000110 0.137196 0.000096
117 31 1.000110 0.137429 0.000032
117 32 1.000110 0.137429 -0.000032
117 33 1.000110 0.137196 -0.000096
117 34 1.000109 0.136729 -0.000158
117 35 1.000108 0.136027 -0.000217
117 36 1.000107 0.135086 -0.000272
117 37 1.000105 0.133903 -0.000322
117 38 1.000103 0.132474 -0.000367
117 39 1.000101 0.130795 -0.000405
117 40 1.000099 0.128859 -0.000437
117 41 1.000097 0.126662 -0.000461
117 42 1.000094 0.124198 -0.000478
117 43 1.000092 0.121461 -0.000487
117 44 1.000089 0.118448 -0.000489
117 45 1.000087 0.115151 -0.000484
117 46 1.000084 0.111567 -0.000473
117 47 1.000082 0.107691 -0.000455
117 48 1.000079 0.103520 -0.000432
117 49 1.000077 0.099050 -0.000405
117 50 1.000075 0.094279 -0.000373
117 51 1.000073 0.089204 -0.000339
117 52 1.000071 0.083825 -0.000302
117 53 1.000069 0.078140 -0.000265
117 54 1.000067 0.072149 -0.000227
117 55 1.000065 0.065851 -0.000189
117 56 1.000063 0.059247 -0.000153
117 57 1.000061 0.052337 -0.000119
117 58 1.000058 0.045121 -0.000089
117 59 1.000056 0.037601 -0.000061
117 60 1.000054 0.029777 -0.000038
117 61 1.000051 0.021650 -0.000020
117 62 1.000048 0.013221 -0.000008
117 63 1.000045 0.004491 -0.000001
118 0 0.999895 0.004488 0.000001
118 1 0.999898 0.013213 0.000007
118 2 0.999900 0.021638 0.000020
118 3 0.999903 0.029761 0.000037
118 4 0.999906 0.037582 0.000059
118 5 0.999908 0.045099 0.000086
118 6 0.999910 0.052313 0.000116
118 7 0.999912 0.059221 0.000148
118 8 0.999914 0.065825 0.000183
118 9 0.999916 0.072123 0.000220
118 10 0.999918 0.078115 0.000256
118 11 0.999920 0.083801 0.000293
118 12 0.999922 0.089183 0.000328
118 13 0.999924 0.094261 0.000361
118 14 0.999926 0.099036 0.000392
118 15 0.999928 0.103510 0.000418
118 16 0.999930 0.107687 0.000440
118 17 0.999933 0.111569 0.000457
118 18 0.999935 0.115160 0.000468
118 19 0.999937 0.118464 0.000473
118 20 0.999940 0.121486 0.000471
118 21 0.999942 0.124230 0.000462
118 22 0.999945 0.126701 0.000446
118 23 0.999947 0.128906 0.000422
118 24 0.999949 0.130849 0.000392
118 25 0.999951 0.132535 0.000355
118 26 0.999953 0.133970 0.000312
118 27 0.999955 0.135159 0.000263
118 28 0.999956 0.136104 0.000210
118 29 0.999957 0.136810 0.000153
118 30 0.999958 0.137279 0.000093
118 31 0.999958 0.137513 0.000031
118 32 0.999958 0.137513 -0.000031
118 33 0.999958 0.137279 -0.000093
118 34 0.999957 0.136810 -0.000153
118 35 0.999956 0.136104 -0.000210
118 36 0.999955 0.135159 -0.000263
118 37 0.999953 0.133970 -0.000312
118 38 0.999951 0.132535 -0.000355
118 39 0.999949 0.130849 -0.000392
118 40 0.999947 0.128906 -0.000422
118 41 0.999945 0.126701 -0.000446
118 42 0.999942 0.124230 -0.000462
118 43 0.999940 0.121486 -0.000471
118 44 0.999937 0.118464 -0.000473
118 45 0.999935 0.115160 -0.000468
118 46 0.999933 0.111569 -0.000457
118 47 0.999930 0.107687 -0.000440
118 48 0.999928 0.103510 -0.000418
118 49 0.999926 0.099036 -0.000392
118 50 0.999924 0.094261 -0.000361
118 51 0.999922 0.089183 -0.000328
118 52 0.999920 0.083801 -0.000293
118 53 0.999918 0.078115 -0.000256
118 54 0.999916 0.072123 -0.000220
118 55 0.999914 0.065825 -0.000183
118 56 0.999912 0.059221 -0.000148
118 57 0.999910 0.052313 -0.000116
118 58 0.999908 0.045099 -0.000086
118 59 0.999906 0.037582 -0.000059
118 60 0.999903 0.029761 -0.000037
118 61 0.999900 0.021638 -0.000020
118 62 0.999898 0.013213 -0.000007
118 63 0.999895 0.004488 -0.000001
119 0 0.999745 0.004485 0.000001
119 1 0.999748 0.013206 0.000007
119 2 0.999750 0.021627 0.000019
119 3 0.999753 0.029746 0.000036
119 4 0.999755 0.037563 0.000057
119 5 0.999757 0.045078 0.000083
119 6 0.999759 0.052290 0.000112
119 7 0.999761 0.059197 0.000144
119 8 0.999763 0.065800 0.000177
119 9 0.999765 0.072098 0.000212
119 10 0.999767 0.078091 0.000248
119 11 0.999769 0.083779 0.000283
119 12 0.999771 0.089163 0.000317
119 13 0.999773 0.094243 0.000349
119 14 0.999775 0.099022 0.000379
119 15 0.999777 0.103502 0.000405
119 16 0.999779 0.107684 0.000426
119 17 0.999781 0.111572 0.000442
119 18 0.999784 0.115170 0.000453
119 19 0.999786 0.118481 0.000458
119 20 0.999788 0.121509 0.000456
119 21 0.999791 0.124261 0.000447
119 22 0.999793 0.126740 0.000431
119 23 0.999795 0.128952 0.000409
119 24 0.999797 0.130902 0.000379
119 25 0.999799 0.132595 0.000343
119 26 0.999801 0.134036 0.000301
119 27 0.999803 0.135230 0.000254
119 28 0.999804 0.136179 0.000203
119 29 0.999805 0.136888 0.000148
119 30 0.999805 0.137360 0.000090
119 31 0.999806 0.137595 0.000030
119 32 0.999806 0.137595 -0.000030
119 33 0.999805 0.137360 -0.000090
119 34 0.999805 0.136888 -0.000148
119 35 0.999804 0.136179 -0.000203
119 36 0.999803 0.135230 -0.000254
119 37 0.999801 0.134036 -0.000301
119 38 0.999799 0.132595 -0.000343
119 39 0.999797 0.130902 -0.000379
119 40 0.999795 0.128952 -0.000409
119 41 0.999793 0.126740 -0.000431
119 42 0.999791 0.124261 -0.000447
119 43 0.999788 0.121509 -0.000456
119 44 0.999786 0.118481 -0.000458
119 45 0.999784 0.115170 -0.000453
119 46 0.999781 0.111572 -0.000442
119 47 0.999779 0.107684 -0.000426
119 48 0.999777 0.103502 -0.000405
119 49 0.999775 0.099022 -0.000379
119 50 0.999773 0.094243 -0.000349
119 51 0.999771 0.089163 -0.000317
119 52 0.999769 0.083779 -0.000283
119 53 0.999767 0.078091 -0.000248
119 54 0.999765 0.072098 -0.000212
119 55 0.999763 0.065800 -0.000177
119 56 0.999761 0.059197 -0.000144
119 57 0.999759 0.052290 -0.000112
119 58 0.999757 0.045078 -0.000083
119 59 0.999755 0.037563 -0.000057
119 60 0.999753 0.029746 -0.000036
119 61 0.999750 0.021627 -0.000019
119 62 0.999748 0.013206 -0.000007
119 63 0.999745 0.004485 -0.000001
120 0 0.999595 0.004483 0.000001
120 1 0.999598 0.013199 0.000007
120 2 0.999600 0.021616 0.000018
120 3 0.999603 0.029731 0.000035
120 4 0.999605 0.037546 0.000056
120 5 0.999607 0.045058 0.000080
120 6 0.999609 0.052267 0.000108
120 7 0.999611 0.059173 0.000139
120 8 0.999613 0.065776 0.000172
120 9 0.999615 0.072074 0.000206
120 10 0.999617 0.078067 0.000240
120 11 0.999618 0.083757 0.000274
120 12 0.999620 0.089143 0.000307
120 13 0.999622 0.094227 0.000338
120 14 0.999624 0.099010 0.000367
120 15 0.999626 0.103494 0.000391
120 16 0.999628 0.107682 0.000412
120 17 0.999630 0.111576 0.000428
120 18 0.999633 0.115179 0.000438
120 19 0.999635 0.118497 0.000443
120 20 0.999637 0.121533 0.000441
120 21 0.999640 0.124292 0.000432
120 22 0.999642 0.126778 0.000417
120 23 0.999644 0.128997 0.000395
120 24 0.999646 0.130954 0.000367
120 25 0.999648 0.132653 0.000332
120 26 0.999649 0.134100 0.000292
120 27 0.999651 0.135299 0.000246
120 28 0.999652 0.136253 0.000196
120 29 0.999653 0.136965 0.000143
120 30 0.999654 0.137439 0.000087
120 31 0.999654 0.137675 0.000029
120 32 0.999654 0.137675 -0.000029
120 33 0.999654 0.137439 -0.000087
120 34 0.999653 0.136965 -0.000143
120 35 0.999652 0.136253 -0.000196
120 36 0.999651 0.135299 -0.000246
120 37 0.999649 0.134100 -0.000292
120 38 0.999648 0.132653 -0.000332
120 39 0.999646 0.130954 -0.000367
120 40 0.999644 0.128997 -0.000395
120 41 0.999642 0.126778 -0.000417
120 42 0.999640 0.124292 -0.000432
120 43 0.999637 0.121533 -0.000441
120 44 0.999635 0.118497 -0.000443
120 45 0.999633 0.115179 -0.000438
120 46 0.999630 0.111576 -0.000428
120 47 0.999628 0.107682 -0.000412
120 48 0.999626 0.103494 -0.000391
120 49 0.999624 0.099010 -0.000367
120 50 0.999622 0.094227 -0.000338
120 51 0.999620 0.089143 -0.000307
120 52 0.999618 0.083757 -0.000274
120 53 0.999617 0.078067 -0.000240
120 54 0.999615 0.072074 -0.000206
120 55 0.999613 0.065776 -0.000172
120 56 0.999611 0.059173 -0.000139
120 57 0.999609 0.052267 -0.000108
120 58 0.999607 0.045058 -0.000080
120 59 0.999605 0.037546 -0.000056
120 60 0.999603 0.029731 -0.000035
120 61 0.999600 0.021616 -0.000018
120 62 0.999598 0.013199 -0.000007
120 63 0.999595 0.004483 -0.000001
121 0 0.999445 0.004481 0.000001
121 1 0.999448 0.013193 0.000007
121 2 0.999451 0.021605 0.000018
121 3 0.999453 0.029717 0.000034
121 4 0.999455 0.037529 0.000054
121 5 0.999457 0.045039 0.000078
121 6 0.999459 0.052246 0.000105
121 7 0.999461 0.059151 0.000135
121 8 0.999463 0.065753 0.000166
121 9 0.999465 0.072051 0.000199
121 10 0.999466 0.078045 0.000232
121 11 0.999468 0.083737 0.000265
121 12 0.999470 0.089125 0.000297
121 13 0.999472 0.094212 0.000327
121 14 0.999474 0.098999 0.000355
121 15 0.999476 0.103487 0.000379
121 16 0.999478 0.107680 0.000399
121 17 0.999480 0.111579 0.000414
121 18 0.999482 0.115189 0.000424
121 19 0.999484 0.118514 0.000428
121 20 0.999486 0.121556 0.000426
121 21 0.999489 0.124322 0.000418
121 22 0.999491 0.126816 0.000403
121 23 0.999493 0.129042 0.000382
121 24 0.999495 0.131005 0.000355
121 25 0.999496 0.132711 0.000321
121 26 0.999498 0.134163 0.000282
121 27 0.999499 0.135366 0.000238
121 28 0.999501 0.136324 0.000190
121 29 0.999502 0.137040 0.000138
121 30 0.999502 0.137515 0.000084
121 31 0.999502 0.137753 0.000028
121 32 0.999502 0.137753 -0.000028
121 33 0.999502 0.137515 -0.000084
121 34 0.999502 0.137040 -0.000138
121 35 0.999501 0.136324 -0.000190
121 36 0.999499 0.135366 -0.000238
121 37 0.999498 0.134163 -0.000282
121 38 0.999496 0.132711 -0.000321
121 39 0.999495 0.131005 -0.000355
121 40 0.999493 0.129042 -0.000382
121 41 0.999491 0.126816 -0.000403
121 42 0.999489 0.124322 -0.000418
121 43 0.999486 0.121556 -0.000426
121 44 0.999484 0.118514 -0.000428
121 45 0.999482 0.115189 -0.000424
121 46 0.999480 0.111579 -0.000414
121 47 0.999478 0.107680 -0.000399
121 48 0.999476 0.103487 -0.000379
121 49 0.999474 0.098999 -0.000355
121 50 0.999472 0.094212 -0.000327
121 51 0.999470 0.089125 -0.000297
121 52 0.999468 0.083737 -0.000265
121 53 0.999466 0.078045 -0.000232
121 54 0.999465 0.072051 -0.000199
121 55 0.999463 0.065753 -0.000166
121 56 0.999461 0.059151 -0.000135
121 57 0.999459 0.052246 -0.000105
121 58 0.999457 0.045039 -0.000078
121 59 0.999455 0.037529 -0.000054
121 60 0.999453 0.029717 -0.000034
121 61 0.999451 0.021605 -0.000018
121 62 0.999448 0.013193 -0.000007
121 63 0.999445 0.004481 -0.000001
122 0 0.999296 0.004478 0.000001
122 1 0.999299 0.013186 0.000007
122 2 0.999301 0.021595 0.000017
122 3 0.999304 0.029704 0.000033
122 4 0.999306 0.037513 0.000052
122 5 0.999308 0.045020 0.000075
122 6 0.999310 0.052226 0.000102
122 7 0.999311 0.059130 0.000130
122 8 0.999313 0.065731 0.000161
122 9 0.999315 0.072029 0.000193
122 10 0.999316 0.078024 0.000225
122 11 0.999318 0.083717 0.000257
122 12 0.999320 0.089108 0.000288
122 13 0.999322 0.094198 0.000317
122 14 0.999323 0.098988 0.000343
122 15 0.999325 0.103481 0.000367
122 16 0.999327 0.107679 0.000386
122 17 0.999329 0.111584 0.000401
122 18 0.999331 0.115200 0.000410
122 19 0.999334 0.118530 0.000414
122 20 0.999336 0.121580 0.000412
122 21 0.999338 0.124352 0.000404
122 22 0.999340 0.126852 0.000390
122 23 0.999342 0.129085 0.000370
122 24 0.999344 0.131055 0.000343
122 25 0.999345 0.132766 0.000310
122 26 0.999347 0.134224 0.000273
122 27 0.999348 0.135432 0.000230
122 28 0.999349 0.136394 0.000183
122 29 0.999350 0.137113 0.000133
122 30 0.999351 0.137590 0.000081
122 31 0.999351 0.137829 0.000027
122 32 0.999351 0.137829 -0.000027
122 33 0.999351 0.137590 -0.000081
122 34 0.999350 0.137113 -0.000133
122 35 0.999349 0.136394 -0.000183
122 36 0.999348 0.135432 -0.000230
122 37 0.999347 0.134224 -0.000273
122 38 0.999345 0.132766 -0.000310
122 39 0.999344 0.131055 -0.000343
122 40 0.999342 0.129085 -0.000370
122 41 0.999340 0.126852 -0.000390
122 42 0.999338 0.124352 -0.000404
122 43 0.999336 0.121580 -0.000412
122 44 0.999334 0.118530 -0.000414
122 45 0.999331 0.115200 -0.000410
122 46 0.999329 0.111584 -0.000401
122 47 0.999327 0.107679 -0.000386
122 48 0.999325 0.103481 -0.000367
122 49 0.999323 0.098988 -0.000343
122 50 0.999322 0.094198 -0.000317
122 51 0.999320 0.089108 -0.000288
122 52 0.999318 0.083717 -0.000257
122 53 0.999316 0.078024 -0.000225
122 54 0.999315 0.072029 -0.000193
122 55 0.999313 0.065731 -0.000161
122 56 0.999311 0.059130 -0.000130
122 57 0.999310 0.052226 -0.000102
122 58 0.999308 0.045020 -0.000075
122 59 0.999306 0.037513 -0.000052
122 60 0.999304 0.029704 -0.000033
122 61 0.999301 0.021595 -0.000017
122 62 0.999299 0.013186 -0.000007
122 63 0.999296 0.004478 -0.000001
123 0 0.999147 0.004476 0.000001
123 1 0.999150 0.013180 0.000006
123 2 0.999152 0.021585 0.000017
123 3 0.999154 0.029691 0.000032
123 4 0.999156 0.037497 0.000051
123 5 0.999158 0.045002 0.000073
123 6 0.999160 0.052207 0.000098
123 7 0.999162 0.059109 0.000126
123 8 0.999163 0.065710 0.000156
123 9 0.999165 0.072008 0.000187
123 10 0.999167 0.078004 0.000218
123 11 0.999168 0.083699 0.000249
123 12 0.999170 0.089092 0.000278
123 13 0.999172 0.094185 0.000307
123 14 0.999173 0.098978 0.000332
123 15 0.999175 0.103475 0.000355
123 16 0.999177 0.107678 0.000373
123 17 0.999179 0.111588 0.000388
123 18 0.999181 0.115210 0.000397
123 19 0.999183 0.118547 0.000401
123 20 0.999185 0.121603 0.000399
123 21 0.999187 0.124382 0.000391
123 22 0.999189 0.126889 0.000377
123 23 0.999191 0.129128 0.000357
123 24 0.999193 0.131104 0.000332
123 25 0.999195 0.132821 0.000300
123 26 0.999196 0.134284 0.000264
123 27 0.999198 0.135497 0.000222
123 28 0.999199 0.136462 0.000177
123 29 0.999199 0.137184 0.000129
123 30 0.999200 0.137664 0.000078
123 31 0.999200 0.137903 0.000026
123 32 0.999200 0.137903 -0.000026
123 33 0.999200 0.137664 -0.000078
123 34 0.999199 0.137184 -0.000129
123 35 0.999199 0.136462 -0.000177
123 36 0.999198 0.135497 -0.000222
123 37 0.999196 0.134284 -0.000264
123 38 0.999195 0.132821 -0.000300
123 39 0.999193 0.131104 -0.000332
123 40 0.999191 0.129128 -0.000357
123 41 0.999189 0.126889 -0.000377
123 42 0.999187 0.124382 -0.000391
123 43 0.999185 0.121603 -0.000399
123 44 0.999183 0.118547 -0.000401
123 45 0.999181 0.115210 -0.000397
123 46 0.999179 0.111588 -0.000388
123 47 0.999177 0.107678 -0.000373
123 48 0.999175 0.103475 -0.000355
123 49 0.999173 0.098978 -0.000332
123 50 0.999172 0.094185 -0.000307
123 51 0.999170 0.089092 -0.000278
123 52 0.999168 0.083699 -0.000249
123 53 0.999167 0.078004 -0.000218
123 54 0.999165 0.072008 -0.000187
123 55 0.999163 0.065710 -0.000156
123 56 0.999162 0.059109 -0.000126
123 57 0.999160 0.052207 -0.000098
123 58 0.999158 0.045002 -0.000073
123 59 0.999156 0.037497 -0.000051
123 60 0.999154 0.029691 -0.000032
123 61 0.999152 0.021585 -0.000017
123 62 0.999150 0.013180 -0.000006
123 63 0.999147 0.004476 -0.000001
124 0 0.998998 0.004474 0.000001
124 1 0.999001 0.013174 0.000006
124 2 0.999003 0.021576 0.000016
124 3 0.999005 0.029679 0.000031
124 4 0.999007 0.037482 0.000049
124 5 0.999009 0.044985 0.000071
124 6 0.999011 0.052188 0.000095
124 7 0.999013 0.059090 0.000122
124 8 0.999014 0.065690 0.000151
124 9 0.999016 0.071988 0.000181
124 10 0.999017 0.077985 0.000211
124 11 0.999019 0.083681 0.000241
124 12 0.999020 0.089076 0.000270
124 13 0.999022 0.094172 0.000297
124 14 0.999024 0.098970 0.000321
124 15 0.999026 0.103471 0.000343
124 16 0.999027 0.107678 0.000361
124 17 0.999029 0.111593 0.000375
124 18 0.999031 0.115221 0.000384
124 19 0.999033 0.118564 0.000388
124 20 0.999035 0.121626 0.000386
124 21 0.999037 0.124411 0.000378
124 22 0.999039 0.126924 0.000365
124 23 0.999041 0.129170 0.000346
124 24 0.999043 0.131152 0.000321
124 25 0.999044 0.132875 0.000290
124 26 0.999046 0.134343 0.000255
124 27 0.999047 0.135560 0.000215
124 28 0.999048 0.136529 0.000171
124 29 0.999049 0.137253 0.000125
124 30 0.999049 0.137735 0.000076
124 31 0.999050 0.137975 0.000025
124 32 0.999050 0.137975 -0.000025
124 33 0.999049 0.137735 -0.000076
124 34 0.999049 0.137253 -0.000125
124 35 0.999048 0.136529 -0.000171
124 36 0.999047 0.135560 -0.000215
124 37 0.999046 0.134343 -0.000255
124 38 0.999044 0.132875 -0.000290
124 39 0.999043 0.131152 -0.000321
124 40 0.999041 0.129170 -0.000346
124 41 0.999039 0.126924 -0.000365
124 42 0.999037 0.124411 -0.000378
124 43 0.999035 0.121626 -0.000386
124 44 0.999033 0.118564 -0.000388
124 45 0.999031 0.115221 -0.000384
124 46 0.999029 0.111593 -0.000375
124 47 0.999027 0.107678 -0.000361
124 48 0.999026 0.103471 -0.000343
124 49 0.999024 0.098970 -0.000321
124 50 0.999022 0.094172 -0.000297
124 51 0.999020 0.089076 -0.000270
124 52 0.999019 0.083681 -0.000241
124 53 0.999017 0.077985 -0.000211
124 54 0.999016 0.071988 -0.000181
124 55 0.999014 0.065690 -0.000151
124 56 0.999013 0.059090 -0.000122
124 57 0.999011 0.052188 -0.000095
124 58 0.999009 0.044985 -0.000071
124 59 0.999007 0.037482 -0.000049
124 60 0.999005 0.029679 -0.000031
124 61 0.999003 0.021576 -0.000016
124 62 0.999001 0.013174 -0.000006
124 63 0.998998 0.004474 -0.000001
125 0 0.998850 0.004472 0.000001
125 1 0.998852 0.013169 0.000006
125 2 0.998854 0.021567 0.000016
125 3 0.998856 0.029667 0.000030
125 4 0.998858 0.037468 0.000047
125 5 0.998860 0.044969 0.000068
125 6 0.998862 0.052170 0.000092
125 7 0.998863 0.059071 0.000118
125 8 0.998865 0.065671 0.000146
125 9 0.998866 0.071970 0.000175
125 10 0.998868 0.077967 0.000204
125 11 0.998869 0.083665 0.000233
125 12 0.998871 0.089062 0.000261
125 13 0.998873 0.094160 0.000287
125 14 0.998874 0.098961 0.000311
125 15 0.998876 0.103467 0.000332
125 16 0.998878 0.107678 0.000350
125 17 0.998880 0.111599 0.000363
125 18 0.998882 0.115232 0.000372
125 19 0.998883 0.118581 0.000375
125 20 0.998885 0.121649 0.000373
125 21 0.998887 0.124440 0.000366
125 22 0.998889 0.126960 0.000353
125 23 0.998891 0.129211 0.000334
125 24 0.998893 0.131199 0.000310
125 25 0.998894 0.132927 0.000281
125 26 0.998896 0.134400 0.000247
125 27 0.998897 0.135621 0.000208
125 28 0.998898 0.136594 0.000166
125 29 0.998899 0.137321 0.000121
125 30 0.998899 0.137805 0.000073
125 31 0.998899 0.138046 0.000025
125 32 0.998899 0.138046 -0.000025
125 33 0.998899 0.137805 -0.000073
125 34 0.998899 0.137321 -0.000121
125 35 0.998898 0.136594 -0.000166
125 36 0.998897 0.135621 -0.000208
125 37 0.998896 0.134400 -0.000247
125 38 0.998894 0.132927 -0.000281
125 39 0.998893 0.131199 -0.000310
125 40 0.998891 0.129211 -0.000334
125 41 0.998889 0.126960 -0.000353
125 42 0.998887 0.124440 -0.000366
125 43 0.998885 0.121649 -0.000373
125 44 0.998883 0.118581 -0.000375
125 45 0.998882 0.115232 -0.000372
125 46 0.998880 0.111599 -0.000363
125 47 0.998878 0.107678 -0.000350
125 48 0.998876 0.103467 -0.000332
125 49 0.998874 0.098961 -0.000311
125 50 0.998873 0.094160 -0.000287
125 51 0.998871 0.089062 -0.000261
125 52 0.998869 0.083665 -0.000233
125 53 0.998868 0.077967 -0.000204
125 54 0.998866 0.071970 -0.000175
125 55 0.998865 0.065671 -0.000146
125 56 0.998863 0.059071 -0.000118
125 57 0.998862 0.052170 -0.000092
125 58 0.998860 0.044969 -0.000068
125 59 0.998858 0.037468 -0.000047
125 60 0.998856 0.029667 -0.000030
125 61 0.998854 0.021567 -0.000016
125 62 0.998852 0.013169 -0.000006
125 63 0.998850 0.004472 -0.000001
126 0 0.998701 0.004470 0.000001
126 1 0.998704 0.013163 0.000006
126 2 0.998706 0.021559 0.000015
126 3 0.998708 0.029656 0.000029
126 4 0.998710 0.037454 0.000046
126 5 0.998711 0.044954 0.000066
126 6 0.998713 0.052154 0.000089
126 7 0.998715 0.059053 0.000115
126 8 0.998716 0.065653 0.000141
126 9 0.998717 0.071952 0.000169
126 10 0.998719 0.077950 0.000198
126 11 0.998720 0.083649 0.000225
126 12 0.998722 0.089049 0.000252
126 13 0.998723 0.094150 0.000278
126 14 0.998725 0.098954 0.000301
126 15 0.998727 0.103463 0.000321
126 16 0.998728 0.107679 0.000338
126 17 0.998730 0.111605 0.000351
126 18 0.998732 0.115243 0.000359
126 19 0.998734 0.118597 0.000363
126 20 0.998736 0.121671 0.000361
126 21 0.998738 0.124469 0.000354
126 22 0.998739 0.126994 0.000342
126 23 0.998741 0.129251 0.000323
126 24 0.998743 0.131245 0.000300
126 25 0.998744 0.132978 0.000272
126 26 0.998746 0.134456 0.000239
126 27 0.998747 0.135681 0.000201
126 28 0.998748 0.136658 0.000160
126 29 0.998748 0.137388 0.000117
126 30 0.998749 0.137873 0.000071
126 31 0.998749 0.138115 0.000024
126 32 0.998749 0.138115 -0.000024
126 33 0.998749 0.137873 -0.000071
126 34 0.998748 0.137388 -0.000117
126 35 0.998748 0.136658 -0.000160
126 36 0.998747 0.135681 -0.000201
126 37 0.998746 0.134456 -0.000239
126 38 0.998744 0.132978 -0.000272
126 39 0.998743 0.131245 -0.000300
126 40 0.998741 0.129251 -0.000323
126 41 0.998739 0.126994 -0.000342
126 42 0.998738 0.124469 -0.000354
126 43 0.998736 0.121671 -0.000361
126 44 0.998734 0.118597 -0.000363
126 45 0.998732 0.115243 -0.000359
126 46 0.998730 0.111605 -0.000351
126 47 0.998728 0.107679 -0.000338
126 48 0.998727 0.103463 -0.000321
126 49 0.998725 0.098954 -0.000301
126 50 0.998723 0.094150 -0.000278
126 51 0.998722 0.089049 -0.000252
126 52 0.998720 0.083649 -0.000225
126 53 0.998719 0.077950 -0.000198
126 54 0.998717 0.071952 -0.000169
126 55 0.998716 0.065653 -0.000141
126 56 0.998715 0.059053 -0.000115
126 57 0.998713 0.052154 -0.000089
126 58 0.998711 0.044954 -0.000066
126 59 0.998710 0.037454 -0.000046
126 60 0.998708 0.029656 -0.000029
126 61 0.998706 0.021559 -0.000015
126 62 0.998704 0.013163 -0.000006
126 63 0.998701 0.004470 -0.000001
127 0 0.998553 0.004469 0.000001
127 1 0.998555 0.013158 0.000006
127 2 0.998557 0.021550 0.000015
127 3 0.998559 0.029645 0.000028
127 4 0.998561 0.037441 0.000044
127 5 0.998563 0.044939 0.000064
127 6 0.998564 0.052137 0.000087
127 7 0.998566 0.059036 0.000111
127 8 0.998567 0.065636 0.000137
127 9 0.998569 0.071935 0.000164
127 10 0.998570 0.077934 0.000191
127 11 0.998572 0.083635 0.000218
127 12 0.998573 0.089036 0.000244
127 13 0.998574 0.094140 0.000269
127 14 0.998576 0.098947 0.000291
127 15 0.998578 0.103460 0.000311
127 16 0.998579 0.107680 0.000327
127 17 0.998581 0.111611 0.000340
127 18 0.998583 0.115254 0.000348
127 19 0.998585 0.118614 0.000351
127 20 0.998586 0.121694 0.000350
127 21 0.998588 0.124497 0.000343
127 22 0.998590 0.127028 0.000330
127 23 0.998591 0.129291 0.000313
127 24 0.998593 0.131290 0.000290
127 25 0.998595 0.133029 0.000263
127 26 0.998596 0.134511 0.000231
127 27 0.998597 0.135740 0.000195
127 28 0.998598 0.136720 0.000155
127 29 0.998599 0.137452 0.000113
127 30 0.998599 0.137939 0.000069
127 31 0.998599 0.138183 0.000023
127 32 0.998599 0.138183 -0.000023
127 33 0.998599 0.137939 -0.000069
127 34 0.998599 0.137452 -0.000113
127 35 0.998598 0.136720 -0.000155
127 36 0.998597 0.135740 -0.000195
127 37 0.998596 0.134511 -0.000231
127 38 0.998595 0.133029 -0.000263
127 39 0.998593 0.131290 -0.000290
127 40 0.998591 0.129291 -0.000313
127 41 0.998590 0.127028 -0.000330
127 42 0.998588 0.124497 -0.000343
127 43 0.998586 0.121694 -0.000350
127 44 0.998585 0.118614 -0.000351
127 45 0.998583 0.115254 -0.000348
127 46 0.998581 0.111611 -0.000340
127 47 0.998579 0.107680 -0.000327
127 48 0.998578 0.103460 -0.000311
127 49 0.998576 0.098947 -0.000291
127 50 0.998574 0.094140 -0.000269
127 51 0.998573 0.089036 -0.000244
127 52 0.998572 0.083635 -0.000218
127 53 0.998570 0.077934 -0.000191
127 54 0.998569 0.071935 -0.000164
127 55 0.998567 0.065636 -0.000137
127 56 0.998566 0.059036 -0.000111
127 57 0.998564 0.052137 -0.000087
127 58 0.998563 0.044939 -0.000064
127 59 0.998561 0.037441 -0.000044
127 60 0.998559 0.029645 -0.000028
127 61 0.998557 0.021550 -0.000015
127 62 0.998555 0.013158 -0.000006
127 63 0.998553 0.004469 -0.000001
128 0 0.998405 0.004467 0.000001
128 1 0.998407 0.013153 0.000005
128 2 0.998409 0.021543 0.000014
128 3 0.998411 0.029635 0.000027
128 4 0.998413 0.037429 0.000043
128 5 0.998414 0.044925 0.000062
128 6 0.998416 0.052122 0.000084
128 7 0.998417 0.059020 0.000107
128 8 0.998419 0.065619 0.000133
128 9 0.998420 0.071919 0.000159
128 10 0.998421 0.077919 0.000185
128 11 0.998423 0.083621 0.000211
128 12 0.998424 0.089024 0.000237
128 13 0.998426 0.094131 0.000260
128 14 0.998427 0.098941 0.000282
128 15 0.998429 0.103458 0.000301
128 16 0.998430 0.107682 0.000317
128 17 0.998432 0.111617 0.000329
128 18 0.998434 0.115266 0.000337
128 19 0.998435 0.118631 0.000340
128 20 0.998437 0.121716 0.000338
128 21 0.998439 0.124525 0.000331
128 22 0.998441 0.127062 0.000320
128 23 0.998442 0.129330 0.000303
128 24 0.998444 0.131334 0.000281
128 25 0.998445 0.133078 0.000254
128 26 0.998446 0.134565 0.000223
128 27 0.998447 0.135798 0.000188
128 28 0.998448 0.136781 0.000150
128 29 0.998449 0.137516 0.000109
128 30 0.998449 0.138004 0.000066
128 31 0.998450 0.138248 0.000022
128 32 0.998450 0.138248 -0.000022
128 33 0.998449 0.138004 -0.000066
128 34 0.998449 0.137516 -0.000109
128 35 0.998448 0.136781 -0.000150
128 36 0.998447 0.135798 -0.000188
128 37 0.998446 0.134565 -0.000223
128 38 0.998445 0.133078 -0.000254
128 39 0.998444 0.131334 -0.000281
128 40 0.998442 0.129330 -0.000303
128 41 0.998441 0.127062 -0.000320
128 42 0.998439 0.124525 -0.000331
128 43 0.998437 0.121716 -0.000338
128 44 0.998435 0.118631 -0.000340
128 45 0.998434 0.115266 -0.000337
128 46 0.998432 0.111617 -0.000329
128 47 0.998430 0.107682 -0.000317
128 48 0.998429 0.103458 -0.000301
128 49 0.998427 0.098941 -0.000282
128 50 0.998426 0.094131 -0.000260
128 51 0.998424 0.089024 -0.000237
128 52 0.998423 0.083621 -0.000211
128 53 0.998421 0.077919 -0.000185
128 54 0.998420 0.071919 -0.000159
128 55 0.998419 0.065619 -0.000133
128 56 0.998417 0.059020 -0.000107
128 57 0.998416 0.052122 -0.000084
128 58 0.998414 0.044925 -0.000062
128 59 0.998413 0.037429 -0.000043
128 60 0.998411 0.029635 -0.000027
128 61 0.998409 0.021543 -0.000014
128 62 0.998407 0.013153 -0.000005
128 63 0.998405 0.004467 -0.000001
129 0 0.998257 0.004465 0.000001
129 1 0.998259 0.013148 0.000005
129 2 0.998261 0.021535 0.000014
129 3 0.998263 0.029625 0.000026
129 4 0.998265 0.037417 0.000042
129 5 0.998266 0.044911 0.000060
129 6 0.998268 0.052107 0.000081
129 7 0.998269 0.059005 0.000104
129 8 0.998270 0.065604 0.000128
129 9 0.998272 0.071903 0.000154
129 10 0.998273 0.077905 0.000179
129 11 0.998274 0.083608 0.000205
129 12 0.998276 0.089013 0.000229
129 13 0.998277 0.094122 0.000252
129 14 0.998279 0.098936 0.000273
129 15 0.998280 0.103456 0.000291
129 16 0.998282 0.107685 0.000307
129 17 0.998283 0.111624 0.000318
129 18 0.998285 0.115278 0.000326
129 19 0.998286 0.118648 0.000329
129 20 0.998288 0.121739 0.000327
129 21 0.998290 0.124553 0.000321
129 22 0.998291 0.127095 0.000309
129 23 0.998293 0.129369 0.000293
129 24 0.998294 0.131378 0.000272
129 25 0.998296 0.133126 0.000246
129 26 0.998297 0.134617 0.000216
129 27 0.998298 0.135854 0.000182
129 28 0.998299 0.136840 0.000145
129 29 0.998300 0.137578 0.000106
129 30 0.998300 0.138068 0.000064
129 31 0.998300 0.138313 0.000022
129 32 0.998300 0.138313 -0.000022
129 33 0.998300 0.138068 -0.000064
129 34 0.998300 0.137578 -0.000106
129 35 0.998299 0.136840 -0.000145
129 36 0.998298 0.135854 -0.000182
129 37 0.998297 0.134617 -0.000216
129 38 0.998296 0.133126 -0.000246
129 39 0.998294 0.131378 -0.000272
129 40 0.998293 0.129369 -0.000293
129 41 0.998291 0.127095 -0.000309
129 42 0.998290 0.124553 -0.000321
129 43 0.998288 0.121739 -0.000327
129 44 0.998286 0.118648 -0.000329
129 45 0.998285 0.115278 -0.000326
129 46 0.998283 0.111624 -0.000318
129 47 0.998282 0.107685 -0.000307
129 48 0.998280 0.103456 -0.000291
129 49 0.998279 0.098936 -0.000273
129 50 0.998277 0.094122 -0.000252
129 51 0.998276 0.089013 -0.000229
129 52 0.998274 0.083608 -0.000205
129 53 0.998273 0.077905 -0.000179
129 54 0.998272 0.071903 -0.000154
129 55 0.998270 0.065604 -0.000128
129 56 0.998269 0.059005 -0.000104
129 57 0.998268 0.052107 -0.000081
129 58 0.998266 0.044911 -0.000060
129 59 0.998265 0.037417 -0.000042
129 60 0.998263 0.029625 -0.000026
129 61 0.998261 0.021535 -0.000014
129 62 0.998259 0.013148 -0.000005
129 63 0.998257 0.004465 -0.000001
130 0 0.998109 0.004464 0.000001
130 1 0.998111 0.013144 0.000005
130 2 0.998113 0.021528 0.000013
130 3 0.998115 0.029615 0.000025
130 4 0.998117 0.037406 0.000040
130 5 0.998118 0.044899 0.000058
130 6 0.998120 0.052094 0.000079
130 7 0.998121 0.058990 0.000101
130 8 0.998122 0.065589 0.000124
130 9 0.998124 0.071889 0.000149
130 10 0.998125 0.077891 0.000173
130 11 0.998126 0.083596 0.000198
130 12 0.998127 0.089003 0.000222
130 13 0.998129 0.094114 0.000244
130 14 0.998130 0.098931 0.000264
130 15 0.998132 0.103455 0.000282
130 16 0.998133 0.107687 0.000297
130 17 0.998135 0.111631 0.000308
130 18 0.998136 0.115290 0.000315
130 19 0.998138 0.118665 0.000318
130 20 0.998139 0.121761 0.000317
130 21 0.998141 0.124580 0.000310
130 22 0.998143 0.127128 0.000299
130 23 0.998144 0.129407 0.000283
130 24 0.998146 0.131421 0.000263
130 25 0.998147 0.133174 0.000238
130 26 0.998148 0.134669 0.000209
130 27 0.998149 0.135910 0.000176
130 28 0.998150 0.136898 0.000140
130 29 0.998150 0.137638 0.000102
130 30 0.998151 0.138130 0.000062
130 31 0.998151 0.138376 0.000021
130 32 0.998151 0.138376 -0.000021
130 33 0.998151 0.138130 -0.000062
130 34 0.998150 0.137638 -0.000102
130 35 0.998150 0.136898 -0.000140
130 36 0.998149 0.135910 -0.000176
130 37 0.998148 0.134669 -0.000209
130 38 0.998147 0.133174 -0.000238
130 39 0.998146 0.131421 -0.000263
130 40 0.998144 0.129407 -0.000283
130 41 0.998143 0.127128 -0.000299
130 42 0.998141 0.124580 -0.000310
130 43 0.998139 0.121761 -0.000317
130 44 0.998138 0.118665 -0.000318
130 45 0.998136 0.115290 -0.000315
130 46 0.998135 0.111631 -0.000308
130 47 0.998133 0.107687 -0.000297
130 48 0.998132 0.103455 -0.000282
130 49 0.998130 0.098931 -0.000264
130 50 0.998129 0.094114 -0.000244
130 51 0.998127 0.089003 -0.000222
130 52 0.998126 0.083596 -0.000198
130 53 0.998125 0.077891 -0.000173
130 54 0.998124 0.071889 -0.000149
130 55 0.998122 0.065589 -0.000124
130 56 0.998121 0.058990 -0.000101
130 57 0.998120 0.052094 -0.000079
130 58 0.998118 0.044899 -0.000058
130 59 0.998117 0.037406 -0.000040
130 60 0.998115 0.029615 -0.000025
130 61 0.998113 0.021528 -0.000013
130 62 0.998111 0.013144 -0.000005
130 63 0.998109 0.004464 -0.000001
131 0 0.997962 0.004462 0.000001
131 1 0.997964 0.013140 0.000005
131 2 0.997966 0.021521 0.000013
131 3 0.997967 0.029606 0.000024
131 4 0.997969 0.037395 0.000039
131 5 0.997970 0.044886 0.000056
131 6 0.997972 0.052080 0.000076
131 7 0.997973 0.058976 0.000098
131 8 0.997974 0.065575 0.000120
131 9 0.997975 0.071875 0.000144
131 10 0.997977 0.077878 0.000168
131 11 0.997978 0.083584 0.000192
131 12 0.997979 0.088994 0.000215
131 13 0.997981 0.094107 0.000236
131 14 0.997982 0.098927 0.000256
131 15 0.997983 0.103454 0.000273
131 16 0.997985 0.107691 0.000287
131 17 0.997986 0.111639 0.000298
131 18 0.997988 0.115302 0.000305
131 19 0.997989 0.118682 0.000308
131 20 0.997991 0.121783 0.000306
131 21 0.997992 0.124607 0.000300
131 22 0.997994 0.127160 0.000289
131 23 0.997995 0.129444 0.000274
131 24 0.997997 0.131463 0.000254
131 25 0.997998 0.133220 0.000230
131 26 0.997999 0.134719 0.000202
131 27 0.998000 0.135964 0.000170
131 28 0.998001 0.136955 0.000136
131 29 0.998002 0.137697 0.000099
131 30 0.998002 0.138191 0.000060
131 31 0.998002 0.138437 0.000020
131 32 0.998002 0.138437 -0.000020
131 33 0.998002 0.138191 -0.000060
131 34 0.998002 0.137697 -0.000099
131 35 0.998001 0.136955 -0.000136
131 36 0.998000 0.135964 -0.000170
131 37 0.997999 0.134719 -0.000202
131 38 0.997998 0.133220 -0.000230
131 39 0.997997 0.131463 -0.000254
131 40 0.997995 0.129444 -0.000274
131 41 0.997994 0.127160 -0.000289
131 42 0.997992 0.124607 -0.000300
131 43 0.997991 0.121783 -0.000306
131 44 0.997989 0.118682 -0.000308
131 45 0.997988 0.115302 -0.000305
131 46 0.997986 0.111639 -0.000298
131 47 0.997985 0.107691 -0.000287
131 48 0.997983 0.103454 -0.000273
131 49 0.997982 0.098927 -0.000256
131 50 0.997981 0.094107 -0.000236
131 51 0.997979 0.088994 -0.000215
131 52 0.997978 0.083584 -0.000192
131 53 0.997977 0.077878 -0.000168
131 54 0.997975 0.071875 -0.000144
131 55 0.997974 0.065575 -0.000120
131 56 0.997973 0.058976 -0.000098
131 57 0.997972 0.052080 -0.000076
131 58 0.997970 0.044886 -0.000056
131 59 0.997969 0.037395 -0.000039
131 60 0.997967 0.029606 -0.000024
131 61 0.997966 0.021521 -0.000013
131 62 0.997964 0.013140 -0.000005
131 63 0.997962 0.004462 -0.000001
132 0 0.997814 0.004461 0.000001
132 1 0.997816 0.013136 0.000005
132 2 0.997818 0.021515 0.000013
132 3 0.997820 0.029598 0.000024
132 4 0.997821 0.037385 0.000038
132 5 0.997823 0.044875 0.000055
132 6 0.997824 0.052068 0.000074
132 7 0.997825 0.058963 0.000094
132 8 0.997826 0.065562 0.000117
132 9 0.997828 0.071863 0.000139
132 10 0.997829 0.077866 0.000163
132 11 0.997830 0.083574 0.000185
132 12 0.997831 0.088985 0.000208
132 13 0.997833 0.094101 0.000228
132 14 0.997834 0.098924 0.000247
132 15 0.997835 0.103454 0.000264
132 16 0.997837 0.107694 0.000278
132 17 0.997838 0.111647 0.000288
132 18 0.997840 0.115314 0.000295
132 19 0.997841 0.118699 0.000298
132 20 0.997843 0.121804 0.000296
132 21 0.997844 0.124634 0.000290
132 22 0.997845 0.127192 0.000280
132 23 0.997847 0.129481 0.000265
132 24 0.997848 0.131504 0.000246
132 25 0.997849 0.133266 0.000223
132 26 0.997851 0.134769 0.000195
132 27 0.997851 0.136016 0.000165
132 28 0.997852 0.137011 0.000131
132 29 0.997853 0.137755 0.000096
132 30 0.997853 0.138250 0.000058
132 31 0.997853 0.138497 0.000019
132 32 0.997853 0.138497 -0.000019
132 33 0.997853 0.138250 -0.000058
132 34 0.997853 0.137755 -0.000096
132 35 0.997852 0.137011 -0.000131
132 36 0.997851 0.136016 -0.000165
132 37 0.997851 0.134769 -0.000195
132 38 0.997849 0.133266 -0.000223
132 39 0.997848 0.131504 -0.000246
132 40 0.997847 0.129481 -0.000265
132 41 0.997845 0.127192 -0.000280
132 42 0.997844 0.124634 -0.000290
132 43 0.997843 0.121804 -0.000296
132 44 0.997841 0.118699 -0.000298
132 45 0.997840 0.115314 -0.000295
132 46 0.997838 0.111647 -0.000288
132 47 0.997837 0.107694 -0.000278
132 48 0.997835 0.103454 -0.000264
132 49 0.997834 0.098924 -0.000247
132 50 0.997833 0.094101 -0.000228
132 51 0.997831 0.088985 -0.000208
132 52 0.997830 0.083574 -0.000185
132 53 0.997829 0.077866 -0.000163
132 54 0.997828 0.071863 -0.000139
132 55 0.997826 0.065562 -0.000117
132 56 0.997825 0.058963 -0.000094
132 57 0.997824 0.052068 -0.000074
132 58 0.997823 0.044875 -0.000055
132 59 0.997821 0.037385 -0.000038
132 60 0.997820 0.029598 -0.000024
132 61 0.997818 0.021515 -0.000013
132 62 0.997816 0.013136 -0.000005
132 63 0.997814 0.004461 -0.000001
133 0 0.997667 0.004459 0.000001
133 1 0.997669 0.013132 0.000005
133 2 0.997671 0.021509 0.000012
133 3 0.997672 0.029590 0.000023
133 4 0.997674 0.037375 0.000037
133 5 0.997675 0.044864 0.000053
133 6 0.997676 0.052056 0.000071
133 7 0.997678 0.058951 0.000091
133 8 0.997679 0.065549 0.000113
133 9 0.997680 0.071851 0.000135
133 10 0.997681 0.077855 0.000157
133 11 0.997682 0.083564 0.000180
133 12 0.997683 0.088977 0.000201
133 13 0.997685 0.094095 0.000221
133 14 0.997686 0.098921 0.000239
133 15 0.997687 0.103454 0.000256
133 16 0.997689 0.107698 0.000269
133 17 0.997690 0.111655 0.000279
133 18 0.997691 0.115326 0.000285
133 19 0.997693 0.118716 0.000288
133 20 0.997694 0.121826 0.000287
133 21 0.997696 0.124661 0.000281
133 22 0.997697 0.127223 0.000271
133 23 0.997699 0.129517 0.000257
133 24 0.997700 0.131545 0.000238
133 25 0.997701 0.133310 0.000215
133 26 0.997702 0.134817 0.000189
133 27 0.997703 0.136068 0.000159
133 28 0.997704 0.137066 0.000127
133 29 0.997704 0.137812 0.000092
133 30 0.997705 0.138308 0.000056
133 31 0.997705 0.138556 0.000019
133 32 0.997705 0.138556 -0.000019
133 33 0.997705 0.138308 -0.000056
133 34 0.997704 0.137812 -0.000092
133 35 0.997704 0.137066 -0.000127
133 36 0.997703 0.136068 -0.000159
133 37 0.997702 0.134817 -0.000189
133 38 0.997701 0.133310 -0.000215
133 39 0.997700 0.131545 -0.000238
133 40 0.997699 0.129517 -0.000257
133 41 0.997697 0.127223 -0.000271
133 42 0.997696 0.124661 -0.000281
133 43 0.997694 0.121826 -0.000287
133 44 0.997693 0.118716 -0.000288
133 45 0.997691 0.115326 -0.000285
133 46 0.997690 0.111655 -0.000279
133 47 0.997689 0.107698 -0.000269
133 48 0.997687 0.103454 -0.000256
133 49 0.997686 0.098921 -0.000239
133 50 0.997685 0.094095 -0.000221
133 51 0.997683 0.088977 -0.000201
133 52 0.997682 0.083564 -0.000180
133 53 0.997681 0.077855 -0.000157
133 54 0.997680 0.071851 -0.000135
133 55 0.997679 0.065549 -0.000113
133 56 0.997678 0.058951 -0.000091
133 57 0.997676 0.052056 -0.000071
133 58 0.997675 0.044864 -0.000053
133 59 0.997674 0.037375 -0.000037
133 60 0.997672 0.029590 -0.000023
133 61 0.997671 0.021509 -0.000012
133 62 0.997669 0.013132 -0.000005
133 63 0.997667 0.004459 -0.000001
134 0 0.997520 0.004458 0.000001
134 1 0.997522 0.013128 0.000004
134 2 0.997523 0.021503 0.000012
134 3 0.997525 0.029582 0.000022
134 4 0.997526 0.037366 0.000035
134 5 0.997528 0.044853 0.000051
134 6 0.997529 0.052044 0.000069
134 7 0.997530 0.058939 0.000089
134 8 0.997531 0.065537 0.000109
134 9 0.997532 0.071839 0.000131
134 10 0.997534 0.077845 0.000152
134 11 0.997535 0.083555 0.000174
134 12 0.997536 0.088969 0.000195
134 13 0.997537 0.094090 0.000214
134 14 0.997538 0.098918 0.000232
134 15 0.997540 0.103455 0.000247
134 16 0.997541 0.107703 0.000260
134 17 0.997542 0.111663 0.000270
134 18 0.997544 0.115339 0.000276
134 19 0.997545 0.118733 0.000279
134 20 0.997546 0.121848 0.000277
134 21 0.997548 0.124687 0.000272
134 22 0.997549 0.127254 0.000262
134 23 0.997550 0.129552 0.000248
134 24 0.997552 0.131584 0.000230
134 25 0.997553 0.133354 0.000208
134 26 0.997554 0.134865 0.000183
134 27 0.997555 0.136119 0.000154
134 28 0.997555 0.137119 0.000123
134 29 0.997556 0.137867 0.000089
134 30 0.997556 0.138365 0.000054
134 31 0.997557 0.138614 0.000018
134 32 0.997557 0.138614 -0.000018
134 33 0.997556 0.138365 -0.000054
134 34 0.997556 0.137867 -0.000089
134 35 0.997555 0.137119 -0.000123
134 36 0.997555 0.136119 -0.000154
134 37 0.997554 0.134865 -0.000183
134 38 0.997553 0.133354 -0.000208
134 39 0.997552 0.131584 -0.000230
134 40 0.997550 0.129552 -0.000248
134 41 0.997549 0.127254 -0.000262
134 42 0.997548 0.124687 -0.000272
134 43 0.997546 0.121848 -0.000277
134 44 0.997545 0.118733 -0.000279
134 45 0.997544 0.115339 -0.000276
134 46 0.997542 0.111663 -0.000270
134 47 0.997541 0.107703 -0.000260
134 48 0.997540 0.103455 -0.000247
134 49 0.997538 0.098918 -0.000232
134 50 0.997537 0.094090 -0.000214
134 51 0.997536 0.088969 -0.000195
134 52 0.997535 0.083555 -0.000174
134 53 0.997534 0.077845 -0.000152
134 54 0.997532 0.071839 -0.000131
134 55 0.997531 0.065537 -0.000109
134 56 0.997530 0.058939 -0.000089
134 57 0.997529 0.052044 -0.000069
134 58 0.997528 0.044853 -0.000051
134 59 0.997526 0.037366 -0.000035
134 60 0.997525 0.029582 -0.000022
134 61 0.997523 0.021503 -0.000012
134 62 0.997522 0.013128 -0.000004
134 63 0.997520 0.004458 -0.000001
135 0 0.997373 0.004457 0.000001
135 1 0.997375 0.013124 0.000004
135 2 0.997376 0.021497 0.000011
135 3 0.997378 0.029575 0.000022
135 4 0.997379 0.037357 0.000034
135 5 0.997381 0.044843 0.000050
135 6 0.997382 0.052034 0.000067
135 7 0.997383 0.058928 0.000086
135 8 0.997384 0.065526 0.000106
135 9 0.997385 0.071828 0.000126
135 10 0.997386 0.077835 0.000147
135 11 0.997387 0.083546 0.000168
135 12 0.997388 0.088963 0.000188
135 13 0.997390 0.094086 0.000207
135 14 0.997391 0.098916 0.000224
135 15 0.997392 0.103456 0.000239
135 16 0.997393 0.107707 0.000252
135 17 0.997395 0.111672 0.000261
135 18 0.997396 0.115351 0.000267
135 19 0.997397 0.118750 0.000270
135 20 0.997399 0.121869 0.000268
135 21 0.997400 0.124713 0.000263
135 22 0.997401 0.127285 0.000254
135 23 0.997403 0.129587 0.000240
135 24 0.997404 0.131624 0.000223
135 25 0.997405 0.133397 0.000202
135 26 0.997406 0.134912 0.000177
135 27 0.997407 0.136169 0.000149
135 28 0.997407 0.137171 0.000119
135 29 0.997408 0.137922 0.000087
135 30 0.997408 0.138421 0.000053
135 31 0.997409 0.138670 0.000018
135 32 0.997409 0.138670 -0.000018
135 33 0.997408 0.138421 -0.000053
135 34 0.997408 0.137922 -0.000087
135 35 0.997407 0.137171 -0.000119
135 36 0.997407 0.136169 -0.000149
135 37 0.997406 0.134912 -0.000177
135 38 0.997405 0.133397 -0.000202
135 39 0.997404 0.131624 -0.000223
135 40 0.997403 0.129587 -0.000240
135 41 0.997401 0.127285 -0.000254
135 42 0.997400 0.124713 -0.000263
135 43 0.997399 0.121869 -0.000268
135 44 0.997397 0.118750 -0.000270
135 45 0.997396 0.115351 -0.000267
135 46 0.997395 0.111672 -0.000261
135 47 0.997393 0.107707 -0.000252
135 48 0.997392 0.103456 -0.000239
135 49 0.997391 0.098916 -0.000224
135 50 0.997390 0.094086 -0.000207
135 51 0.997388 0.088963 -0.000188
135 52 0.997387 0.083546 -0.000168
135 53 0.997386 0.077835 -0.000147
135 54 0.997385 0.071828 -0.000126
135 55 0.997384 0.065526 -0.000106
135 56 0.997383 0.058928 -0.000086
135 57 0.997382 0.052034 -0.000067
135 58 0.997381 0.044843 -0.000050
135 59 0.997379 0.037357 -0.000034
135 60 0.997378 0.029575 -0.000022
135 61 0.997376 0.021497 -0.000011
135 62 0.997375 0.013124 -0.000004
135 63 0.997373 0.004457 -0.000001
136 0 0.997226 0.004455 0.000001
136 1 0.997228 0.013121 0.000004
136 2 0.997230 0.021492 0.000011
136 3 0.997231 0.029568 0.000021
136 4 0.997232 0.037348 0.000033
136 5 0.997234 0.044834 0.000048
136 6 0.997235 0.052024 0.000065
136 7 0.997236 0.058918 0.000083
136 8 0.997237 0.065516 0.000102
136 9 0.997238 0.071818 0.000122
136 10 0.997239 0.077826 0.000143
136 11 0.997240 0.083538 0.000163
136 12 0.997241 0.088957 0.000182
136 13 0.997242 0.094082 0.000201
136 14 0.997243 0.098915 0.000217
136 15 0.997245 0.103458 0.000232
136 16 0.997246 0.107712 0.000244
136 17 0.997247 0.111680 0.000253
136 18 0.997248 0.115364 0.000259
136 19 0.997250 0.118767 0.000261
136 20 0.997251 0.121891 0.000260
136 21 0.997252 0.124739 0.000255
136 22 0.997254 0.127315 0.000245
136 23 0.997255 0.129621 0.000232
136 24 0.997256 0.131662 0.000215
136 25 0.997257 0.133440 0.000195
136 26 0.997258 0.134957 0.000171
136 27 0.997259 0.136218 0.000144
136 28 0.997259 0.137223 0.000115
136 29 0.997260 0.137975 0.000084
136 30 0.997260 0.138475 0.000051
136 31 0.997261 0.138725 0.000017
136 32 0.997261 0.138725 -0.000017
136 33 0.997260 0.138475 -0.000051
136 34 0.997260 0.137975 -0.000084
136 35 0.997259 0.137223 -0.000115
136 36 0.997259 0.136218 -0.000144
136 37 0.997258 0.134957 -0.000171
136 38 0.997257 0.133440 -0.000195
136 39 0.997256 0.131662 -0.000215
136 40 0.997255 0.129621 -0.000232
136 41 0.997254 0.127315 -0.000245
136 42 0.997252 0.124739 -0.000255
136 43 0.997251 0.121891 -0.000260
136 44 0.997250 0.118767 -0.000261
136 45 0.997248 0.115364 -0.000259
136 46 0.997247 0.111680 -0.000253
136 47 0.997246 0.107712 -0.000244
136 48 0.997245 0.103458 -0.000232
136 49 0.997243 0.098915 -0.000217
136 50 0.997242 0.094082 -0.000201
136 51 0.997241 0.088957 -0.000182
136 52 0.997240 0.083538 -0.000163
136 53 0.997239 0.077826 -0.000143
136 54 0.997238 0.071818 -0.000122
136 55 0.997237 0.065516 -0.000102
136 56 0.997236 0.058918 -0.000083
136 57 0.997235 0.052024 -0.000065
136 58 0.997234 0.044834 -0.000048
136 59 0.997232 0.037348 -0.000033
136 60 0.997231 0.029568 -0.000021
136 61 0.997230 0.021492 -0.000011
136 62 0.997228 0.013121 -0.000004
136 63 0.997226 0.004455 -0.000001
137 0 0.997080 0.004454 0.000001
137 1 0.997081 0.013118 0.000004
137 2 0.997083 0.021487 0.000011
137 3 0.997084 0.029561 0.000020
137 4 0.997085 0.037340 0.000032
137 5 0.997087 0.044825 0.000046
137 6 0.997088 0.052014 0.000063
137 7 0.997089 0.058908 0.000080
137 8 0.997090 0.065506 0.000099
137 9 0.997091 0.071809 0.000119
137 10 0.997092 0.077817 0.000138
137 11 0.997093 0.083531 0.000158
137 12 0.997094 0.088951 0.000176
137 13 0.997095 0.094078 0.000194
137 14 0.997096 0.098914 0.000210
137 15 0.997097 0.103460 0.000224
137 16 0.997098 0.107718 0.000236
137 17 0.997100 0.111689 0.000245
137 18 0.997101 0.115377 0.000250
137 19 0.997102 0.118784 0.000253
137 20 0.997104 0.121912 0.000251
137 21 0.997105 0.124764 0.000246
137 22 0.997106 0.127345 0.000237
137 23 0.997107 0.129655 0.000225
137 24 0.997108 0.131700 0.000208
137 25 0.997109 0.133481 0.000189
137 26 0.997110 0.135002 0.000166
137 27 0.997111 0.136265 0.000140
137 28 0.997112 0.137273 0.000111
137 29 0.997112 0.138027 0.000081
137 30 0.997113 0.138529 0.000049
137 31 0.997113 0.138779 0.000016
137 32 0.997113 0.138779 -0.000016
137 33 0.997113 0.138529 -0.000049
137 34 0.997112 0.138027 -0.000081
137 35 0.997112 0.137273 -0.000111
137 36 0.997111 0.136265 -0.000140
137 37 0.997110 0.135002 -0.000166
137 38 0.997109 0.133481 -0.000189
137 39 0.997108 0.131700 -0.000208
137 40 0.997107 0.129655 -0.000225
137 41 0.997106 0.127345 -0.000237
137 42 0.997105 0.124764 -0.000246
137 43 0.997104 0.121912 -0.000251
137 44 0.997102 0.118784 -0.000253
137 45 0.997101 0.115377 -0.000250
137 46 0.997100 0.111689 -0.000245
137 47 0.997098 0.107718 -0.000236
137 48 0.997097 0.103460 -0.000224
137 49 0.997096 0.098914 -0.000210
137 50 0.997095 0.094078 -0.000194
137 51 0.997094 0.088951 -0.000176
137 52 0.997093 0.083531 -0.000158
137 53 0.997092 0.077817 -0.000138
137 54 0.997091 0.071809 -0.000119
137 55 0.997090 0.065506 -0.000099
137 56 0.997089 0.058908 -0.000080
137 57 0.997088 0.052014 -0.000063
137 58 0.997087 0.044825 -0.000046
137 59 0.997085 0.037340 -0.000032
137 60 0.997084 0.029561 -0.000020
137 61 0.997083 0.021487 -0.000011
137 62 0.997081 0.013118 -0.000004
137 63 0.997080 0.004454 -0.000001
138 0 0.996933 0.004453 0.000001
138 1 0.996935 0.013115 0.000004
138 2 0.996936 0.021482 0.000010
138 3 0.996937 0.029555 0.000020
138 4 0.996939 0.037333 0.000031
138 5 0.996940 0.044816 0.000045
138 6 0.996941 0.052005 0.000061
138 7 0.996942 0.058898 0.000078
138 8 0.996943 0.065497 0.000096
138 9 0.996944 0.071800 0.000115
138 10 0.996945 0.077809 0.000134
138 11 0.996946 0.083524 0.000153
138 12 0.996947 0.088946 0.000171
138 13 0.996948 0.094076 0.000188
138 14 0.996949 0.098914 0.000203
138 15 0.996950 0.103463 0.000217
138 16 0.996951 0.107724 0.000228
138 17 0.996953 0.111699 0.000237
138 18 0.996954 0.115390 0.000242
138 19 0.996955 0.118801 0.000244
138 20 0.996956 0.121933 0.000243
138 21 0.996957 0.124790 0.000238
138 22 0.996959 0.127374 0.000230
138 23 0.996960 0.129689 0.000217
138 24 0.996961 0.131737 0.000202
138 25 0.996962 0.133522 0.000182
138 26 0.996963 0.135046 0.000160
138 27 0.996964 0.136312 0.000135
138 28 0.996964 0.137322 0.000108
138 29 0.996965 0.138078 0.000078
138 30 0.996965 0.138581 0.000048
138 31 0.996965 0.138832 0.000016
138 32 0.996965 0.138832 -0.000016
138 33 0.996965 0.138581 -0.000048
138 34 0.996965 0.138078 -0.000078
138 35 0.996964 0.137322 -0.000108
138 36 0.996964 0.136312 -0.000135
138 37 0.996963 0.135046 -0.000160
138 38 0.996962 0.133522 -0.000182
138 39 0.996961 0.131737 -0.000202
138 40 0.996960 0.129689 -0.000217
138 41 0.996959 0.127374 -0.000230
138 42 0.996957 0.124790 -0.000238
138 43 0.996956 0.121933 -0.000243
138 44 0.996955 0.118801 -0.000244
138 45 0.996954 0.115390 -0.000242
138 46 0.996953 0.111699 -0.000237
138 47 0.996951 0.107724 -0.000228
138 48 0.996950 0.103463 -0.000217
138 49 0.996949 0.098914 -0.000203
138 50 0.996948 0.094076 -0.000188
138 51 0.996947 0.088946 -0.000171
138 52 0.996946 0.083524 -0.000153
138 53 0.996945 0.077809 -0.000134
138 54 0.996944 0.071800 -0.000115
138 55 0.996943 0.065497 -0.000096
138 56 0.996942 0.058898 -0.000078
138 57 0.996941 0.052005 -0.000061
138 58 0.996940 0.044816 -0.000045
138 59 0.996939 0.037333 -0.000031
138 60 0.996937 0.029555 -0.000020
138 61 0.996936 0.021482 -0.000010
138 62 0.996935 0.013115 -0.000004
138 63 0.996933 0.004453 -0.000001
139 0 0.996787 0.004452 0.000001
139 1 0.996788 0.013112 0.000004
139 2 0.996790 0.021477 0.000010
139 3 0.996791 0.029549 0.000019
139 4 0.996792 0.037326 0.000030
139 5 0.996793 0.044808 0.000044
139 6 0.996794 0.051996 0.000059
139 7 0.996795 0.058890 0.000075
139 8 0.996796 0.065488 0.000093
139 9 0.996797 0.071792 0.000111
139 10 0.996798 0.077802 0.000129
139 11 0.996799 0.083519 0.000148
139 12 0.996800 0.088942 0.000165
139 13 0.996801 0.094073 0.000182
139 14 0.996802 0.098914 0.000197
139 15 0.996803 0.103466 0.000210
139 16 0.996804 0.107730 0.000221
139 17 0.996806 0.111708 0.000229
139 18 0.996807 0.115403 0.000234
139 19 0.996808 0.118818 0.000237
139 20 0.996809 0.121954 0.000235
139 21 0.996810 0.124815 0.000231
139 22 0.996811 0.127403 0.000222
139 23 0.996813 0.129722 0.000210
139 24 0.996814 0.131774 0.000195
139 25 0.996815 0.133562 0.000177
139 26 0.996815 0.135090 0.000155
139 27 0.996816 0.136358 0.000131
139 28 0.996817 0.137371 0.000104
139 29 0.996817 0.138128 0.000076
139 30 0.996818 0.138632 0.000046
139 31 0.996818 0.138884 0.000015
139 32 0.996818 0.138884 -0.000015
139 33 0.996818 0.138632 -0.000046
139 34 0.996817 0.138128 -0.000076
139 35 0.996817 0.137371 -0.000104
139 36 0.996816 0.136358 -0.000131
139 37 0.996815 0.135090 -0.000155
139 38 0.996815 0.133562 -0.000177
139 39 0.996814 0.131774 -0.000195
139 40 0.996813 0.129722 -0.000210
139 41 0.996811 0.127403 -0.000222
139 42 0.996810 0.124815 -0.000231
139 43 0.996809 0.121954 -0.000235
139 44 0.996808 0.118818 -0.000237
139 45 0.996807 0.115403 -0.000234
139 46 0.996806 0.111708 -0.000229
139 47 0.996804 0.107730 -0.000221
139 48 0.996803 0.103466 -0.000210
139 49 0.996802 0.098914 -0.000197
139 50 0.996801 0.094073 -0.000182
139 51 0.996800 0.088942 -0.000165
139 52 0.996799 0.083519 -0.000148
139 53 0.996798 0.077802 -0.000129
139 54 0.996797 0.071792 -0.000111
139 55 0.996796 0.065488 -0.000093
139 56 0.996795 0.058890 -0.000075
139 57 0.996794 0.051996 -0.000059
139 58 0.996793 0.044808 -0.000044
139 59 0.996792 0.037326 -0.000030
139 60 0.996791 0.029549 -0.000019
139 61 0.996790 0.021477 -0.000010
139 62 0.996788 0.013112 -0.000004
139 63 0.996787 0.004452 -0.000001
140 0 0.996640 0.004451 0.000001
140 1 0.996642 0.013109 0.000004
140 2 0.996643 0.021473 0.000010
140 3 0.996645 0.029543 0.000018
140 4 0.996646 0.037319 0.000029
140 5 0.996647 0.044801 0.000042
140 6 0.996648 0.051988 0.000057
140 7 0.996649 0.058881 0.000073
140 8 0.996650 0.065480 0.000090
140 9 0.996651 0.071785 0.000107
140 10 0.996652 0.077796 0.000125
140 11 0.996653 0.083513 0.000143
140 12 0.996653 0.088938 0.000160
140 13 0.996654 0.094072 0.000176
140 14 0.996655 0.098915 0.000190
140 15 0.996656 0.103469 0.000203
140 16 0.996658 0.107736 0.000214
140 17 0.996659 0.111718 0.000222
140 18 0.996660 0.115417 0.000227
140 19 0.996661 0.118835 0.000229
140 20 0.996662 0.121975 0.000228
140 21 0.996663 0.124840 0.000223
140 22 0.996664 0.127432 0.000215
140 23 0.996665 0.129754 0.000204
140 24 0.996666 0.131810 0.000189
140 25 0.996667 0.133602 0.000171
140 26 0.996668 0.135132 0.000150
140 27 0.996669 0.136404 0.000126
140 28 0.996670 0.137418 0.000101
140 29 0.996670 0.138177 0.000073
140 30 0.996670 0.138683 0.000045
140 31 0.996671 0.138935 0.000015
140 32 0.996671 0.138935 -0.000015
140 33 0.996670 0.138683 -0.000045
140 34 0.996670 0.138177 -0.000073
140 35 0.996670 0.137418 -0.000101
140 36 0.996669 0.136404 -0.000126
140 37 0.996668 0.135132 -0.000150
140 38 0.996667 0.133602 -0.000171
140 39 0.996666 0.131810 -0.000189
140 40 0.996665 0.129754 -0.000204
140 41 0.996664 0.127432 -0.000215
140 42 0.996663 0.124840 -0.000223
140 43 0.996662 0.121975 -0.000228
140 44 0.996661 0.118835 -0.000229
140 45 0.996660 0.115417 -0.000227
140 46 0.996659 0.111718 -0.000222
140 47 0.996658 0.107736 -0.000214
140 48 0.996656 0.103469 -0.000203
140 49 0.996655 0.098915 -0.000190
140 50 0.996654 0.094072 -0.000176
140 51 0.996653 0.088938 -0.000160
140 52 0.996653 0.083513 -0.000143
140 53 0.996652 0.077796 -0.000125
140 54 0.996651 0.071785 -0.000107
140 55 0.996650 0.065480 -0.000090
140 56 0.996649 0.058881 -0.000073
140 57 0.996648 0.051988 -0.000057
140 58 0.996647 0.044801 -0.000042
140 59 0.996646 0.037319 -0.000029
140 60 0.996645 0.029543 -0.000018
140 61 0.996643 0.021473 -0.000010
140 62 0.996642 0.013109 -0.000004
140 63 0.996640 0.004451 -0.000001
141 0 0.996494 0.004450 0.000001
141 1 0.996496 0.013106 0.000004
141 2 0.996497 0.021469 0.000009
141 3 0.996498 0.029538 0.000018
141 4 0.996499 0.037313 0.000028
141 5 0.996500 0.044794 0.000041
141 6 0.996501 0.051981 0.000055
141 7 0.996502 0.058874 0.000071
141 8 0.996503 0.065473 0.000087
141 9 0.996504 0.071778 0.000104
141 10 0.996505 0.077789 0.000121
141 11 0.996506 0.083508 0.000138
141 12 0.996507 0.088935 0.000155
141 13 0.996508 0.094070 0.000170
141 14 0.996509 0.098916 0.000184
141 15 0.996510 0.103473 0.000197
141 16 0.996511 0.107743 0.000207
141 17 0.996512 0.111728 0.000215
141 18 0.996513 0.115430 0.000219
141 19 0.996514 0.118852 0.000221
141 20 0.996515 0.121996 0.000220
141 21 0.996516 0.124864 0.000216
141 22 0.996517 0.127460 0.000208
141 23 0.996519 0.129786 0.000197
141 24 0.996520 0.131846 0.000183
141 25 0.996520 0.133641 0.000165
141 26 0.996521 0.135174 0.000145
141 27 0.996522 0.136448 0.000122
141 28 0.996523 0.137465 0.000097
141 29 0.996523 0.138225 0.000071
141 30 0.996523 0.138732 0.000043
141 31 0.996523 0.138985 0.000014
141 32 0.996523 0.138985 -0.000014
141 33 0.996523 0.138732 -0.000043
141 34 0.996523 0.138225 -0.000071
141 35 0.996523 0.137465 -0.000097
141 36 0.996522 0.136448 -0.000122
141 37 0.996521 0.135174 -0.000145
141 38 0.996520 0.133641 -0.000165
141 39 0.996520 0.131846 -0.000183
141 40 0.996519 0.129786 -0.000197
141 41 0.996517 0.127460 -0.000208
141 42 0.996516 0.124864 -0.000216
141 43 0.996515 0.121996 -0.000220
141 44 0.996514 0.118852 -0.000221
141 45 0.996513 0.115430 -0.000219
141 46 0.996512 0.111728 -0.000215
141 47 0.996511 0.107743 -0.000207
141 48 0.996510 0.103473 -0.000197
141 49 0.996509 0.098916 -0.000184
141 50 0.996508 0.094070 -0.000170
141 51 0.996507 0.088935 -0.000155
141 52 0.996506 0.083508 -0.000138
141 53 0.996505 0.077789 -0.000121
141 54 0.996504 0.071778 -0.000104
141 55 0.996503 0.065473 -0.000087
141 56 0.996502 0.058874 -0.000071
141 57 0.996501 0.051981 -0.000055
141 58 0.996500 0.044794 -0.000041
141 59 0.996499 0.037313 -0.000028
141 60 0.996498 0.029538 -0.000018
141 61 0.996497 0.021469 -0.000009
141 62 0.996496 0.013106 -0.000004
141 63 0.996494 0.004450 -0.000001
142 0 0.996348 0.004449 0.000001
142 1 0.996350 0.013104 0.000003
142 2 0.996351 0.021465 0.000009
142 3 0.996352 0.029533 0.000017
142 4 0.996353 0.037307 0.000027
142 5 0.996354 0.044787 0.000040
142 6 0.996355 0.051974 0.000053
142 7 0.996356 0.058867 0.000068
142 8 0.996357 0.065466 0.000084
142 9 0.996358 0.071771 0.000101
142 10 0.996359 0.077784 0.000117
142 11 0.996360 0.083504 0.000134
142 12 0.996360 0.088932 0.000150
142 13 0.996361 0.094070 0.000165
142 14 0.996362 0.098917 0.000178
142 15 0.996363 0.103477 0.000190
142 16 0.996364 0.107750 0.000200
142 17 0.996365 0.111738 0.000208
142 18 0.996366 0.115444 0.000212
142 19 0.996367 0.118869 0.000214
142 20 0.996369 0.122016 0.000213
142 21 0.996370 0.124889 0.000209
142 22 0.996371 0.127488 0.000201
142 23 0.996372 0.129818 0.000191
142 24 0.996373 0.131881 0.000177
142 25 0.996374 0.133679 0.000160
142 26 0.996374 0.135215 0.000140
142 27 0.996375 0.136492 0.000118
142 28 0.996376 0.137510 0.000094
142 29 0.996376 0.138273 0.000069
142 30 0.996376 0.138780 0.000042
142 31 0.996376 0.139034 0.000014
142 32 0.996376 0.139034 -0.000014
142 33 0.996376 0.138780 -0.000042
142 34 0.996376 0.138273 -0.000069
142 35 0.996376 0.137510 -0.000094
142 36 0.996375 0.136492 -0.000118
142 37 0.996374 0.135215 -0.000140
142 38 0.996374 0.133679 -0.000160
142 39 0.996373 0.131881 -0.000177
142 40 0.996372 0.129818 -0.000191
142 41 0.996371 0.127488 -0.000201
142 42 0.996370 0.124889 -0.000209
142 43 0.996369 0.122016 -0.000213
142 44 0.996367 0.118869 -0.000214
142 45 0.996366 0.115444 -0.000212
142 46 0.996365 0.111738 -0.000208
142 47 0.996364 0.107750 -0.000200
142 48 0.996363 0.103477 -0.000190
142 49 0.996362 0.098917 -0.000178
142 50 0.996361 0.094070 -0.000165
142 51 0.996360 0.088932 -0.000150
142 52 0.996360 0.083504 -0.000134
142 53 0.996359 0.077784 -0.000117
142 54 0.996358 0.071771 -0.000101
142 55 0.996357 0.065466 -0.000084
142 56 0.996356 0.058867 -0.000068
142 57 0.996355 0.051974 -0.000053
142 58 0.996354 0.044787 -0.000040
142 59 0.996353 0.037307 -0.000027
142 60 0.996352 0.029533 -0.000017
142 61 0.996351 0.021465 -0.000009
142 62 0.996350 0.013104 -0.000003
142 63 0.996348 0.004449 -0.000001
143 0 0.996202 0.004449 0.000000
143 1 0.996204 0.013101 0.000003
143 2 0.996205 0.021461 0.000009
143 3 0.996206 0.029528 0.000017
143 4 0.996207 0.037301 0.000027
143 5 0.996208 0.044781 0.000038
143 6 0.996209 0.051967 0.000052
143 7 0.996210 0.058860 0.000066
143 8 0.996211 0.065459 0.000081
143 9 0.996212 0.071766 0.000097
143 10 0.996212 0.077779 0.000114
143 11 0.996213 0.083500 0.000130
143 12 0.996214 0.088930 0.000145
143 13 0.996215 0.094069 0.000159
143 14 0.996216 0.098919 0.000173
143 15 0.996217 0.103481 0.000184
143 16 0.996218 0.107757 0.000194
143 17 0.996219 0.111748 0.000201
143 18 0.996220 0.115457 0.000205
143 19 0.996221 0.118886 0.000207
143 20 0.996222 0.122037 0.000206
143 21 0.996223 0.124913 0.000202
143 22 0.996224 0.127516 0.000195
143 23 0.996225 0.129849 0.000184
143 24 0.996226 0.131915 0.000171
143 25 0.996227 0.133717 0.000155
143 26 0.996228 0.135256 0.000136
143 27 0.996228 0.136534 0.000115
143 28 0.996229 0.137555 0.000091
143 29 0.996229 0.138319 0.000066
143 30 0.996230 0.138828 0.000040
143 31 0.996230 0.139082 0.000014
143 32 0.996230 0.139082 -0.000014
143 33 0.996230 0.138828 -0.000040
143 34 0.996229 0.138319 -0.000066
143 35 0.996229 0.137555 -0.000091
143 36 0.996228 0.136534 -0.000115
143 37 0.996228 0.135256 -0.000136
143 38 0.996227 0.133717 -0.000155
143 39 0.996226 0.131915 -0.000171
143 40 0.996225 0.129849 -0.000184
143 41 0.996224 0.127516 -0.000195
143 42 0.996223 0.124913 -0.000202
143 43 0.996222 0.122037 -0.000206
143 44 0.996221 0.118886 -0.000207
143 45 0.996220 0.115457 -0.000205
143 46 0.996219 0.111748 -0.000201
143 47 0.996218 0.107757 -0.000194
143 48 0.996217 0.103481 -0.000184
143 49 0.996216 0.098919 -0.000173
143 50 0.996215 0.094069 -0.000159
143 51 0.996214 0.088930 -0.000145
143 52 0.996213 0.083500 -0.000130
143 53 0.996212 0.077779 -0.000114
143 54 0.996212 0.071766 -0.000097
143 55 0.996211 0.065459 -0.000081
143 56 0.996210 0.058860 -0.000066
143 57 0.996209 0.051967 -0.000052
143 58 0.996208 0.044781 -0.000038
143 59 0.996207 0.037301 -0.000027
143 60 0.996206 0.029528 -0.000017
143 61 0.996205 0.021461 -0.000009
143 62 0.996204 0.013101 -0.000003
143 63 0.996202 0.004449 -0.000000
144 0 0.996057 0.004448 0.000000
144 1 0.996058 0.013099 0.000003
144 2 0.996059 0.021458 0.000008
144 3 0.996060 0.029524 0.000016
144 4 0.996061 0.037296 0.000026
144 5 0.996062 0.044775 0.000037
144 6 0.996063 0.051961 0.000050
144 7 0.996064 0.058854 0.000064
144 8 0.996065 0.065453 0.000079
144 9 0.996066 0.071760 0.000094
144 10 0.996066 0.077775 0.000110
144 11 0.996067 0.083497 0.000125
144 12 0.996068 0.088928 0.000140
144 13 0.996069 0.094070 0.000154
144 14 0.996070 0.098922 0.000167
144 15 0.996071 0.103486 0.000178
144 16 0.996072 0.107765 0.000187
144 17 0.996073 0.111759 0.000194
144 18 0.996074 0.115471 0.000199
144 19 0.996075 0.118903 0.000201
144 20 0.996076 0.122058 0.000200
144 21 0.996077 0.124937 0.000195
144 22 0.996078 0.127543 0.000188
144 23 0.996079 0.129880 0.000178
144 24 0.996079 0.131949 0.000165
144 25 0.996080 0.133754 0.000150
144 26 0.996081 0.135295 0.000131
144 27 0.996082 0.136576 0.000111
144 28 0.996082 0.137599 0.000088
144 29 0.996083 0.138364 0.000064
144 30 0.996083 0.138874 0.000039
144 31 0.996083 0.139129 0.000013
144 32 0.996083 0.139129 -0.000013
144 33 0.996083 0.138874 -0.000039
144 34 0.996083 0.138364 -0.000064
144 35 0.996082 0.137599 -0.000088
144 36 0.996082 0.136576 -0.000111
144 37 0.996081 0.135295 -0.000131
144 38 0.996080 0.133754 -0.000150
144 39 0.996079 0.131949 -0.000165
144 40 0.996079 0.129880 -0.000178
144 41 0.996078 0.127543 -0.000188
144 42 0.996077 0.124937 -0.000195
144 43 0.996076 0.122058 -0.000200
144 44 0.996075 0.118903 -0.000201
144 45 0.996074 0.115471 -0.000199
144 46 0.996073 0.111759 -0.000194
144 47 0.996072 0.107765 -0.000187
144 48 0.996071 0.103486 -0.000178
144 49 0.996070 0.098922 -0.000167
144 50 0.996069 0.094070 -0.000154
144 51 0.996068 0.088928 -0.000140
144 52 0.996067 0.083497 -0.000125
144 53 0.996066 0.077775 -0.000110
144 54 0.996066 0.071760 -0.000094
144 55 0.996065 0.065453 -0.000079
144 56 0.996064 0.058854 -0.000064
144 57 0.996063 0.051961 -0.000050
144 58 0.996062 0.044775 -0.000037
144 59 0.996061 0.037296 -0.000026
144 60 0.996060 0.029524 -0.000016
144 61 0.996059 0.021458 -0.000008
144 62 0.996058 0.013099 -0.000003
144 63 0.996057 0.004448 -0.000000
145 0 0.995911 0.004447 0.000000
145 1 0.995912 0.013097 0.000003
145 2 0.995913 0.021455 0.000008
145 3 0.995914 0.029519 0.000016
145 4 0.995915 0.037291 0.000025
145 5 0.995916 0.044770 0.000036
145 6 0.995917 0.051955 0.000048
145 7 0.995918 0.058848 0.000062
145 8 0.995919 0.065448 0.000076
145 9 0.995920 0.071755 0.000091
145 10 0.995920 0.077771 0.000106
145 11 0.995921 0.083494 0.000121
145 12 0.995922 0.088927 0.000136
145 13 0.995923 0.094070 0.000149
145 14 0.995924 0.098924 0.000162
145 15 0.995925 0.103491 0.000172
145 16 0.995925 0.107773 0.000181
145 17 0.995926 0.111770 0.000188
145 18 0.995927 0.115485 0.000192
145 19 0.995928 0.118920 0.000194
145 20 0.995929 0.122078 0.000193
145 21 0.995930 0.124961 0.000189
145 22 0.995931 0.127571 0.000182
145 23 0.995932 0.129911 0.000173
145 24 0.995933 0.131983 0.000160
145 25 0.995934 0.133790 0.000145
145 26 0.995935 0.135334 0.000127
145 27 0.995935 0.136618 0.000107
145 28 0.995936 0.137642 0.000085
145 29 0.995936 0.138409 0.000062
145 30 0.995936 0.138920 0.000038
145 31 0.995937 0.139175 0.000013
145 32 0.995937 0.139175 -0.000013
145 33 0.995936 0.138920 -0.000038
145 34 0.995936 0.138409 -0.000062
145 35 0.995936 0.137642 -0.000085
145 36 0.995935 0.136618 -0.000107
145 37 0.995935 0.135334 -0.000127
145 38 0.995934 0.133790 -0.000145
145 39 0.995933 0.131983 -0.000160
145 40 0.995932 0.129911 -0.000173
145 41 0.995931 0.127571 -0.000182
145 42 0.995930 0.124961 -0.000189
145 43 0.995929 0.122078 -0.000193
145 44 0.995928 0.118920 -0.000194
145 45 0.995927 0.115485 -0.000192
145 46 0.995926 0.111770 -0.000188
145 47 0.995925 0.107773 -0.000181
145 48 0.995925 0.103491 -0.000172
145 49 0.995924 0.098924 -0.000162
145 50 0.995923 0.094070 -0.000149
145 51 0.995922 0.088927 -0.000136
145 52 0.995921 0.083494 -0.000121
145 53 0.995920 0.077771 -0.000106
145 54 0.995920 0.071755 -0.000091
145 55 0.995919 0.065448 -0.000076
145 56 0.995918 0.058848 -0.000062
145 57 0.995917 0.051955 -0.000048
145 58 0.995916 0.044770 -0.000036
145 59 0.995915 0.037291 -0.000025
145 60 0.995914 0.029519 -0.000016
145 61 0.995913 0.021455 -0.000008
145 62 0.995912 0.013097 -0.000003
145 63 0.995911 0.004447 -0.000000
146 0 0.995765 0.004446 0.000000
146 1 0.995766 0.013095 0.000003
146 2 0.995768 0.021452 0.000008
146 3 0.995769 0.029516 0.000015
146 4 0.995770 0.037287 0.000024
146 5 0.995771 0.044765 0.000035
146 6 0.995771 0.051950 0.000047
146 7 0.995772 0.058843 0.000060
146 8 0.995773 0.065443 0.000074
146 9 0.995774 0.071751 0.000088
146 10 0.995774 0.077767 0.000103
146 11 0.995775 0.083492 0.000117
146 12 0.995776 0.088926 0.000131
146 13 0.995777 0.094071 0.000144
146 14 0.995778 0.098928 0.000156
146 15 0.995778 0.103497 0.000167
146 16 0.995779 0.107781 0.000175
146 17 0.995780 0.111781 0.000182
146 18 0.995781 0.115499 0.000186
146 19 0.995782 0.118937 0.000188
146 20 0.995783 0.122098 0.000187
146 21 0.995784 0.124984 0.000183
146 22 0.995785 0.127598 0.000176
146 23 0.995786 0.129941 0.000167
146 24 0.995787 0.132016 0.000155
146 25 0.995788 0.133826 0.000140
146 26 0.995788 0.135373 0.000123
146 27 0.995789 0.136658 0.000104
146 28 0.995789 0.137685 0.000083
146 29 0.995790 0.138453 0.000060
146 30 0.995790 0.138965 0.000036
146 31 0.995790 0.139220 0.000012
146 32 0.995790 0.139220 -0.000012
146 33 0.995790 0.138965 -0.000036
146 34 0.995790 0.138453 -0.000060
146 35 0.995789 0.137685 -0.000083
146 36 0.995789 0.136658 -0.000104
146 37 0.995788 0.135373 -0.000123
146 38 0.995788 0.133826 -0.000140
146 39 0.995787 0.132016 -0.000155
146 40 0.995786 0.129941 -0.000167
146 41 0.995785 0.127598 -0.000176
146 42 0.995784 0.124984 -0.000183
146 43 0.995783 0.122098 -0.000187
146 44 0.995782 0.118937 -0.000188
146 45 0.995781 0.115499 -0.000186
146 46 0.995780 0.111781 -0.000182
146 47 0.995779 0.107781 -0.000175
146 48 0.995778 0.103497 -0.000167
146 49 0.995778 0.098928 -0.000156
146 50 0.995777 0.094071 -0.000144
146 51 0.995776 0.088926 -0.000131
146 52 0.995775 0.083492 -0.000117
146 53 0.995774 0.077767 -0.000103
146 54 0.995774 0.071751 -0.000088
146 55 0.995773 0.065443 -0.000074
146 56 0.995772 0.058843 -0.000060
146 57 0.995771 0.051950 -0.000047
146 58 0.995771 0.044765 -0.000035
146 59 0.995770 0.037287 -0.000024
146 60 0.995769 0.029516 -0.000015
146 61 0.995768 0.021452 -0.000008
146 62 0.995766 0.013095 -0.000003
146 63 0.995765 0.004446 -0.000000
147 0 0.995620 0.004446 0.000000
147 1 0.995621 0.013093 0.000003
147 2 0.995622 0.021449 0.000008
147 3 0.995623 0.029512 0.000015
147 4 0.995624 0.037282 0.000023
147 5 0.995625 0.044760 0.000034
147 6 0.995626 0.051945 0.000045
147 7 0.995626 0.058838 0.000058
147 8 0.995627 0.065439 0.000071
147 9 0.995628 0.071747 0.000085
147 10 0.995629 0.077764 0.000100
147 11 0.995629 0.083490 0.000114
147 12 0.995630 0.088926 0.000127
147 13 0.995631 0.094073 0.000140
147 14 0.995632 0.098931 0.000151
147 15 0.995633 0.103503 0.000161
147 16 0.995633 0.107789 0.000170
147 17 0.995634 0.111792 0.000176
147 18 0.995635 0.115513 0.000180
147 19 0.995636 0.118954 0.000182
147 20 0.995637 0.122119 0.000181
147 21 0.995638 0.125008 0.000177
147 22 0.995639 0.127624 0.000171
147 23 0.995640 0.129970 0.000161
147 24 0.995641 0.132049 0.000150
147 25 0.995641 0.133861 0.000135
147 26 0.995642 0.135411 0.000119
147 27 0.995643 0.136698 0.000100
147 28 0.995643 0.137726 0.000080
147 29 0.995644 0.138496 0.000058
147 30 0.995644 0.139009 0.000035
147 31 0.995644 0.139265 0.000012
147 32 0.995644 0.139265 -0.000012
147 33 0.995644 0.139009 -0.000035
147 34 0.995644 0.138496 -0.000058
147 35 0.995643 0.137726 -0.000080
147 36 0.995643 0.136698 -0.000100
147 37 0.995642 0.135411 -0.000119
147 38 0.995641 0.133861 -0.000135
147 39 0.995641 0.132049 -0.000150
147 40 0.995640 0.129970 -0.000161
147 41 0.995639 0.127624 -0.000171
147 42 0.995638 0.125008 -0.000177
147 43 0.995637 0.122119 -0.000181
147 44 0.995636 0.118954 -0.000182
147 45 0.995635 0.115513 -0.000180
147 46 0.995634 0.111792 -0.000176
147 47 0.995633 0.107789 -0.000170
147 48 0.995633 0.103503 -0.000161
147 49 0.995632 0.098931 -0.000151
147 50 0.995631 0.094073 -0.000140
147 51 0.995630 0.088926 -0.000127
147 52 0.995629 0.083490 -0.000114
147 53 0.995629 0.077764 -0.000100
147 54 0.995628 0.071747 -0.000085
147 55 0.995627 0.065439 -0.000071
147 56 0.995626 0.058838 -0.000058
147 57 0.995626 0.051945 -0.000045
147 58 0.995625 0.044760 -0.000034
147 59 0.995624 0.037282 -0.000023
147 60 0.995623 0.029512 -0.000015
147 61 0.995622 0.021449 -0.000008
147 62 0.995621 0.013093 -0.000003
147 63 0.995620 0.004446 -0.000000
148 0 0.995474 0.004445 0.000000
148 1 0.995476 0.013092 0.000003
148 2 0.995477 0.021446 0.000007
148 3 0.995478 0.029509 0.000014
148 4 0.995478 0.037278 0.000022
148 5 0.995479 0.044756 0.000032
148 6 0.995480 0.051941 0.000044
148 7 0.995481 0.058834 0.000056
148 8 0.995482 0.065435 0.000069
148 9 0.995482 0.071744 0.000083
148 10 0.995483 0.077762 0.000096
148 11 0.995484 0.083489 0.000110
148 12 0.995484 0.088926 0.000123
148 13 0.995485 0.094074 0.000135
148 14 0.995486 0.098935 0.000146
148 15 0.995487 0.103509 0.000156
148 16 0.995488 0.107798 0.000164
148 17 0.995489 0.111803 0.000170
148 18 0.995489 0.115527 0.000174
148 19 0.995490 0.118972 0.000176
148 20 0.995491 0.122139 0.000175
148 21 0.995492 0.125031 0.000171
148 22 0.995493 0.127651 0.000165
148 23 0.995494 0.130000 0.000156
148 24 0.995495 0.132081 0.000145
148 25 0.995495 0.133896 0.000131
148 26 0.995496 0.135448 0.000115
148 27 0.995497 0.136738 0.000097
148 28 0.995497 0.137767 0.000077
148 29 0.995497 0.138538 0.000056
148 30 0.995498 0.139052 0.000034
148 31 0.995498 0.139308 0.000011
148 32 0.995498 0.139308 -0.000011
148 33 0.995498 0.139052 -0.000034
148 34 0.995497 0.138538 -0.000056
148 35 0.995497 0.137767 -0.000077
148 36 0.995497 0.136738 -0.000097
148 37 0.995496 0.135448 -0.000115
148 38 0.995495 0.133896 -0.000131
148 39 0.995495 0.132081 -0.000145
148 40 0.995494 0.130000 -0.000156
148 41 0.995493 0.127651 -0.000165
148 42 0.995492 0.125031 -0.000171
148 43 0.995491 0.122139 -0.000175
148 44 0.995490 0.118972 -0.000176
148 45 0.995489 0.115527 -0.000174
148 46 0.995489 0.111803 -0.000170
148 47 0.995488 0.107798 -0.000164
148 48 0.995487 0.103509 -0.000156
148 49 0.995486 0.098935 -0.000146
148 50 0.995485 0.094074 -0.000135
148 51 0.995484 0.088926 -0.000123
148 52 0.995484 0.083489 -0.000110
148 53 0.995483 0.077762 -0.000096
148 54 0.995482 0.071744 -0.000083
148 55 0.995482 0.065435 -0.000069
148 56 0.995481 0.058834 -0.000056
148 57 0.995480 0.051941 -0.000044
148 58 0.995479 0.044756 -0.000032
148 59 0.995478 0.037278 -0.000022
148 60 0.995478 0.029509 -0.000014
148 61 0.995477 0.021446 -0.000007
148 62 0.995476 0.013092 -0.000003
148 63 0.995474 0.004445 -0.000000
149 0 0.995329 0.004444 0.000000
149 1 0.995330 0.013090 0.000003
149 2 0.995331 0.021444 0.000007
149 3 0.995332 0.029505 0.000014
149 4 0.995333 0.037275 0.000022
149 5 0.995334 0.044752 0.000031
149 6 0.995335 0.051937 0.000042
149 7 0.995335 0.058830 0.000054
149 8 0.995336 0.065431 0.000067
149 9 0.995337 0.071741 0.000080
149 10 0.995337 0.077760 0.000093
149 11 0.995338 0.083488 0.000106
149 12 0.995339 0.088927 0.000119
149 13 0.995340 0.094077 0.000131
149 14 0.995340 0.098939 0.000142
149 15 0.995341 0.103515 0.000151
149 16 0.995342 0.107806 0.000159
149 17 0.995343 0.111814 0.000165
149 18 0.995344 0.115541 0.000168
149 19 0.995345 0.118989 0.000170
149 20 0.995345 0.122159 0.000169
149 21 0.995346 0.125054 0.000166
149 22 0.995347 0.127677 0.000160
149 23 0.995348 0.130029 0.000151
149 24 0.995349 0.132113 0.000140
149 25 0.995349 0.133931 0.000127
149 26 0.995350 0.135484 0.000111
149 27 0.995351 0.136776 0.000094
149 28 0.995351 0.137808 0.000075
149 29 0.995351 0.138580 0.000054
149 30 0.995352 0.139094 0.000033
149 31 0.995352 0.139351 0.000011
149 32 0.995352 0.139351 -0.000011
149 33 0.995352 0.139094 -0.000033
149 34 0.995351 0.138580 -0.000054
149 35 0.995351 0.137808 -0.000075
149 36 0.995351 0.136776 -0.000094
149 37 0.995350 0.135484 -0.000111
149 38 0.995349 0.133931 -0.000127
149 39 0.995349 0.132113 -0.000140
149 40 0.995348 0.130029 -0.000151
149 41 0.995347 0.127677 -0.000160
149 42 0.995346 0.125054 -0.000166
149 43 0.995345 0.122159 -0.000169
149 44 0.995345 0.118989 -0.000170
149 45 0.995344 0.115541 -0.000168
149 46 0.995343 0.111814 -0.000165
149 47 0.995342 0.107806 -0.000159
149 48 0.995341 0.103515 -0.000151
149 49 0.995340 0.098939 -0.000142
149 50 0.995340 0.094077 -0.000131
149 51 0.995339 0.088927 -0.000119
149 52 0.995338 0.083488 -0.000106
149 53 0.995337 0.077760 -0.000093
149 54 0.995337 0.071741 -0.000080
149 55 0.995336 0.065431 -0.000067
149 56 0.995335 0.058830 -0.000054
149 57 0.995335 0.051937 -0.000042
149 58 0.995334 0.044752 -0.000031
149 59 0.995333 0.037275 -0.000022
149 60 0.995332 0.029505 -0.000014
149 61 0.995331 0.021444 -0.000007
149 62 0.995330 0.013090 -0.000003
149 63 0.995329 0.004444 -0.000000
150 0 0.995184 0.004444 0.000000
150 1 0.995185 0.013089 0.000003
150 2 0.995186 0.021442 0.000007
150 3 0.995187 0.029503 0.000013
150 4 0.995188 0.037271 0.000021
150 5 0.995189 0.044748 0.000030
150 6 0.995189 0.051933 0.000041
150 7 0.995190 0.058826 0.000052
150 8 0.995191 0.065428 0.000065
150 9 0.995191 0.071738 0.000077
150 10 0.995192 0.077758 0.000090
150 11 0.995193 0.083487 0.000103
150 12 0.995193 0.088928 0.000115
150 13 0.995194 0.094079 0.000127
150 14 0.995195 0.098943 0.000137
150 15 0.995196 0.103522 0.000146
150 16 0.995196 0.107815 0.000154
150 17 0.995197 0.111826 0.000159
150 18 0.995198 0.115556 0.000163
150 19 0.995199 0.119006 0.000164
150 20 0.995200 0.122179 0.000164
150 21 0.995201 0.125077 0.000160
150 22 0.995201 0.127703 0.000154
150 23 0.995202 0.130057 0.000146
150 24 0.995203 0.132144 0.000135
150 25 0.995204 0.133964 0.000123
150 26 0.995204 0.135521 0.000108
150 27 0.995205 0.136814 0.000091
150 28 0.995205 0.137847 0.000072
150 29 0.995206 0.138621 0.000053
150 30 0.995206 0.139136 0.000032
150 31 0.995206 0.139393 0.000011
150 32 0.995206 0.139393 -0.000011
150 33 0.995206 0.139136 -0.000032
150 34 0.995206 0.138621 -0.000053
150 35 0.995205 0.137847 -0.000072
150 36 0.995205 0.136814 -0.000091
150 37 0.995204 0.135521 -0.000108
150 38 0.995204 0.133964 -0.000123
150 39 0.995203 0.132144 -0.000135
150 40 0.995202 0.130057 -0.000146
150 41 0.995201 0.127703 -0.000154
150 42 0.995201 0.125077 -0.000160
150 43 0.995200 0.122179 -0.000164
150 44 0.995199 0.119006 -0.000164
150 45 0.995198 0.115556 -0.000163
150 46 0.995197 0.111826 -0.000159
150 47 0.995196 0.107815 -0.000154
150 48 0.995196 0.103522 -0.000146
150 49 0.995195 0.098943 -0.000137
150 50 0.995194 0.094079 -0.000127
150 51 0.995193 0.088928 -0.000115
150 52 0.995193 0.083487 -0.000103
150 53 0.995192 0.077758 -0.000090
150 54 0.995191 0.071738 -0.000077
150 55 0.995191 0.065428 -0.000065
150 56 0.995190 0.058826 -0.000052
150 57 0.995189 0.051933 -0.000041
150 58 0.995189 0.044748 -0.000030
150 59 0.995188 0.037271 -0.000021
150 60 0.995187 0.029503 -0.000013
150 61 0.995186 0.021442 -0.000007
150 62 0.995185 0.013089 -0.000003
150 63 0.995184 0.004444 -0.000000
151 0 0.995039 0.004443 0.000000
151 1 0.995040 0.013087 0.000003
151 2 0.995041 0.021440 0.000007
151 3 0.995042 0.029500 0.000013
151 4 0.995043 0.037268 0.000020
151 5 0.995043 0.044745 0.000029
151 6 0.995044 0.051930 0.000040
151 7 0.995045 0.058823 0.000051
151 8 0.995045 0.065425 0.000063
151 9 0.995046 0.071736 0.000075
151 10 0.995047 0.077757 0.000087
151 11 0.995047 0.083487 0.000099
151 12 0.995048 0.088929 0.000111
151 13 0.995049 0.094082 0.000122
151 14 0.995049 0.098948 0.000132
151 15 0.995050 0.103529 0.000141
151 16 0.995051 0.107825 0.000149
151 17 0.995052 0.111838 0.000154
151 18 0.995052 0.115570 0.000158
151 19 0.995053 0.119023 0.000159
151 20 0.995054 0.122199 0.000158
151 21 0.995055 0.125100 0.000155
151 22 0.995056 0.127728 0.000149
151 23 0.995057 0.130086 0.000141
151 24 0.995057 0.132175 0.000131
151 25 0.995058 0.133998 0.000119
151 26 0.995059 0.135556 0.000104
151 27 0.995059 0.136852 0.000088
151 28 0.995060 0.137886 0.000070
151 29 0.995060 0.138661 0.000051
151 30 0.995060 0.139177 0.000031
151 31 0.995060 0.139435 0.000010
151 32 0.995060 0.139435 -0.000010
151 33 0.995060 0.139177 -0.000031
151 34 0.995060 0.138661 -0.000051
151 35 0.995060 0.137886 -0.000070
151 36 0.995059 0.136852 -0.000088
151 37 0.995059 0.135556 -0.000104
151 38 0.995058 0.133998 -0.000119
151 39 0.995057 0.132175 -0.000131
151 40 0.995057 0.130086 -0.000141
151 41 0.995056 0.127728 -0.000149
151 42 0.995055 0.125100 -0.000155
151 43 0.995054 0.122199 -0.000158
151 44 0.995053 0.119023 -0.000159
151 45 0.995052 0.115570 -0.000158
151 46 0.995052 0.111838 -0.000154
151 47 0.995051 0.107825 -0.000149
151 48 0.995050 0.103529 -0.000141
151 49 0.995049 0.098948 -0.000132
151 50 0.995049 0.094082 -0.000122
151 51 0.995048 0.088929 -0.000111
151 52 0.995047 0.083487 -0.000099
151 53 0.995047 0.077757 -0.000087
151 54 0.995046 0.071736 -0.000075
151 55 0.995045 0.065425 -0.000063
151 56 0.995045 0.058823 -0.000051
151 57 0.995044 0.051930 -0.000040
151 58 0.995043 0.044745 -0.000029
151 59 0.995043 0.037268 -0.000020
151 60 0.995042 0.029500 -0.000013
151 61 0.995041 0.021440 -0.000007
151 62 0.995040 0.013087 -0.000003
151 63 0.995039 0.004443 -0.000000
152 0 0.994894 0.004443 0.000000
152 1 0.994895 0.013086 0.000002
152 2 0.994896 0.021438 0.000007
152 3 0.994897 0.029497 0.000012
152 4 0.994897 0.037266 0.000020
152 5 0.994898 0.044742 0.000028
152 6 0.994899 0.051927 0.000038
152 7 0.994899 0.058820 0.000049
152 8 0.994900 0.065423 0.000061
152 9 0.994901 0.071735 0.000072
152 10 0.994901 0.077756 0.000084
152 11 0.994902 0.083488 0.000096
152 12 0.994903 0.088930 0.000108
152 13 0.994903 0.094085 0.000118
152 14 0.994904 0.098953 0.000128
152 15 0.994905 0.103536 0.000137
152 16 0.994905 0.107834 0.000144
152 17 0.994906 0.111850 0.000149
152 18 0.994907 0.115584 0.000152
152 19 0.994908 0.119040 0.000154
152 20 0.994909 0.122219 0.000153
152 21 0.994909 0.125123 0.000150
152 22 0.994910 0.127753 0.000144
152 23 0.994911 0.130114 0.000137
152 24 0.994912 0.132206 0.000127
152 25 0.994912 0.134031 0.000115
152 26 0.994913 0.135591 0.000101
152 27 0.994913 0.136889 0.000085
152 28 0.994914 0.137925 0.000068
152 29 0.994914 0.138701 0.000049
152 30 0.994914 0.139217 0.000030
152 31 0.994915 0.139476 0.000010
152 32 0.994915 0.139476 -0.000010
152 33 0.994914 0.139217 -0.000030
152 34 0.994914 0.138701 -0.000049
152 35 0.994914 0.137925 -0.000068
152 36 0.994913 0.136889 -0.000085
152 37 0.994913 0.135591 -0.000101
152 38 0.994912 0.134031 -0.000115
152 39 0.994912 0.132206 -0.000127
152 40 0.994911 0.130114 -0.000137
152 41 0.994910 0.127753 -0.000144
152 42 0.994909 0.125123 -0.000150
152 43 0.994909 0.122219 -0.000153
152 44 0.994908 0.119040 -0.000154
152 45 0.994907 0.115584 -0.000152
152 46 0.994906 0.111850 -0.000149
152 47 0.994905 0.107834 -0.000144
152 48 0.994905 0.103536 -0.000137
152 49 0.994904 0.098953 -0.000128
152 50 0.994903 0.094085 -0.000118
152 51 0.994903 0.088930 -0.000108
152 52 0.994902 0.083488 -0.000096
152 53 0.994901 0.077756 -0.000084
152 54 0.994901 0.071735 -0.000072
152 55 0.994900 0.065423 -0.000061
152 56 0.994899 0.058820 -0.000049
152 57 0.994899 0.051927 -0.000038
152 58 0.994898 0.044742 -0.000028
152 59 0.994897 0.037266 -0.000020
152 60 0.994897 0.029497 -0.000012
152 61 0.994896 0.021438 -0.000007
152 62 0.994895 0.013086 -0.000002
152 63 0.994894 0.004443 -0.000000
153 0 0.994749 0.004443 0.000000
153 1 0.994750 0.013085 0.000002
153 2 0.994751 0.021436 0.000006
153 3 0.994752 0.029495 0.000012
153 4 0.994752 0.037263 0.000019
153 5 0.994753 0.044739 0.000027
153 6 0.994754 0.051924 0.000037
153 7 0.994754 0.058818 0.000047
153 8 0.994755 0.065421 0.000058
153 9 0.994756 0.071733 0.000070
153 10 0.994756 0.077755 0.000082
153 11 0.994757 0.083488 0.000093
153 12 0.994757 0.088933 0.000104
153 13 0.994758 0.094089 0.000114
153 14 0.994759 0.098959 0.000124
153 15 0.994759 0.103543 0.000132
153 16 0.994760 0.107844 0.000139
153 17 0.994761 0.111862 0.000144
153 18 0.994762 0.115599 0.000147
153 19 0.994763 0.119057 0.000149
153 20 0.994763 0.122239 0.000148
153 21 0.994764 0.125145 0.000145
153 22 0.994765 0.127779 0.000140
153 23 0.994766 0.130142 0.000132
153 24 0.994766 0.132236 0.000123
153 25 0.994767 0.134063 0.000111
153 26 0.994767 0.135626 0.000097
153 27 0.994768 0.136925 0.000082
153 28 0.994768 0.137963 0.000065
153 29 0.994769 0.138740 0.000048
153 30 0.994769 0.139257 0.000029
153 31 0.994769 0.139516 0.000010
153 32 0.994769 0.139516 -0.000010
153 33 0.994769 0.139257 -0.000029
153 34 0.994769 0.138740 -0.000048
153 35 0.994768 0.137963 -0.000065
153 36 0.994768 0.136925 -0.000082
153 37 0.994767 0.135626 -0.000097
153 38 0.994767 0.134063 -0.000111
153 39 0.994766 0.132236 -0.000123
153 40 0.994766 0.130142 -0.000132
153 41 0.994765 0.127779 -0.000140
153 42 0.994764 0.125145 -0.000145
153 43 0.994763 0.122239 -0.000148
153 44 0.994763 0.119057 -0.000149
153 45 0.994762 0.115599 -0.000147
153 46 0.994761 0.111862 -0.000144
153 47 0.994760 0.107844 -0.000139
153 48 0.994759 0.103543 -0.000132
153 49 0.994759 0.098959 -0.000124
153 50 0.994758 0.094089 -0.000114
153 51 0.994757 0.088933 -0.000104
153 52 0.994757 0.083488 -0.000093
153 53 0.994756 0.077755 -0.000082
153 54 0.994756 0.071733 -0.000070
153 55 0.994755 0.065421 -0.000058
153 56 0.994754 0.058818 -0.000047
153 57 0.994754 0.051924 -0.000037
153 58 0.994753 0.044739 -0.000027
153 59 0.994752 0.037263 -0.000019
153 60 0.994752 0.029495 -0.000012
153 61 0.994751 0.021436 -0.000006
153 62 0.994750 0.013085 -0.000002
153 63 0.994749 0.004443 -0.000000
154 0 0.994604 0.004442 0.000000
154 1 0.994605 0.013084 0.000002
154 2 0.994606 0.021434 0.000006
154 3 0.994607 0.029493 0.000012
154 4 0.994607 0.037261 0.000018
154 5 0.994608 0.044737 0.000027
154 6 0.994609 0.051922 0.000036
154 7 0.994609 0.058816 0.000046
154 8 0.994610 0.065419 0.000057
154 9 0.994610 0.071732 0.000068
154 10 0.994611 0.077755 0.000079
154 11 0.994612 0.083489 0.000090
154 12 0.994612 0.088935 0.000101
154 13 0.994613 0.094093 0.000111
154 14 0.994614 0.098965 0.000120
154 15 0.994614 0.103551 0.000128
154 16 0.994615 0.107853 0.000134
154 17 0.994616 0.111874 0.000139
154 18 0.994616 0.115613 0.000142
154 19 0.994617 0.119074 0.000144
154 20 0.994618 0.122258 0.000143
154 21 0.994619 0.125167 0.000140
154 22 0.994620 0.127804 0.000135
154 23 0.994620 0.130169 0.000128
154 24 0.994621 0.132266 0.000118
154 25 0.994622 0.134095 0.000107
154 26 0.994622 0.135660 0.000094
154 27 0.994623 0.136961 0.000079
154 28 0.994623 0.138000 0.000063
154 29 0.994623 0.138778 0.000046
154 30 0.994624 0.139296 0.000028
154 31 0.994624 0.139555 0.000009
154 32 0.994624 0.139555 -0.000009
154 33 0.994624 0.139296 -0.000028
154 34 0.994623 0.138778 -0.000046
154 35 0.994623 0.138000 -0.000063
154 36 0.994623 0.136961 -0.000079
154 37 0.994622 0.135660 -0.000094
154 38 0.994622 0.134095 -0.000107
154 39 0.994621 0.132266 -0.000118
154 40 0.994620 0.130169 -0.000128
154 41 0.994620 0.127804 -0.000135
154 42 0.994619 0.125167 -0.000140
154 43 0.994618 0.122258 -0.000143
154 44 0.994617 0.119074 -0.000144
154 45 0.994616 0.115613 -0.000142
154 46 0.994616 0.111874 -0.000139
154 47 0.994615 0.107853 -0.000134
154 48 0.994614 0.103551 -0.000128
154 49 0.994614 0.098965 -0.000120
154 50 0.994613 0.094093 -0.000111
154 51 0.994612 0.088935 -0.000101
154 52 0.994612 0.083489 -0.000090
154 53 0.994611 0.077755 -0.000079
154 54 0.994610 0.071732 -0.000068
154 55 0.994610 0.065419 -0.000057
154 56 0.994609 0.058816 -0.000046
154 57 0.994609 0.051922 -0.000036
154 58 0.994608 0.044737 -0.000027
154 59 0.994607 0.037261 -0.000018
154 60 0.994607 0.029493 -0.000012
154 61 0.994606 0.021434 -0.000006
154 62 0.994605 0.013084 -0.000002
154 63 0.994604 0.004442 -0.000000
155 0 0.994459 0.004442 0.000000
155 1 0.994460 0.013083 0.000002
155 2 0.994461 0.021433 0.000006
155 3 0.994462 0.029491 0.000011
155 4 0.994462 0.037259 0.000018
155 5 0.994463 0.044735 0.000026
155 6 0.994464 0.051920 0.000035
155 7 0.994464 0.058814 0.000044
155 8 0.994465 0.065418 0.000055
155 9 0.994465 0.071732 0.000065
155 10 0.994466 0.077756 0.000076
155 11 0.994467 0.083491 0.000087
155 12 0.994467 0.088938 0.000097
155 13 0.994468 0.094097 0.000107
155 14 0.994468 0.098971 0.000116
155 15 0.994469 0.103559 0.000123
155 16 0.994470 0.107863 0.000130
155 17 0.994471 0.111886 0.000135
155 18 0.994471 0.115628 0.000138
155 19 0.994472 0.119091 0.000139
155 20 0.994473 0.122278 0.000138
155 21 0.994474 0.125190 0.000135
155 22 0.994474 0.127828 0.000130
155 23 0.994475 0.130196 0.000123
155 24 0.994476 0.132295 0.000114
155 25 0.994476 0.134127 0.000104
155 26 0.994477 0.135693 0.000091
155 27 0.994477 0.136996 0.000077
155 28 0.994478 0.138036 0.000061
155 29 0.994478 0.138816 0.000044
155 30 0.994478 0.139335 0.000027
155 31 0.994478 0.139594 0.000009
155 32 0.994478 0.139594 -0.000009
155 33 0.994478 0.139335 -0.000027
155 34 0.994478 0.138816 -0.000044
155 35 0.994478 0.138036 -0.000061
155 36 0.994477 0.136996 -0.000077
155 37 0.994477 0.135693 -0.000091
155 38 0.994476 0.134127 -0.000104
155 39 0.994476 0.132295 -0.000114
155 40 0.994475 0.130196 -0.000123
155 41 0.994474 0.127828 -0.000130
155 42 0.994474 0.125190 -0.000135
155 43 0.994473 0.122278 -0.000138
155 44 0.994472 0.119091 -0.000139
155 45 0.994471 0.115628 -0.000138
155 46 0.994471 0.111886 -0.000135
155 47 0.994470 0.107863 -0.000130
155 48 0.994469 0.103559 -0.000123
155 49 0.994468 0.098971 -0.000116
155 50 0.994468 0.094097 -0.000107
155 51 0.994467 0.088938 -0.000097
155 52 0.994467 0.083491 -0.000087
155 53 0.994466 0.077756 -0.000076
155 54 0.994465 0.071732 -0.000065
155 55 0.994465 0.065418 -0.000055
155 56 0.994464 0.058814 -0.000044
155 57 0.994464 0.051920 -0.000035
155 58 0.994463 0.044735 -0.000026
155 59 0.994462 0.037259 -0.000018
155 60 0.994462 0.029491 -0.000011
155 61 0.994461 0.021433 -0.000006
155 62 0.994460 0.013083 -0.000002
155 63 0.994459 0.004442 -0.000000
156 0 0.994314 0.004442 0.000000
156 1 0.994315 0.013082 0.000002
156 2 0.994316 0.021432 0.000006
156 3 0.994317 0.029490 0.000011
156 4 0.994318 0.037257 0.000017
156 5 0.994318 0.044733 0.000025
156 6 0.994319 0.051918 0.000033
156 7 0.994319 0.058813 0.000043
156 8 0.994320 0.065417 0.000053
156 9 0.994321 0.071732 0.000063
156 10 0.994321 0.077756 0.000074
156 11 0.994322 0.083493 0.000084
156 12 0.994322 0.088941 0.000094
156 13 0.994323 0.094102 0.000103
156 14 0.994324 0.098977 0.000112
156 15 0.994324 0.103567 0.000119
156 16 0.994325 0.107874 0.000125
156 17 0.994326 0.111898 0.000130
156 18 0.994326 0.115643 0.000133
156 19 0.994327 0.119109 0.000134
156 20 0.994328 0.122298 0.000134
156 21 0.994328 0.125212 0.000131
156 22 0.994329 0.127853 0.000126
156 23 0.994330 0.130223 0.000119
156 24 0.994331 0.132324 0.000111
156 25 0.994331 0.134158 0.000100
156 26 0.994332 0.135726 0.000088
156 27 0.994332 0.137031 0.000074
156 28 0.994333 0.138072 0.000059
156 29 0.994333 0.138853 0.000043
156 30 0.994333 0.139372 0.000026
156 31 0.994333 0.139632 0.000009
156 32 0.994333 0.139632 -0.000009
156 33 0.994333 0.139372 -0.000026
156 34 0.994333 0.138853 -0.000043
156 35 0.994333 0.138072 -0.000059
156 36 0.994332 0.137031 -0.000074
156 37 0.994332 0.135726 -0.000088
156 38 0.994331 0.134158 -0.000100
156 39 0.994331 0.132324 -0.000111
156 40 0.994330 0.130223 -0.000119
156 41 0.994329 0.127853 -0.000126
156 42 0.994328 0.125212 -0.000131
156 43 0.994328 0.122298 -0.000134
156 44 0.994327 0.119109 -0.000134
156 45 0.994326 0.115643 -0.000133
156 46 0.994326 0.111898 -0.000130
156 47 0.994325 0.107874 -0.000125
156 48 0.994324 0.103567 -0.000119
156 49 0.994324 0.098977 -0.000112
156 50 0.994323 0.094102 -0.000103
156 51 0.994322 0.088941 -0.000094
156 52 0.994322 0.083493 -0.000084
156 53 0.994321 0.077756 -0.000074
156 54 0.994321 0.071732 -0.000063
156 55 0.994320 0.065417 -0.000053
156 56 0.994319 0.058813 -0.000043
156 57 0.994319 0.051918 -0.000033
156 58 0.994318 0.044733 -0.000025
156 59 0.994318 0.037257 -0.000017
156 60 0.994317 0.029490 -0.000011
156 61 0.994316 0.021432 -0.000006
156 62 0.994315 0.013082 -0.000002
156 63 0.994314 0.004442 -0.000000
157 0 0.994170 0.004441 0.000000
157 1 0.994171 0.013081 0.000002
157 2 0.994171 0.021430 0.000005
157 3 0.994172 0.029489 0.000010
157 4 0.994173 0.037256 0.000017
157 5 0.994173 0.044732 0.000024
157 6 0.994174 0.051917 0.000032
157 7 0.994175 0.058812 0.000041
157 8 0.994175 0.065417 0.000051
157 9 0.994176 0.071732 0.000061
157 10 0.994176 0.077758 0.000071
157 11 0.994177 0.083495 0.000081
157 12 0.994177 0.088944 0.000091
157 13 0.994178 0.094107 0.000100
157 14 0.994179 0.098983 0.000108
157 15 0.994179 0.103575 0.000115
157 16 0.994180 0.107884 0.000121
157 17 0.994181 0.111911 0.000126
157 18 0.994181 0.115658 0.000129
157 19 0.994182 0.119126 0.000130
157 20 0.994183 0.122317 0.000129
157 21 0.994183 0.125234 0.000126
157 22 0.994184 0.127877 0.000122
157 23 0.994185 0.130250 0.000115
157 24 0.994185 0.132353 0.000107
157 25 0.994186 0.134189 0.000097
157 26 0.994187 0.135759 0.000085
157 27 0.994187 0.137065 0.000072
157 28 0.994187 0.138108 0.000057
157 29 0.994188 0.138889 0.000041
157 30 0.994188 0.139410 0.000025
157 31 0.994188 0.139670 0.000008
157 32 0.994188 0.139670 -0.000008
157 33 0.994188 0.139410 -0.000025
157 34 0.994188 0.138889 -0.000041
157 35 0.994187 0.138108 -0.000057
157 36 0.994187 0.137065 -0.000072
157 37 0.994187 0.135759 -0.000085
157 38 0.994186 0.134189 -0.000097
157 39 0.994185 0.132353 -0.000107
157 40 0.994185 0.130250 -0.000115
157 41 0.994184 0.127877 -0.000122
157 42 0.994183 0.125234 -0.000126
157 43 0.994183 0.122317 -0.000129
157 44 0.994182 0.119126 -0.000130
157 45 0.994181 0.115658 -0.000129
157 46 0.994181 0.111911 -0.000126
157 47 0.994180 0.107884 -0.000121
157 48 0.994179 0.103575 -0.000115
157 49 0.994179 0.098983 -0.000108
157 50 0.994178 0.094107 -0.000100
157 51 0.994177 0.088944 -0.000091
157 52 0.994177 0.083495 -0.000081
157 53 0.994176 0.077758 -0.000071
157 54 0.994176 0.071732 -0.000061
157 55 0.994175 0.065417 -0.000051
157 56 0.994175 0.058812 -0.000041
157 57 0.994174 0.051917 -0.000032
157 58 0.994173 0.044732 -0.000024
157 59 0.994173 0.037256 -0.000017
157 60 0.994172 0.029489 -0.000010
157 61 0.994171 0.021430 -0.000005
157 62 0.994171 0.013081 -0.000002
157 63 0.994170 0.004441 -0.000000
158 0 0.994025 0.004441 0.000000
158 1 0.994026 0.013081 0.000002
158 2 0.994027 0.021429 0.000005
158 3 0.994028 0.029487 0.000010
158 4 0.994028 0.037254 0.000016
158 5 0.994029 0.044730 0.000023
158 6 0.994029 0.051916 0.000031
158 7 0.994030 0.058811 0.000040
158 8 0.994030 0.065417 0.000049
158 9 0.994031 0.071732 0.000059
158 10 0.994031 0.077759 0.000069
158 11 0.994032 0.083497 0.000078
158 12 0.994033 0.088948 0.000088
158 13 0.994033 0.094112 0.000096
158 14 0.994034 0.098990 0.000104
158 15 0.994034 0.103584 0.000111
158 16 0.994035 0.107895 0.000117
158 17 0.994036 0.111924 0.000121
158 18 0.994036 0.115672 0.000124
158 19 0.994037 0.119143 0.000125
158 20 0.994038 0.122337 0.000125
158 21 0.994039 0.125255 0.000122
158 22 0.994039 0.127901 0.000118
158 23 0.994040 0.130276 0.000111
158 24 0.994041 0.132381 0.000103
158 25 0.994041 0.134219 0.000093
158 26 0.994042 0.135791 0.000082
158 27 0.994042 0.137099 0.000069
158 28 0.994042 0.138143 0.000055
158 29 0.994043 0.138925 0.000040
158 30 0.994043 0.139446 0.000024
158 31 0.994043 0.139707 0.000008
158 32 0.994043 0.139707 -0.000008
158 33 0.994043 0.139446 -0.000024
158 34 0.994043 0.138925 -0.000040
158 35 0.994042 0.138143 -0.000055
158 36 0.994042 0.137099 -0.000069
158 37 0.994042 0.135791 -0.000082
158 38 0.994041 0.134219 -0.000093
158 39 0.994041 0.132381 -0.000103
158 40 0.994040 0.130276 -0.000111
158 41 0.994039 0.127901 -0.000118
158 42 0.994039 0.125255 -0.000122
158 43 0.994038 0.122337 -0.000125
158 44 0.994037 0.119143 -0.000125
158 45 0.994036 0.115672 -0.000124
158 46 0.994036 0.111924 -0.000121
158 47 0.994035 0.107895 -0.000117
158 48 0.994034 0.103584 -0.000111
158 49 0.994034 0.098990 -0.000104
158 50 0.994033 0.094112 -0.000096
158 51 0.994033 0.088948 -0.000088
158 52 0.994032 0.083497 -0.000078
158 53 0.994031 0.077759 -0.000069
158 54 0.994031 0.071732 -0.000059
158 55 0.994030 0.065417 -0.000049
158 56 0.994030 0.058811 -0.000040
158 57 0.994029 0.051916 -0.000031
158 58 0.994029 0.044730 -0.000023
158 59 0.994028 0.037254 -0.000016
158 60 0.994028 0.029487 -0.000010
158 61 0.994027 0.021429 -0.000005
158 62 0.994026 0.013081 -0.000002
158 63 0.994025 0.004441 -0.000000
159 0 0.993881 0.004441 0.000000
159 1 0.993882 0.013080 0.000002
159 2 0.993882 0.021429 0.000005
159 3 0.993883 0.029486 0.000010
159 4 0.993884 0.037253 0.000015
159 5 0.993884 0.044730 0.000022
159 6 0.993885 0.051915 0.000030
159 7 0.993885 0.058811 0.000039
159 8 0.993886 0.065417 0.000048
159 9 0.993886 0.071733 0.000057
159 10 0.993887 0.077761 0.000066
159 11 0.993887 0.083500 0.000076
159 12 0.993888 0.088952 0.000085
159 13 0.993888 0.094117 0.000093
159 14 0.993889 0.098997 0.000101
159 15 0.993890 0.103593 0.000107
159 16 0.993890 0.107905 0.000113
159 17 0.993891 0.111936 0.000117
159 18 0.993892 0.115687 0.000120
159 19 0.993892 0.119160 0.000121
159 20 0.993893 0.122356 0.000120
159 21 0.993894 0.125277 0.000118
159 22 0.993894 0.127925 0.000114
159 23 0.993895 0.130302 0.000108
159 24 0.993896 0.132409 0.000100
159 25 0.993896 0.134249 0.000090
159 26 0.993897 0.135823 0.000079
159 27 0.993897 0.137132 0.000067
159 28 0.993898 0.138177 0.000053
159 29 0.993898 0.138961 0.000039
159 30 0.993898 0.139482 0.000024
159 31 0.993898 0.139743 0.000008
159 32 0.993898 0.139743 -0.000008
159 33 0.993898 0.139482 -0.000024
159 34 0.993898 0.138961 -0.000039
159 35 0.993898 0.138177 -0.000053
159 36 0.993897 0.137132 -0.000067
159 37 0.993897 0.135823 -0.000079
159 38 0.993896 0.134249 -0.000090
159 39 0.993896 0.132409 -0.000100
159 40 0.993895 0.130302 -0.000108
159 41 0.993894 0.127925 -0.000114
159 42 0.993894 0.125277 -0.000118
159 43 0.993893 0.122356 -0.000120
159 44 0.993892 0.119160 -0.000121
159 45 0.993892 0.115687 -0.000120
159 46 0.993891 0.111936 -0.000117
159 47 0.993890 0.107905 -0.000113
159 48 0.993890 0.103593 -0.000107
159 49 0.993889 0.098997 -0.000101
159 50 0.993888 0.094117 -0.000093
159 51 0.993888 0.088952 -0.000085
159 52 0.993887 0.083500 -0.000076
159 53 0.993887 0.077761 -0.000066
159 54 0.993886 0.071733 -0.000057
159 55 0.993886 0.065417 -0.000048
159 56 0.993885 0.058811 -0.000039
159 57 0.993885 0.051915 -0.000030
159 58 0.993884 0.044730 -0.000022
159 59 0.993884 0.037253 -0.000015
159 60 0.993883 0.029486 -0.000010
159 61 0.993882 0.021429 -0.000005
159 62 0.993882 0.013080 -0.000002
159 63 0.993881 0.004441 -0.000000
160 0 0.993736 0.004441 0.000000
160 1 0.993737 0.013080 0.000002
160 2 0.993738 0.021428 0.000005
160 3 0.993738 0.029486 0.000009
160 4 0.993739 0.037252 0.000015
160 5 0.993740 0.044729 0.000021
160 6 0.993740 0.051915 0.000029
160 7 0.993741 0.058811 0.000037
160 8 0.993741 0.065417 0.000046
160 9 0.993742 0.071734 0.000055
160 10 0.993742 0.077763 0.000064
160 11 0.993743 0.083503 0.000073
160 12 0.993743 0.088956 0.000082
160 13 0.993744 0.094123 0.000090
160 14 0.993744 0.099004 0.000097
160 15 0.993745 0.103602 0.000104
160 16 0.993746 0.107916 0.000109
160 17 0.993746 0.111949 0.000113
160 18 0.993747 0.115702 0.000116
160 19 0.993748 0.119177 0.000117
160 20 0.993748 0.122375 0.000116
160 21 0.993749 0.125299 0.000114
160 22 0.993750 0.127949 0.000110
160 23 0.993750 0.130328 0.000104
160 24 0.993751 0.132437 0.000096
160 25 0.993751 0.134279 0.000087
160 26 0.993752 0.135854 0.000076
160 27 0.993752 0.137165 0.000065
160 28 0.993753 0.138211 0.000051
160 29 0.993753 0.138995 0.000037
160 30 0.993753 0.139518 0.000023
160 31 0.993753 0.139779 0.000008
160 32 0.993753 0.139779 -0.000008
160 33 0.993753 0.139518 -0.000023
160 34 0.993753 0.138995 -0.000037
160 35 0.993753 0.138211 -0.000051
160 36 0.993752 0.137165 -0.000065
160 37 0.993752 0.135854 -0.000076
160 38 0.993751 0.134279 -0.000087
160 39 0.993751 0.132437 -0.000096
160 40 0.993750 0.130328 -0.000104
160 41 0.993750 0.127949 -0.000110
160 42 0.993749 0.125299 -0.000114
160 43 0.993748 0.122375 -0.000116
160 44 0.993748 0.119177 -0.000117
160 45 0.993747 0.115702 -0.000116
160 46 0.993746 0.111949 -0.000113
160 47 0.993746 0.107916 -0.000109
160 48 0.993745 0.103602 -0.000104
160 49 0.993744 0.099004 -0.000097
160 50 0.993744 0.094123 -0.000090
160 51 0.993743 0.088956 -0.000082
160 52 0.993743 0.083503 -0.000073
160 53 0.993742 0.077763 -0.000064
160 54 0.993742 0.071734 -0.000055
160 55 0.993741 0.065417 -0.000046
160 56 0.993741 0.058811 -0.000037
160 57 0.993740 0.051915 -0.000029
160 58 0.993740 0.044729 -0.000021
160 59 0.993739 0.037252 -0.000015
160 60 0.993738 0.029486 -0.000009
160 61 0.993738 0.021428 -0.000005
160 62 0.993737 0.013080 -0.000002
160 63 0.993736 0.004441 -0.000000
161 0 0.993592 0.004440 0.000000
161 1 0.993593 0.013079 0.000002
161 2 0.993593 0.021427 0.000005
161 3 0.993594 0.029485 0.000009
161 4 0.993595 0.037252 0.000014
161 5 0.993595 0.044728 0.000021
161 6 0.993596 0.051915 0.000028
161 7 0.993596 0.058811 0.000036
161 8 0.993597 0.065418 0.000044
161 9 0.993597 0.071736 0.000053
161 10 0.993598 0.077765 0.000062
161 11 0.993598 0.083507 0.000070
161 12 0.993599 0.088961 0.000079
161 13 0.993599 0.094129 0.000087
161 14 0.993600 0.099012 0.000094
161 15 0.993600 0.103611 0.000100
161 16 0.993601 0.107927 0.000105
161 17 0.993602 0.111962 0.000109
161 18 0.993602 0.115717 0.000112
161 19 0.993603 0.119194 0.000113
161 20 0.993604 0.122395 0.000112
161 21 0.993604 0.125320 0.000110
161 22 0.993605 0.127972 0.000106
161 23 0.993606 0.130353 0.000100
161 24 0.993606 0.132465 0.000093
161 25 0.993607 0.134308 0.000084
161 26 0.993607 0.135885 0.000074
161 27 0.993608 0.137197 0.000062
161 28 0.993608 0.138245 0.000050
161 29 0.993608 0.139030 0.000036
161 30 0.993608 0.139553 0.000022
161 31 0.993609 0.139814 0.000007
161 32 0.993609 0.139814 -0.000007
161 33 0.993608 0.139553 -0.000022
161 34 0.993608 0.139030 -0.000036
161 35 0.993608 0.138245 -0.000050
161 36 0.993608 0.137197 -0.000062
161 37 0.993607 0.135885 -0.000074
161 38 0.993607 0.134308 -0.000084
161 39 0.993606 0.132465 -0.000093
161 40 0.993606 0.130353 -0.000100
161 41 0.993605 0.127972 -0.000106
161 42 0.993604 0.125320 -0.000110
161 43 0.993604 0.122395 -0.000112
161 44 0.993603 0.119194 -0.000113
161 45 0.993602 0.115717 -0.000112
161 46 0.993602 0.111962 -0.000109
161 47 0.993601 0.107927 -0.000105
161 48 0.993600 0.103611 -0.000100
161 49 0.993600 0.099012 -0.000094
161 50 0.993599 0.094129 -0.000087
161 51 0.993599 0.088961 -0.000079
161 52 0.993598 0.083507 -0.000070
161 53 0.993598 0.077765 -0.000062
161 54 0.993597 0.071736 -0.000053
161 55 0.993597 0.065418 -0.000044
161 56 0.993596 0.058811 -0.000036
161 57 0.993596 0.051915 -0.000028
161 58 0.993595 0.044728 -0.000021
161 59 0.993595 0.037252 -0.000014
161 60 0.993594 0.029485 -0.000009
161 61 0.993593 0.021427 -0.000005
161 62 0.993593 0.013079 -0.000002
161 63 0.993592 0.004440 -0.000000
162 0 0.993448 0.004440 0.000000
162 1 0.993448 0.013079 0.000002
162 2 0.993449 0.021427 0.000005
162 3 0.993450 0.029484 0.000009
162 4 0.993450 0.037251 0.000014
162 5 0.993451 0.044728 0.000020
162 6 0.993451 0.051915 0.000027
162 7 0.993452 0.058812 0.000034
162 8 0.993452 0.065419 0.000043
162 9 0.993453 0.071738 0.000051
162 10 0.993453 0.077768 0.000059
162 11 0.993454 0.083510 0.000068
162 12 0.993454 0.088966 0.000076
162 13 0.993455 0.094135 0.000083
162 14 0.993455 0.099020 0.000090
162 15 0.993456 0.103620 0.000096
162 16 0.993456 0.107938 0.000101
162 17 0.993457 0.111975 0.000105
162 18 0.993458 0.115732 0.000108
162 19 0.993458 0.119211 0.000109
162 20 0.993459 0.122414 0.000108
162 21 0.993460 0.125341 0.000106
162 22 0.993460 0.127996 0.000102
162 23 0.993461 0.130379 0.000097
162 24 0.993462 0.132492 0.000090
162 25 0.993462 0.134337 0.000081
162 26 0.993463 0.135916 0.000071
162 27 0.993463 0.137229 0.000060
162 28 0.993463 0.138278 0.000048
162 29 0.993464 0.139064 0.000035
162 30 0.993464 0.139587 0.000021
162 31 0.993464 0.139849 0.000007
162 32 0.993464 0.139849 -0.000007
162 33 0.993464 0.139587 -0.000021
162 34 0.993464 0.139064 -0.000035
162 35 0.993463 0.138278 -0.000048
162 36 0.993463 0.137229 -0.000060
162 37 0.993463 0.135916 -0.000071
162 38 0.993462 0.134337 -0.000081
162 39 0.993462 0.132492 -0.000090
162 40 0.993461 0.130379 -0.000097
162 41 0.993460 0.127996 -0.000102
162 42 0.993460 0.125341 -0.000106
162 43 0.993459 0.122414 -0.000108
162 44 0.993458 0.119211 -0.000109
162 45 0.993458 0.115732 -0.000108
162 46 0.993457 0.111975 -0.000105
162 47 0.993456 0.107938 -0.000101
162 48 0.993456 0.103620 -0.000096
162 49 0.993455 0.099020 -0.000090
162 50 0.993455 0.094135 -0.000083
162 51 0.993454 0.088966 -0.000076
162 52 0.993454 0.083510 -0.000068
162 53 0.993453 0.077768 -0.000059
162 54 0.993453 0.071738 -0.000051
162 55 0.993452 0.065419 -0.000043
162 56 0.993452 0.058812 -0.000034
162 57 0.993451 0.051915 -0.000027
162 58 0.993451 0.044728 -0.000020
162 59 0.993450 0.037251 -0.000014
162 60 0.993450 0.029484 -0.000009
162 61 0.993449 0.021427 -0.000005
162 62 0.993448 0.013079 -0.000002
162 63 0.993448 0.004440 -0.000000
163 0 0.993303 0.004440 0.000000
163 1 0.993304 0.013079 0.000002
163 2 0.993305 0.021427 0.000004
163 3 0.993305 0.029484 0.000008
163 4 0.993306 0.037251 0.000013
163 5 0.993306 0.044728 0.000019
163 6 0.993307 0.051915 0.000026
163 7 0.993307 0.058813 0.000033
163 8 0.993308 0.065421 0.000041
163 9 0.993308 0.071740 0.000049
163 10 0.993309 0.077771 0.000057
163 11 0.993309 0.083514 0.000065
163 12 0.993310 0.088971 0.000073
163 13 0.993310 0.094142 0.000080
163 14 0.993311 0.099028 0.000087
163 15 0.993311 0.103630 0.000093
163 16 0.993312 0.107950 0.000098
163 17 0.993313 0.111989 0.000101
163 18 0.993313 0.115748 0.000104
163 19 0.993314 0.119228 0.000105
163 20 0.993315 0.122433 0.000104
163 21 0.993315 0.125362 0.000102
163 22 0.993316 0.128019 0.000098
163 23 0.993317 0.130404 0.000093
163 24 0.993317 0.132519 0.000086
163 25 0.993318 0.134366 0.000078
163 26 0.993318 0.135946 0.000069
163 27 0.993319 0.137260 0.000058
163 28 0.993319 0.138310 0.000046
163 29 0.993319 0.139097 0.000034
163 30 0.993319 0.139621 0.000020
163 31 0.993319 0.139883 0.000007
163 32 0.993319 0.139883 -0.000007
163 33 0.993319 0.139621 -0.000020
163 34 0.993319 0.139097 -0.000034
163 35 0.993319 0.138310 -0.000046
163 36 0.993319 0.137260 -0.000058
163 37 0.993318 0.135946 -0.000069
163 38 0.993318 0.134366 -0.000078
163 39 0.993317 0.132519 -0.000086
163 40 0.993317 0.130404 -0.000093
163 41 0.993316 0.128019 -0.000098
163 42 0.993315 0.125362 -0.000102
163 43 0.993315 0.122433 -0.000104
163 44 0.993314 0.119228 -0.000105
163 45 0.993313 0.115748 -0.000104
163 46 0.993313 0.111989 -0.000101
163 47 0.993312 0.107950 -0.000098
163 48 0.993311 0.103630 -0.000093
163 49 0.993311 0.099028 -0.000087
163 50 0.993310 0.094142 -0.000080
163 51 0.993310 0.088971 -0.000073
163 52 0.993309 0.083514 -0.000065
163 53 0.993309 0.077771 -0.000057
163 54 0.993308 0.071740 -0.000049
163 55 0.993308 0.065421 -0.000041
163 56 0.993307 0.058813 -0.000033
163 57 0.993307 0.051915 -0.000026
163 58 0.993306 0.044728 -0.000019
163 59 0.993306 0.037251 -0.000013
163 60 0.993305 0.029484 -0.000008
163 61 0.993305 0.021427 -0.000004
163 62 0.993304 0.013079 -0.000002
163 63 0.993303 0.004440 -0.000000
164 0 0.993159 0.004440 0.000000
164 1 0.993160 0.013079 0.000002
164 2 0.993160 0.021426 0.000004
164 3 0.993161 0.029484 0.000008
164 4 0.993162 0.037251 0.000013
164 5 0.993162 0.044729 0.000018
164 6 0.993162 0.051916 0.000025
164 7 0.993163 0.058814 0.000032
164 8 0.993163 0.065422 0.000039
164 9 0.993164 0.071742 0.000047
164 10 0.993164 0.077774 0.000055
164 11 0.993165 0.083519 0.000063
164 12 0.993165 0.088976 0.000070
164 13 0.993166 0.094149 0.000077
164 14 0.993166 0.099036 0.000084
164 15 0.993167 0.103640 0.000090
164 16 0.993168 0.107961 0.000094
164 17 0.993168 0.112002 0.000098
164 18 0.993169 0.115763 0.000100
164 19 0.993170 0.119246 0.000101
164 20 0.993170 0.122452 0.000100
164 21 0.993171 0.125384 0.000098
164 22 0.993171 0.128042 0.000095
164 23 0.993172 0.130429 0.000090
164 24 0.993173 0.132546 0.000083
164 25 0.993173 0.134394 0.000075
164 26 0.993174 0.135976 0.000066
164 27 0.993174 0.137291 0.000056
164 28 0.993174 0.138343 0.000044
164 29 0.993175 0.139130 0.000032
164 30 0.993175 0.139655 0.000020
164 31 0.993175 0.139917 0.000007
164 32 0.993175 0.139917 -0.000007
164 33 0.993175 0.139655 -0.000020
164 34 0.993175 0.139130 -0.000032
164 35 0.993174 0.138343 -0.000044
164 36 0.993174 0.137291 -0.000056
164 37 0.993174 0.135976 -0.000066
164 38 0.993173 0.134394 -0.000075
164 39 0.993173 0.132546 -0.000083
164 40 0.993172 0.130429 -0.000090
164 41 0.993171 0.128042 -0.000095
164 42 0.993171 0.125384 -0.000098
164 43 0.993170 0.122452 -0.000100
164 44 0.993170 0.119246 -0.000101
164 45 0.993169 0.115763 -0.000100
164 46 0.993168 0.112002 -0.000098
164 47 0.993168 0.107961 -0.000094
164 48 0.993167 0.103640 -0.000090
164 49 0.993166 0.099036 -0.000084
164 50 0.993166 0.094149 -0.000077
164 51 0.993165 0.088976 -0.000070
164 52 0.993165 0.083519 -0.000063
164 53 0.993164 0.077774 -0.000055
164 54 0.993164 0.071742 -0.000047
164 55 0.993163 0.065422 -0.000039
164 56 0.993163 0.058814 -0.000032
164 57 0.993162 0.051916 -0.000025
164 58 0.993162 0.044729 -0.000018
164 59 0.993162 0.037251 -0.000013
164 60 0.993161 0.029484 -0.000008
164 61 0.993160 0.021426 -0.000004
164 62 0.993160 0.013079 -0.000002
164 63 0.993159 0.004440 -0.000000
165 0 0.993015 0.004440 0.000000
165 1 0.993016 0.013078 0.000002
165 2 0.993016 0.021426 0.000004
165 3 0.993017 0.029484 0.000008
165 4 0.993017 0.037252 0.000012
165 5 0.993018 0.044729 0.000018
165 6 0.993018 0.051917 0.000024
165 7 0.993019 0.058815 0.000031
165 8 0.993019 0.065424 0.000038
165 9 0.993020 0.071745 0.000045
165 10 0.993020 0.077778 0.000053
165 11 0.993020 0.083523 0.000060
165 12 0.993021 0.088982 0.000068
165 13 0.993021 0.094156 0.000074
165 14 0.993022 0.099044 0.000081
165 15 0.993023 0.103650 0.000086
165 16 0.993023 0.107973 0.000091
165 17 0.993024 0.112015 0.000094
165 18 0.993025 0.115778 0.000096
165 19 0.993025 0.119263 0.000097
165 20 0.993026 0.122471 0.000097
165 21 0.993026 0.125404 0.000095
165 22 0.993027 0.128065 0.000091
165 23 0.993028 0.130453 0.000087
165 24 0.993028 0.132572 0.000080
165 25 0.993029 0.134422 0.000073
165 26 0.993029 0.136005 0.000064
165 27 0.993030 0.137322 0.000054
165 28 0.993030 0.138374 0.000043
165 29 0.993030 0.139162 0.000031
165 30 0.993031 0.139688 0.000019
165 31 0.993031 0.139950 0.000006
165 32 0.993031 0.139950 -0.000006
165 33 0.993031 0.139688 -0.000019
165 34 0.993030 0.139162 -0.000031
165 35 0.993030 0.138374 -0.000043
165 36 0.993030 0.137322 -0.000054
165 37 0.993029 0.136005 -0.000064
165 38 0.993029 0.134422 -0.000073
165 39 0.993028 0.132572 -0.000080
165 40 0.993028 0.130453 -0.000087
165 41 0.993027 0.128065 -0.000091
165 42 0.993026 0.125404 -0.000095
165 43 0.993026 0.122471 -0.000097
165 44 0.993025 0.119263 -0.000097
165 45 0.993025 0.115778 -0.000096
165 46 0.993024 0.112015 -0.000094
165 47 0.993023 0.107973 -0.000091
165 48 0.993023 0.103650 -0.000086
165 49 0.993022 0.099044 -0.000081
165 50 0.993021 0.094156 -0.000074
165 51 0.993021 0.088982 -0.000068
165 52 0.993020 0.083523 -0.000060
165 53 0.993020 0.077778 -0.000053
165 54 0.993020 0.071745 -0.000045
165 55 0.993019 0.065424 -0.000038
165 56 0.993019 0.058815 -0.000031
165 57 0.993018 0.051917 -0.000024
165 58 0.993018 0.044729 -0.000018
165 59 0.993017 0.037252 -0.000012
165 60 0.993017 0.029484 -0.000008
165 61 0.993016 0.021426 -0.000004
165 62 0.993016 0.013078 -0.000002
165 63 0.993015 0.004440 -0.000000
166 0 0.992871 0.004440 0.000000
166 1 0.992872 0.013078 0.000001
166 2 0.992872 0.021427 0.000004
166 3 0.992873 0.029484 0.000007
166 4 0.992873 0.037252 0.000012
166 5 0.992874 0.044730 0.000017
166 6 0.992874 0.051918 0.000023
166 7 0.992874 0.058817 0.000029
166 8 0.992875 0.065427 0.000036
166 9 0.992875 0.071748 0.000044
166 10 0.992876 0.077782 0.000051
166 11 0.992876 0.083528 0.000058
166 12 0.992877 0.088988 0.000065
166 13 0.992877 0.094163 0.000072
166 14 0.992878 0.099053 0.000078
166 15 0.992878 0.103660 0.000083
166 16 0.992879 0.107985 0.000087
166 17 0.992880 0.112029 0.000090
166 18 0.992880 0.115793 0.000093
166 19 0.992881 0.119280 0.000093
166 20 0.992882 0.122490 0.000093
166 21 0.992882 0.125425 0.000091
166 22 0.992883 0.128087 0.000088
166 23 0.992883 0.130478 0.000083
166 24 0.992884 0.132598 0.000077
166 25 0.992885 0.134450 0.000070
166 26 0.992885 0.136034 0.000061
166 27 0.992885 0.137352 0.000052
166 28 0.992886 0.138405 0.000041
166 29 0.992886 0.139194 0.000030
166 30 0.992886 0.139720 0.000018
166 31 0.992886 0.139983 0.000006
166 32 0.992886 0.139983 -0.000006
166 33 0.992886 0.139720 -0.000018
166 34 0.992886 0.139194 -0.000030
166 35 0.992886 0.138405 -0.000041
166 36 0.992885 0.137352 -0.000052
166 37 0.992885 0.136034 -0.000061
166 38 0.992885 0.134450 -0.000070
166 39 0.992884 0.132598 -0.000077
166 40 0.992883 0.130478 -0.000083
166 41 0.992883 0.128087 -0.000088
166 42 0.992882 0.125425 -0.000091
166 43 0.992882 0.122490 -0.000093
166 44 0.992881 0.119280 -0.000093
166 45 0.992880 0.115793 -0.000093
166 46 0.992880 0.112029 -0.000090
166 47 0.992879 0.107985 -0.000087
166 48 0.992878 0.103660 -0.000083
166 49 0.992878 0.099053 -0.000078
166 50 0.992877 0.094163 -0.000072
166 51 0.992877 0.088988 -0.000065
166 52 0.992876 0.083528 -0.000058
166 53 0.992876 0.077782 -0.000051
166 54 0.992875 0.071748 -0.000044
166 55 0.992875 0.065427 -0.000036
166 56 0.992874 0.058817 -0.000029
166 57 0.992874 0.051918 -0.000023
166 58 0.992874 0.044730 -0.000017
166 59 0.992873 0.037252 -0.000012
166 60 0.992873 0.029484 -0.000007
166 61 0.992872 0.021427 -0.000004
166 62 0.992872 0.013078 -0.000001
166 63 0.992871 0.004440 -0.000000
167 0 0.992727 0.004440 0.000000
167 1 0.992727 0.013079 0.000001
167 2 0.992728 0.021427 0.000004
167 3 0.992728 0.029485 0.000007
167 4 0.992729 0.037253 0.000011
167 5 0.992729 0.044731 0.000016
167 6 0.992730 0.051919 0.000022
167 7 0.992730 0.058819 0.000028
167 8 0.992731 0.065429 0.000035
167 9 0.992731 0.071751 0.000042
167 10 0.992732 0.077786 0.000049
167 11 0.992732 0.083533 0.000056
167 12 0.992732 0.088994 0.000062
167 13 0.992733 0.094170 0.000069
167 14 0.992734 0.099062 0.000074
167 15 0.992734 0.103670 0.000080
167 16 0.992735 0.107997 0.000084
167 17 0.992735 0.112042 0.000087
167 18 0.992736 0.115809 0.000089
167 19 0.992737 0.119297 0.000090
167 20 0.992737 0.122509 0.000089
167 21 0.992738 0.125446 0.000088
167 22 0.992739 0.128110 0.000085
167 23 0.992739 0.130502 0.000080
167 24 0.992740 0.132624 0.000074
167 25 0.992740 0.134477 0.000067
167 26 0.992741 0.136063 0.000059
167 27 0.992741 0.137382 0.000050
167 28 0.992742 0.138436 0.000040
167 29 0.992742 0.139226 0.000029
167 30 0.992742 0.139752 0.000018
167 31 0.992742 0.140015 0.000006
167 32 0.992742 0.140015 -0.000006
167 33 0.992742 0.139752 -0.000018
167 34 0.992742 0.139226 -0.000029
167 35 0.992742 0.138436 -0.000040
167 36 0.992741 0.137382 -0.000050
167 37 0.992741 0.136063 -0.000059
167 38 0.992740 0.134477 -0.000067
167 39 0.992740 0.132624 -0.000074
167 40 0.992739 0.130502 -0.000080
167 41 0.992739 0.128110 -0.000085
167 42 0.992738 0.125446 -0.000088
167 43 0.992737 0.122509 -0.000089
167 44 0.992737 0.119297 -0.000090
167 45 0.992736 0.115809 -0.000089
167 46 0.992735 0.112042 -0.000087
167 47 0.992735 0.107997 -0.000084
167 48 0.992734 0.103670 -0.000080
167 49 0.992734 0.099062 -0.000074
167 50 0.992733 0.094170 -0.000069
167 51 0.992732 0.088994 -0.000062
167 52 0.992732 0.083533 -0.000056
167 53 0.992732 0.077786 -0.000049
167 54 0.992731 0.071751 -0.000042
167 55 0.992731 0.065429 -0.000035
167 56 0.992730 0.058819 -0.000028
167 57 0.992730 0.051919 -0.000022
167 58 0.992729 0.044731 -0.000016
167 59 0.992729 0.037253 -0.000011
167 60 0.992728 0.029485 -0.000007
167 61 0.992728 0.021427 -0.000004
167 62 0.992727 0.013079 -0.000001
167 63 0.992727 0.004440 -0.000000
168 0 0.992583 0.004440 0.000000
168 1 0.992583 0.013079 0.000001
168 2 0.992584 0.021427 0.000004
168 3 0.992584 0.029485 0.000007
168 4 0.992585 0.037254 0.000011
168 5 0.992585 0.044732 0.000016
168 6 0.992586 0.051921 0.000021
168 7 0.992586 0.058821 0.000027
168 8 0.992586 0.065432 0.000033
168 9 0.992587 0.071755 0.000040
168 10 0.992587 0.077790 0.000047
168 11 0.992588 0.083539 0.000053
168 12 0.992588 0.089001 0.000060
168 13 0.992589 0.094178 0.000066
168 14 0.992589 0.099071 0.000071
168 15 0.992590 0.103681 0.000076
168 16 0.992591 0.108009 0.000080
168 17 0.992591 0.112056 0.000083
168 18 0.992592 0.115824 0.000085
168 19 0.992593 0.119314 0.000086
168 20 0.992593 0.122528 0.000086
168 21 0.992594 0.125467 0.000084
168 22 0.992595 0.128132 0.000081
168 23 0.992595 0.130526 0.000077
168 24 0.992596 0.132649 0.000071
168 25 0.992596 0.134504 0.000065
168 26 0.992597 0.136091 0.000057
168 27 0.992597 0.137411 0.000048
168 28 0.992598 0.138467 0.000038
168 29 0.992598 0.139257 0.000028
168 30 0.992598 0.139784 0.000017
168 31 0.992598 0.140047 0.000006
168 32 0.992598 0.140047 -0.000006
168 33 0.992598 0.139784 -0.000017
168 34 0.992598 0.139257 -0.000028
168 35 0.992598 0.138467 -0.000038
168 36 0.992597 0.137411 -0.000048
168 37 0.992597 0.136091 -0.000057
168 38 0.992596 0.134504 -0.000065
168 39 0.992596 0.132649 -0.000071
168 40 0.992595 0.130526 -0.000077
168 41 0.992595 0.128132 -0.000081
168 42 0.992594 0.125467 -0.000084
168 43 0.992593 0.122528 -0.000086
168 44 0.992593 0.119314 -0.000086
168 45 0.992592 0.115824 -0.000085
168 46 0.992591 0.112056 -0.000083
168 47 0.992591 0.108009 -0.000080
168 48 0.992590 0.103681 -0.000076
168 49 0.992589 0.099071 -0.000071
168 50 0.992589 0.094178 -0.000066
168 51 0.992588 0.089001 -0.000060
168 52 0.992588 0.083539 -0.000053
168 53 0.992587 0.077790 -0.000047
168 54 0.992587 0.071755 -0.000040
168 55 0.992586 0.065432 -0.000033
168 56 0.992586 0.058821 -0.000027
168 57 0.992586 0.051921 -0.000021
168 58 0.992585 0.044732 -0.000016
168 59 0.992585 0.037254 -0.000011
168 60 0.992584 0.029485 -0.000007
168 61 0.992584 0.021427 -0.000004
168 62 0.992583 0.013079 -0.000001
168 63 0.992583 0.004440 -0.000000
169 0 0.992439 0.004440 0.000000
169 1 0.992439 0.013079 0.000001
169 2 0.992440 0.021428 0.000003
169 3 0.992440 0.029486 0.000006
169 4 0.992441 0.037255 0.000010
169 5 0.992441 0.044734 0.000015
169 6 0.992442 0.051923 0.000020
169 7 0.992442 0.058823 0.000026
169 8 0.992442 0.065435 0.000032
169 9 0.992443 0.071759 0.000038
169 10 0.992443 0.077795 0.000045
169 11 0.992444 0.083544 0.000051
169 12 0.992444 0.089008 0.000057
169 13 0.992445 0.094186 0.000063
169 14 0.992445 0.099080 0.000068
169 15 0.992446 0.103691 0.000073
169 16 0.992447 0.108021 0.000077
169 17 0.992447 0.112070 0.000080
169 18 0.992448 0.115839 0.000082
169 19 0.992449 0.119331 0.000083
169 20 0.992449 0.122547 0.000082
169 21 0.992450 0.125487 0.000081
169 22 0.992451 0.128154 0.000078
169 23 0.992451 0.130550 0.000074
169 24 0.992452 0.132675 0.000068
169 25 0.992452 0.134531 0.000062
169 26 0.992453 0.136119 0.000054
169 27 0.992453 0.137441 0.000046
169 28 0.992454 0.138497 0.000037
169 29 0.992454 0.139288 0.000027
169 30 0.992454 0.139815 0.000016
169 31 0.992454 0.140078 0.000005
169 32 0.992454 0.140078 -0.000005
169 33 0.992454 0.139815 -0.000016
169 34 0.992454 0.139288 -0.000027
169 35 0.992454 0.138497 -0.000037
169 36 0.992453 0.137441 -0.000046
169 37 0.992453 0.136119 -0.000054
169 38 0.992452 0.134531 -0.000062
169 39 0.992452 0.132675 -0.000068
169 40 0.992451 0.130550 -0.000074
169 41 0.992451 0.128154 -0.000078
169 42 0.992450 0.125487 -0.000081
169 43 0.992449 0.122547 -0.000082
169 44 0.992449 0.119331 -0.000083
169 45 0.992448 0.115839 -0.000082
169 46 0.992447 0.112070 -0.000080
169 47 0.992447 0.108021 -0.000077
169 48 0.992446 0.103691 -0.000073
169 49 0.992445 0.099080 -0.000068
169 50 0.992445 0.094186 -0.000063
169 51 0.992444 0.089008 -0.000057
169 52 0.992444 0.083544 -0.000051
169 53 0.992443 0.077795 -0.000045
169 54 0.992443 0.071759 -0.000038
169 55 0.992442 0.065435 -0.000032
169 56 0.992442 0.058823 -0.000026
169 57 0.992442 0.051923 -0.000020
169 58 0.992441 0.044734 -0.000015
169 59 0.992441 0.037255 -0.000010
169 60 0.992440 0.029486 -0.000006
169 61 0.992440 0.021428 -0.000003
169 62 0.992439 0.013079 -0.000001
169 63 0.992439 0.004440 -0.000000
170 0 0.992295 0.004440 0.000000
170 1 0.992295 0.013079 0.000001
170 2 0.992296 0.021428 0.000003
170 3 0.992296 0.029487 0.000006
170 4 0.992297 0.037256 0.000010
170 5 0.992297 0.044735 0.000014
170 6 0.992298 0.051925 0.000019
170 7 0.992298 0.058826 0.000025
170 8 0.992298 0.065439 0.000030
170 9 0.992299 0.071763 0.000036
170 10 0.992299 0.077800 0.000043
170 11 0.992300 0.083550 0.000049
170 12 0.992300 0.089015 0.000055
170 13 0.992301 0.094194 0.000060
170 14 0.992301 0.099090 0.000065
170 15 0.992302 0.103702 0.000070
170 16 0.992303 0.108033 0.000074
170 17 0.992303 0.112083 0.000076
170 18 0.992304 0.115855 0.000078
170 19 0.992305 0.119348 0.000079
170 20 0.992305 0.122565 0.000079
170 21 0.992306 0.125507 0.000077
170 22 0.992307 0.128176 0.000075
170 23 0.992307 0.130573 0.000071
170 24 0.992308 0.132700 0.000066
170 25 0.992308 0.134557 0.000059
170 26 0.992309 0.136147 0.000052
170 27 0.992309 0.137469 0.000044
170 28 0.992310 0.138526 0.000035
170 29 0.992310 0.139318 0.000025
170 30 0.992310 0.139846 0.000015
170 31 0.992310 0.140109 0.000005
170 32 0.992310 0.140109 -0.000005
170 33 0.992310 0.139846 -0.000015
170 34 0.992310 0.139318 -0.000025
170 35 0.992310 0.138526 -0.000035
170 36 0.992309 0.137469 -0.000044
170 37 0.992309 0.136147 -0.000052
170 38 0.992308 0.134557 -0.000059
170 39 0.992308 0.132700 -0.000066
170 40 0.992307 0.130573 -0.000071
170 41 0.992307 0.128176 -0.000075
170 42 0.992306 0.125507 -0.000077
170 43 0.992305 0.122565 -0.000079
170 44 0.992305 0.119348 -0.000079
170 45 0.992304 0.115855 -0.000078
170 46 0.992303 0.112083 -0.000076
170 47 0.992303 0.108033 -0.000074
170 48 0.992302 0.103702 -0.000070
170 49 0.992301 0.099090 -0.000065
170 50 0.992301 0.094194 -0.000060
170 51 0.992300 0.089015 -0.000055
170 52 0.992300 0.083550 -0.000049
170 53 0.992299 0.077800 -0.000043
170 54 0.992299 0.071763 -0.000036
170 55 0.992298 0.065439 -0.000030
170 56 0.992298 0.058826 -0.000025
170 57 0.992298 0.051925 -0.000019
170 58 0.992297 0.044735 -0.000014
170 59 0.992297 0.037256 -0.000010
170 60 0.992296 0.029487 -0.000006
170 61 0.992296 0.021428 -0.000003
170 62 0.992295 0.013079 -0.000001
170 63 0.992295 0.004440 -0.000000
171 0 0.992151 0.004440 0.000000
171 1 0.992152 0.013080 0.000001
171 2 0.992152 0.021429 0.000003
171 3 0.992152 0.029488 0.000006
171 4 0.992153 0.037257 0.000009
171 5 0.992153 0.044737 0.000013
171 6 0.992154 0.051928 0.000018
171 7 0.992154 0.058829 0.000023
171 8 0.992154 0.065442 0.000029
171 9 0.992155 0.071767 0.000035
171 10 0.992155 0.077805 0.000041
171 11 0.992156 0.083557 0.000046
171 12 0.992156 0.089022 0.000052
171 13 0.992157 0.094203 0.000057
171 14 0.992157 0.099099 0.000062
171 15 0.992158 0.103713 0.000067
171 16 0.992159 0.108046 0.000070
171 17 0.992159 0.112097 0.000073
171 18 0.992160 0.115870 0.000075
171 19 0.992161 0.119365 0.000076
171 20 0.992161 0.122584 0.000075
171 21 0.992162 0.125528 0.000074
171 22 0.992163 0.128198 0.000071
171 23 0.992163 0.130597 0.000068
171 24 0.992164 0.132725 0.000063
171 25 0.992165 0.134583 0.000057
171 26 0.992165 0.136174 0.000050
171 27 0.992166 0.137497 0.000042
171 28 0.992166 0.138555 0.000034
171 29 0.992166 0.139348 0.000024
171 30 0.992166 0.139876 0.000015
171 31 0.992166 0.140140 0.000005
171 32 0.992166 0.140140 -0.000005
171 33 0.992166 0.139876 -0.000015
171 34 0.992166 0.139348 -0.000024
171 35 0.992166 0.138555 -0.000034
171 36 0.992166 0.137497 -0.000042
171 37 0.992165 0.136174 -0.000050
171 38 0.992165 0.134583 -0.000057
171 39 0.992164 0.132725 -0.000063
171 40 0.992163 0.130597 -0.000068
171 41 0.992163 0.128198 -0.000071
171 42 0.992162 0.125528 -0.000074
171 43 0.992161 0.122584 -0.000075
171 44 0.992161 0.119365 -0.000076
171 45 0.992160 0.115870 -0.000075
171 46 0.992159 0.112097 -0.000073
171 47 0.992159 0.108046 -0.000070
171 48 0.992158 0.103713 -0.000067
171 49 0.992157 0.099099 -0.000062
171 50 0.992157 0.094203 -0.000057
171 51 0.992156 0.089022 -0.000052
171 52 0.992156 0.083557 -0.000046
171 53 0.992155 0.077805 -0.000041
171 54 0.992155 0.071767 -0.000035
171 55 0.992154 0.065442 -0.000029
171 56 0.992154 0.058829 -0.000023
171 57 0.992154 0.051928 -0.000018
171 58 0.992153 0.044737 -0.000013
171 59 0.992153 0.037257 -0.000009
171 60 0.992152 0.029488 -0.000006
171 61 0.992152 0.021429 -0.000003
171 62 0.992152 0.013080 -0.000001
171 63 0.992151 0.004440 -0.000000
172 0 0.992007 0.004441 0.000000
172 1 0.992008 0.013080 0.000001
172 2 0.992008 0.021430 0.000003
172 3 0.992008 0.029489 0.000005
172 4 0.992009 0.037259 0.000009
172 5 0.992009 0.044739 0.000013
172 6 0.992010 0.051930 0.000017
172 7 0.992010 0.058832 0.000022
172 8 0.992010 0.065446 0.000027
172 9 0.992011 0.071772 0.000033
172 10 0.992011 0.077811 0.000038
172 11 0.992012 0.083563 0.000044
172 12 0.992012 0.089030 0.000049
172 13 0.992013 0.094211 0.000055
172 14 0.992013 0.099109 0.000059
172 15 0.992014 0.103724 0.000063
172 16 0.992015 0.108058 0.000067
172 17 0.992015 0.112111 0.000069
172 18 0.992016 0.115886 0.000071
172 19 0.992017 0.119382 0.000072
172 20 0.992017 0.122602 0.000072
172 21 0.992018 0.125548 0.000070
172 22 0.992019 0.128220 0.000068
172 23 0.992020 0.130620 0.000064
172 24 0.992020 0.132749 0.000060
172 25 0.992021 0.134609 0.000054
172 26 0.992021 0.136201 0.000048
172 27 0.992022 0.137525 0.000040
172 28 0.992022 0.138584 0.000032
172 29 0.992022 0.139377 0.000023
172 30 0.992023 0.139906 0.000014
172 31 0.992023 0.140170 0.000005
172 32 0.992023 0.140170 -0.000005
172 33 0.992023 0.139906 -0.000014
172 34 0.992022 0.139377 -0.000023
172 35 0.992022 0.138584 -0.000032
172 36 0.992022 0.137525 -0.000040
172 37 0.992021 0.136201 -0.000048
172 38 0.992021 0.134609 -0.000054
172 39 0.992020 0.132749 -0.000060
172 40 0.992020 0.130620 -0.000064
172 41 0.992019 0.128220 -0.000068
172 42 0.992018 0.125548 -0.000070
172 43 0.992017 0.122602 -0.000072
172 44 0.992017 0.119382 -0.000072
172 45 0.992016 0.115886 -0.000071
172 46 0.992015 0.112111 -0.000069
172 47 0.992015 0.108058 -0.000067
172 48 0.992014 0.103724 -0.000063
172 49 0.992013 0.099109 -0.000059
172 50 0.992013 0.094211 -0.000055
172 51 0.992012 0.089030 -0.000049
172 52 0.992012 0.083563 -0.000044
172 53 0.992011 0.077811 -0.000038
172 54 0.992011 0.071772 -0.000033
172 55 0.992010 0.065446 -0.000027
172 56 0.992010 0.058832 -0.000022
172 57 0.992010 0.051930 -0.000017
172 58 0.992009 0.044739 -0.000013
172 59 0.992009 0.037259 -0.000009
172 60 0.992008 0.029489 -0.000005
172 61 0.992008 0.021430 -0.000003
172 62 0.992008 0.013080 -0.000001
172 63 0.992007 0.004441 -0.000000
173 0 0.991863 0.004441 0.000000
173 1 0.991864 0.013081 0.000001
173 2 0.991864 0.021431 0.000003
173 3 0.991865 0.029491 0.000005
173 4 0.991865 0.037261 0.000008
173 5 0.991865 0.044742 0.000012
173 6 0.991866 0.051933 0.000016
173 7 0.991866 0.058836 0.000021
173 8 0.991866 0.065450 0.000026
173 9 0.991867 0.071777 0.000031
173 10 0.991867 0.077817 0.000036
173 11 0.991868 0.083570 0.000042
173 12 0.991868 0.089037 0.000047
173 13 0.991869 0.094220 0.000052
173 14 0.991869 0.099119 0.000056
173 15 0.991870 0.103736 0.000060
173 16 0.991871 0.108071 0.000063
173 17 0.991871 0.112125 0.000066
173 18 0.991872 0.115901 0.000068
173 19 0.991873 0.119399 0.000068
173 20 0.991874 0.122621 0.000068
173 21 0.991874 0.125568 0.000067
173 22 0.991875 0.128241 0.000065
173 23 0.991876 0.130643 0.000061
173 24 0.991877 0.132773 0.000057
173 25 0.991877 0.134634 0.000052
173 26 0.991878 0.136227 0.000045
173 27 0.991878 0.137553 0.000038
173 28 0.991879 0.138612 0.000031
173 29 0.991879 0.139406 0.000022
173 30 0.991879 0.139935 0.000013
173 31 0.991879 0.140199 0.000005
173 32 0.991879 0.140199 -0.000005
173 33 0.991879 0.139935 -0.000013
173 34 0.991879 0.139406 -0.000022
173 35 0.991879 0.138612 -0.000031
173 36 0.991878 0.137553 -0.000038
173 37 0.991878 0.136227 -0.000045
173 38 0.991877 0.134634 -0.000052
173 39 0.991877 0.132773 -0.000057
173 40 0.991876 0.130643 -0.000061
173 41 0.991875 0.128241 -0.000065
173 42 0.991874 0.125568 -0.000067
173 43 0.991874 0.122621 -0.000068
173 44 0.991873 0.119399 -0.000068
173 45 0.991872 0.115901 -0.000068
173 46 0.991871 0.112125 -0.000066
173 47 0.991871 0.108071 -0.000063
173 48 0.991870 0.103736 -0.000060
173 49 0.991869 0.099119 -0.000056
173 50 0.991869 0.094220 -0.000052
173 51 0.991868 0.089037 -0.000047
173 52 0.991868 0.083570 -0.000042
173 53 0.991867 0.077817 -0.000036
173 54 0.991867 0.071777 -0.000031
173 55 0.991866 0.065450 -0.000026
173 56 0.991866 0.058836 -0.000021
173 57 0.991866 0.051933 -0.000016
173 58 0.991865 0.044742 -0.000012
173 59 0.991865 0.037261 -0.000008
173 60 0.991865 0.029491 -0.000005
173 61 0.991864 0.021431 -0.000003
173 62 0.991864 0.013081 -0.000001
173 63 0.991863 0.004441 -0.000000
174 0 0.991720 0.004441 0.000000
174 1 0.991720 0.013081 0.000001
174 2 0.991720 0.021432 0.000003
174 3 0.991721 0.029492 0.000005
174 4 0.991721 0.037263 0.000008
174 5 0.991721 0.044744 0.000011
174 6 0.991722 0.051936 0.000015
174 7 0.991722 0.058840 0.000020
174 8 0.991723 0.065455 0.000024
174 9 0.991723 0.071782 0.000029
174 10 0.991723 0.077823 0.000034
174 11 0.991724 0.083577 0.000039
174 12 0.991724 0.089045 0.000044
174 13 0.991725 0.094229 0.000049
174 14 0.991726 0.099130 0.000053
174 15 0.991726 0.103747 0.000057
174 16 0.991727 0.108084 0.000060
174 17 0.991728 0.112140 0.000062
174 18 0.991728 0.115917 0.000064
174 19 0.991729 0.119416 0.000065
174 20 0.991730 0.122639 0.000065
174 21 0.991731 0.125588 0.000064
174 22 0.991732 0.128263 0.000061
174 23 0.991732 0.130665 0.000058
174 24 0.991733 0.132797 0.000054
174 25 0.991734 0.134660 0.000049
174 26 0.991734 0.136254 0.000043
174 27 0.991735 0.137580 0.000036
174 28 0.991735 0.138640 0.000029
174 29 0.991735 0.139435 0.000021
174 30 0.991736 0.139964 0.000013
174 31 0.991736 0.140228 0.000004
174 32 0.991736 0.140228 -0.000004
174 33 0.991736 0.139964 -0.000013
174 34 0.991735 0.139435 -0.000021
174 35 0.991735 0.138640 -0.000029
174 36 0.991735 0.137580 -0.000036
174 37 0.991734 0.136254 -0.000043
174 38 0.991734 0.134660 -0.000049
174 39 0.991733 0.132797 -0.000054
174 40 0.991732 0.130665 -0.000058
174 41 0.991732 0.128263 -0.000061
174 42 0.991731 0.125588 -0.000064
174 43 0.991730 0.122639 -0.000065
174 44 0.991729 0.119416 -0.000065
174 45 0.991728 0.115917 -0.000064
174 46 0.991728 0.112140 -0.000062
174 47 0.991727 0.108084 -0.000060
174 48 0.991726 0.103747 -0.000057
174 49 0.991726 0.099130 -0.000053
174 50 0.991725 0.094229 -0.000049
174 51 0.991724 0.089045 -0.000044
174 52 0.991724 0.083577 -0.000039
174 53 0.991723 0.077823 -0.000034
174 54 0.991723 0.071782 -0.000029
174 55 0.991723 0.065455 -0.000024
174 56 0.991722 0.058840 -0.000020
174 57 0.991722 0.051936 -0.000015
174 58 0.991721 0.044744 -0.000011
174 59 0.991721 0.037263 -0.000008
174 60 0.991721 0.029492 -0.000005
174 61 0.991720 0.021432 -0.000003
174 62 0.991720 0.013081 -0.000001
174 63 0.991720 0.004441 -0.000000
175 0 0.991576 0.004441 0.000000
175 1 0.991576 0.013082 0.000001
175 2 0.991577 0.021433 0.000002
175 3 0.991577 0.029494 0.000004
175 4 0.991577 0.037265 0.000007
175 5 0.991578 0.044747 0.000010
175 6 0.991578 0.051940 0.000014
175 7 0.991578 0.058844 0.000018
175 8 0.991579 0.065460 0.000023
175 9 0.991579 0.071788 0.000027
175 10 0.991580 0.077829 0.000032
175 11 0.991580 0.083584 0.000037
175 12 0.991581 0.089054 0.000042
175 13 0.991581 0.094239 0.000046
175 14 0.991582 0.099140 0.000050
175 15 0.991583 0.103759 0.000054
175 16 0.991583 0.108096 0.000057
175 17 0.991584 0.112154 0.000059
175 18 0.991585 0.115932 0.000061
175 19 0.991586 0.119433 0.000061
175 20 0.991586 0.122658 0.000061
175 21 0.991587 0.125608 0.000060
175 22 0.991588 0.128284 0.000058
175 23 0.991589 0.130688 0.000055
175 24 0.991590 0.132821 0.000051
175 25 0.991590 0.134684 0.000046
175 26 0.991591 0.136279 0.000041
175 27 0.991591 0.137607 0.000034
175 28 0.991592 0.138668 0.000027
175 29 0.991592 0.139463 0.000020
175 30 0.991592 0.139992 0.000012
175 31 0.991592 0.140257 0.000004
175 32 0.991592 0.140257 -0.000004
175 33 0.991592 0.139992 -0.000012
175 34 0.991592 0.139463 -0.000020
175 35 0.991592 0.138668 -0.000027
175 36 0.991591 0.137607 -0.000034
175 37 0.991591 0.136279 -0.000041
175 38 0.991590 0.134684 -0.000046
175 39 0.991590 0.132821 -0.000051
175 40 0.991589 0.130688 -0.000055
175 41 0.991588 0.128284 -0.000058
175 42 0.991587 0.125608 -0.000060
175 43 0.991586 0.122658 -0.000061
175 44 0.991586 0.119433 -0.000061
175 45 0.991585 0.115932 -0.000061
175 46 0.991584 0.112154 -0.000059
175 47 0.991583 0.108096 -0.000057
175 48 0.991583 0.103759 -0.000054
175 49 0.991582 0.099140 -0.000050
175 50 0.991581 0.094239 -0.000046
175 51 0.991581 0.089054 -0.000042
175 52 0.991580 0.083584 -0.000037
175 53 0.991580 0.077829 -0.000032
175 54 0.991579 0.071788 -0.000027
175 55 0.991579 0.065460 -0.000023
175 56 0.991578 0.058844 -0.000018
175 57 0.991578 0.051940 -0.000014
175 58 0.991578 0.044747 -0.000010
175 59 0.991577 0.037265 -0.000007
175 60 0.991577 0.029494 -0.000004
175 61 0.991577 0.021433 -0.000002
175 62 0.991576 0.013082 -0.000001
175 63 0.991576 0.004441 -0.000000
176 0 0.991432 0.004442 0.000000
176 1 0.991432 0.013083 0.000001
176 2 0.991433 0.021434 0.000002
176 3 0.991433 0.029496 0.000004
176 4 0.991433 0.037268 0.000007
176 5 0.991434 0.044750 0.000010
176 6 0.991434 0.051944 0.000013
176 7 0.991434 0.058848 0.000017
176 8 0.991435 0.065465 0.000021
176 9 0.991435 0.071794 0.000025
176 10 0.991436 0.077836 0.000030
176 11 0.991436 0.083592 0.000034
176 12 0.991437 0.089062 0.000039
176 13 0.991437 0.094248 0.000043
176 14 0.991438 0.099151 0.000047
176 15 0.991439 0.103771 0.000050
176 16 0.991440 0.108109 0.000053
176 17 0.991440 0.112168 0.000055
176 18 0.991441 0.115948 0.000057
176 19 0.991442 0.119450 0.000058
176 20 0.991443 0.122676 0.000058
176 21 0.991444 0.125627 0.000057
176 22 0.991445 0.128305 0.000055
176 23 0.991445 0.130710 0.000052
176 24 0.991446 0.132844 0.000048
176 25 0.991447 0.134709 0.000044
176 26 0.991447 0.136305 0.000038
176 27 0.991448 0.137633 0.000033
176 28 0.991448 0.138695 0.000026
176 29 0.991449 0.139490 0.000019
176 30 0.991449 0.140020 0.000011
176 31 0.991449 0.140285 0.000004
176 32 0.991449 0.140285 -0.000004
176 33 0.991449 0.140020 -0.000011
176 34 0.991449 0.139490 -0.000019
176 35 0.991448 0.138695 -0.000026
176 36 0.991448 0.137633 -0.000033
176 37 0.991447 0.136305 -0.000038
176 38 0.991447 0.134709 -0.000044
176 39 0.991446 0.132844 -0.000048
176 40 0.991445 0.130710 -0.000052
176 41 0.991445 0.128305 -0.000055
176 42 0.991444 0.125627 -0.000057
176 43 0.991443 0.122676 -0.000058
176 44 0.991442 0.119450 -0.000058
176 45 0.991441 0.115948 -0.000057
176 46 0.991440 0.112168 -0.000055
176 47 0.991440 0.108109 -0.000053
176 48 0.991439 0.103771 -0.000050
176 49 0.991438 0.099151 -0.000047
176 50 0.991437 0.094248 -0.000043
176 51 0.991437 0.089062 -0.000039
176 52 0.991436 0.083592 -0.000034
176 53 0.991436 0.077836 -0.000030
176 54 0.991435 0.071794 -0.000025
176 55 0.991435 0.065465 -0.000021
176 56 0.991434 0.058848 -0.000017
176 57 0.991434 0.051944 -0.000013
176 58 0.991434 0.044750 -0.000010
176 59 0.991433 0.037268 -0.000007
176 60 0.991433 0.029496 -0.000004
176 61 0.991433 0.021434 -0.000002
176 62 0.991432 0.013083 -0.000001
176 63 0.991432 0.004442 -0.000000
177 0 0.991288 0.004442 0.000000
177 1 0.991289 0.013084 0.000001
177 2 0.991289 0.021436 0.000002
177 3 0.991289 0.029498 0.000004
177 4 0.991290 0.037271 0.000006
177 5 0.991290 0.044754 0.000009
177 6 0.991290 0.051948 0.000012
177 7 0.991291 0.058853 0.000016
177 8 0.991291 0.065470 0.000019
177 9 0.991291 0.071800 0.000024
177 10 0.991292 0.077843 0.000028
177 11 0.991292 0.083599 0.000032
177 12 0.991293 0.089071 0.000036
177 13 0.991294 0.094258 0.000040
177 14 0.991294 0.099161 0.000044
177 15 0.991295 0.103783 0.000047
177 16 0.991296 0.108123 0.000049
177 17 0.991297 0.112183 0.000052
177 18 0.991298 0.115964 0.000053
177 19 0.991299 0.119467 0.000054
177 20 0.991299 0.122694 0.000054
177 21 0.991300 0.125647 0.000053
177 22 0.991301 0.128326 0.000051
177 23 0.991302 0.130732 0.000049
177 24 0.991303 0.132868 0.000045
177 25 0.991304 0.134733 0.000041
177 26 0.991304 0.136330 0.000036
177 27 0.991305 0.137659 0.000031
177 28 0.991305 0.138721 0.000024
177 29 0.991306 0.139517 0.000018
177 30 0.991306 0.140048 0.000011
177 31 0.991306 0.140313 0.000004
177 32 0.991306 0.140313 -0.000004
177 33 0.991306 0.140048 -0.000011
177 34 0.991306 0.139517 -0.000018
177 35 0.991305 0.138721 -0.000024
177 36 0.991305 0.137659 -0.000031
177 37 0.991304 0.136330 -0.000036
177 38 0.991304 0.134733 -0.000041
177 39 0.991303 0.132868 -0.000045
177 40 0.991302 0.130732 -0.000049
177 41 0.991301 0.128326 -0.000051
177 42 0.991300 0.125647 -0.000053
177 43 0.991299 0.122694 -0.000054
177 44 0.991299 0.119467 -0.000054
177 45 0.991298 0.115964 -0.000053
177 46 0.991297 0.112183 -0.000052
177 47 0.991296 0.108123 -0.000049
177 48 0.991295 0.103783 -0.000047
177 49 0.991294 0.099161 -0.000044
177 50 0.991294 0.094258 -0.000040
177 51 0.991293 0.089071 -0.000036
177 52 0.991292 0.083599 -0.000032
177 53 0.991292 0.077843 -0.000028
177 54 0.991291 0.071800 -0.000024
177 55 0.991291 0.065470 -0.000019
177 56 0.991291 0.058853 -0.000016
177 57 0.991290 0.051948 -0.000012
177 58 0.991290 0.044754 -0.000009
177 59 0.991290 0.037271 -0.000006
177 60 0.991289 0.029498 -0.000004
177 61 0.991289 0.021436 -0.000002
177 62 0.991289 0.013084 -0.000001
177 63 0.991288 0.004442 -0.000000
178 0 0.991145 0.004442 0.000000
178 1 0.991145 0.013085 0.000001
178 2 0.991145 0.021438 0.000002
178 3 0.991146 0.029500 0.000003
178 4 0.991146 0.037274 0.000006
178 5 0.991146 0.044757 0.000008
178 6 0.991146 0.051952 0.000011
178 7 0.991147 0.058858 0.000014
178 8 0.991147 0.065476 0.000018
178 9 0.991148 0.071806 0.000022
178 10 0.991148 0.077850 0.000025
178 11 0.991149 0.083608 0.000029
178 12 0.991149 0.089080 0.000033
178 13 0.991150 0.094268 0.000037
178 14 0.991151 0.099172 0.000040
178 15 0.991151 0.103795 0.000043
178 16 0.991152 0.108136 0.000046
178 17 0.991153 0.112197 0.000048
178 18 0.991154 0.115979 0.000049
178 19 0.991155 0.119484 0.000050
178 20 0.991156 0.122713 0.000050
178 21 0.991157 0.125666 0.000049
178 22 0.991158 0.128346 0.000048
178 23 0.991159 0.130754 0.000045
178 24 0.991160 0.132890 0.000042
178 25 0.991160 0.134757 0.000038
178 26 0.991161 0.136355 0.000034
178 27 0.991162 0.137685 0.000029
178 28 0.991162 0.138748 0.000023
178 29 0.991163 0.139544 0.000017
178 30 0.991163 0.140075 0.000010
178 31 0.991163 0.140340 0.000003
178 32 0.991163 0.140340 -0.000003
178 33 0.991163 0.140075 -0.000010
178 34 0.991163 0.139544 -0.000017
178 35 0.991162 0.138748 -0.000023
178 36 0.991162 0.137685 -0.000029
178 37 0.991161 0.136355 -0.000034
178 38 0.991160 0.134757 -0.000038
178 39 0.991160 0.132890 -0.000042
178 40 0.991159 0.130754 -0.000045
178 41 0.991158 0.128346 -0.000048
178 42 0.991157 0.125666 -0.000049
178 43 0.991156 0.122713 -0.000050
178 44 0.991155 0.119484 -0.000050
178 45 0.991154 0.115979 -0.000049
178 46 0.991153 0.112197 -0.000048
178 47 0.991152 0.108136 -0.000046
178 48 0.991151 0.103795 -0.000043
178 49 0.991151 0.099172 -0.000040
178 50 0.991150 0.094268 -0.000037
178 51 0.991149 0.089080 -0.000033
178 52 0.991149 0.083608 -0.000029
178 53 0.991148 0.077850 -0.000025
178 54 0.991148 0.071806 -0.000022
178 55 0.991147 0.065476 -0.000018
178 56 0.991147 0.058858 -0.000014
178 57 0.991146 0.051952 -0.000011
178 58 0.991146 0.044757 -0.000008
178 59 0.991146 0.037274 -0.000006
178 60 0.991146 0.029500 -0.000003
178 61 0.991145 0.021438 -0.000002
178 62 0.991145 0.013085 -0.000001
178 63 0.991145 0.004442 -0.000000
179 0 0.991001 0.004443 0.000000
179 1 0.991001 0.013086 0.000001
179 2 0.991002 0.021439 0.000002
179 3 0.991002 0.029503 0.000003
179 4 0.991002 0.037277 0.000005
179 5 0.991002 0.044761 0.000007
179 6 0.991003 0.051957 0.000010
179 7 0.991003 0.058863 0.000013
179 8 0.991003 0.065482 0.000016
179 9 0.991004 0.071813 0.000019
179 10 0.991004 0.077858 0.000023
179 11 0.991005 0.083616 0.000027
179 12 0.991006 0.089089 0.000030
179 13 0.991006 0.094278 0.000034
179 14 0.991007 0.099184 0.000037
179 15 0.991008 0.103807 0.000040
179 16 0.991009 0.108149 0.000042
179 17 0.991010 0.112211 0.000044
179 18 0.991011 0.115995 0.000045
179 19 0.991012 0.119501 0.000046
179 20 0.991013 0.122731 0.000046
179 21 0.991014 0.125685 0.000046
179 22 0.991015 0.128367 0.000044
179 23 0.991016 0.130775 0.000042
179 24 0.991017 0.132913 0.000039
179 25 0.991017 0.134781 0.000036
179 26 0.991018 0.136379 0.000031
179 27 0.991019 0.137710 0.000026
179 28 0.991019 0.138773 0.000021
179 29 0.991020 0.139570 0.000015
179 30 0.991020 0.140101 0.000009
179 31 0.991020 0.140367 0.000003
179 32 0.991020 0.140367 -0.000003
179 33 0.991020 0.140101 -0.000009
179 34 0.991020 0.139570 -0.000015
179 35 0.991019 0.138773 -0.000021
179 36 0.991019 0.137710 -0.000026
179 37 0.991018 0.136379 -0.000031
179 38 0.991017 0.134781 -0.000036
179 39 0.991017 0.132913 -0.000039
179 40 0.991016 0.130775 -0.000042
179 41 0.991015 0.128367 -0.000044
179 42 0.991014 0.125685 -0.000046
179 43 0.991013 0.122731 -0.000046
179 44 0.991012 0.119501 -0.000046
179 45 0.991011 0.115995 -0.000045
179 46 0.991010 0.112211 -0.000044
179 47 0.991009 0.108149 -0.000042
179 48 0.991008 0.103807 -0.000040
179 49 0.991007 0.099184 -0.000037
179 50 0.991006 0.094278 -0.000034
179 51 0.991006 0.089089 -0.000030
179 52 0.991005 0.083616 -0.000027
179 53 0.991004 0.077858 -0.000023
179 54 0.991004 0.071813 -0.000019
179 55 0.991003 0.065482 -0.000016
179 56 0.991003 0.058863 -0.000013
179 57 0.991003 0.051957 -0.000010
179 58 0.991002 0.044761 -0.000007
179 59 0.991002 0.037277 -0.000005
179 60 0.991002 0.029503 -0.000003
179 61 0.991002 0.021439 -0.000002
179 62 0.991001 0.013086 -0.000001
179 63 0.991001 0.004443 -0.000000
180 0 0.990857 0.004443 0.000000
180 1 0.990858 0.013087 0.000001
180 2 0.990858 0.021441 0.000001
180 3 0.990858 0.029506 0.000003
180 4 0.990858 0.037280 0.000004
180 5 0.990859 0.044765 0.000006
180 6 0.990859 0.051961 0.000009
180 7 0.990859 0.058869 0.000011
180 8 0.990860 0.065488 0.000014
180 9 0.990860 0.071820 0.000017
180 10 0.990861 0.077865 0.000020
180 11 0.990861 0.083625 0.000024
180 12 0.990862 0.089099 0.000027
180 13 0.990863 0.094289 0.000030
180 14 0.990863 0.099195 0.000033
180 15 0.990864 0.103819 0.000036
180 16 0.990865 0.108163 0.000038
180 17 0.990866 0.112226 0.000040
180 18 0.990867 0.116011 0.000041
180 19 0.990868 0.119518 0.000042
180 20 0.990870 0.122749 0.000042
180 21 0.990871 0.125705 0.000042
180 22 0.990872 0.128387 0.000040
180 23 0.990873 0.130797 0.000039
180 24 0.990874 0.132935 0.000036
180 25 0.990874 0.134804 0.000033
180 26 0.990875 0.136403 0.000029
180 27 0.990876 0.137735 0.000024
180 28 0.990876 0.138799 0.000019
180 29 0.990877 0.139596 0.000014
180 30 0.990877 0.140128 0.000009
180 31 0.990877 0.140393 0.000003
180 32 0.990877 0.140393 -0.000003
180 33 0.990877 0.140128 -0.000009
180 34 0.990877 0.139596 -0.000014
180 35 0.990876 0.138799 -0.000019
180 36 0.990876 0.137735 -0.000024
180 37 0.990875 0.136403 -0.000029
180 38 0.990874 0.134804 -0.000033
180 39 0.990874 0.132935 -0.000036
180 40 0.990873 0.130797 -0.000039
180 41 0.990872 0.128387 -0.000040
180 42 0.990871 0.125705 -0.000042
180 43 0.990870 0.122749 -0.000042
180 44 0.990868 0.119518 -0.000042
180 45 0.990867 0.116011 -0.000041
180 46 0.990866 0.112226 -0.000040
180 47 0.990865 0.108163 -0.000038
180 48 0.990864 0.103819 -0.000036
180 49 0.990863 0.099195 -0.000033
180 50 0.990863 0.094289 -0.000030
180 51 0.990862 0.089099 -0.000027
180 52 0.990861 0.083625 -0.000024
180 53 0.990861 0.077865 -0.000020
180 54 0.990860 0.071820 -0.000017
180 55 0.990860 0.065488 -0.000014
180 56 0.990859 0.058869 -0.000011
180 57 0.990859 0.051961 -0.000009
180 58 0.990859 0.044765 -0.000006
180 59 0.990858 0.037280 -0.000004
180 60 0.990858 0.029506 -0.000003
180 61 0.990858 0.021441 -0.000001
180 62 0.990858 0.013087 -0.000001
180 63 0.990857 0.004443 -0.000000
181 0 0.990714 0.004443 0.000000
181 1 0.990714 0.013088 0.000000
181 2 0.990714 0.021443 0.000001
181 3 0.990714 0.029509 0.000002
181 4 0.990715 0.037284 0.000004
181 5 0.990715 0.044770 0.000005
181 6 0.990715 0.051967 0.000007
181 7 0.990715 0.058875 0.000010
181 8 0.990716 0.065495 0.000012
181 9 0.990716 0.071828 0.000015
181 10 0.990717 0.077874 0.000018
181 11 0.990717 0.083634 0.000021
181 12 0.990718 0.089109 0.000024
181 13 0.990719 0.094299 0.000027
181 14 0.990720 0.099207 0.000029
181 15 0.990721 0.103832 0.000032
181 16 0.990722 0.108176 0.000034
181 17 0.990723 0.112241 0.000036
181 18 0.990724 0.116026 0.000037
181 19 0.990725 0.119535 0.000038
181 20 0.990726 0.122766 0.000038
181 21 0.990728 0.125724 0.000038
181 22 0.990729 0.128407 0.000037
181 23 0.990730 0.130818 0.000035
181 24 0.990731 0.132957 0.000033
181 25 0.990732 0.134827 0.000030
181 26 0.990732 0.136427 0.000026
181 27 0.990733 0.137759 0.000022
181 28 0.990734 0.138824 0.000018
181 29 0.990734 0.139622 0.000013
181 30 0.990734 0.140153 0.000008
181 31 0.990735 0.140419 0.000003
181 32 0.990735 0.140419 -0.000003
181 33 0.990734 0.140153 -0.000008
181 34 0.990734 0.139622 -0.000013
181 35 0.990734 0.138824 -0.000018
181 36 0.990733 0.137759 -0.000022
181 37 0.990732 0.136427 -0.000026
181 38 0.990732 0.134827 -0.000030
181 39 0.990731 0.132957 -0.000033
181 40 0.990730 0.130818 -0.000035
181 41 0.990729 0.128407 -0.000037
181 42 0.990728 0.125724 -0.000038
181 43 0.990726 0.122766 -0.000038
181 44 0.990725 0.119535 -0.000038
181 45 0.990724 0.116026 -0.000037
181 46 0.990723 0.112241 -0.000036
181 47 0.990722 0.108176 -0.000034
181 48 0.990721 0.103832 -0.000032
181 49 0.990720 0.099207 -0.000029
181 50 0.990719 0.094299 -0.000027
181 51 0.990718 0.089109 -0.000024
181 52 0.990717 0.083634 -0.000021
181 53 0.990717 0.077874 -0.000018
181 54 0.990716 0.071828 -0.000015
181 55 0.990716 0.065495 -0.000012
181 56 0.990715 0.058875 -0.000010
181 57 0.990715 0.051967 -0.000007
181 58 0.990715 0.044770 -0.000005
181 59 0.990715 0.037284 -0.000004
181 60 0.990714 0.029509 -0.000002
181 61 0.990714 0.021443 -0.000001
181 62 0.990714 0.013088 -0.000000
181 63 0.990714 0.004443 -0.000000
182 0 0.990570 0.004444 0.000000
182 1 0.990570 0.013090 0.000000
182 2 0.990570 0.021446 0.000001
182 3 0.990571 0.029512 0.000002
182 4 0.990571 0.037288 0.000003
182 5 0.990571 0.044775 0.000004
182 6 0.990571 0.051972 0.000006
182 7 0.990572 0.058881 0.000008
182 8 0.990572 0.065502 0.000010
182 9 0.990573 0.071835 0.000013
182 10 0.990573 0.077882 0.000015
182 11 0.990574 0.083643 0.000018
182 12 0.990575 0.089119 0.000020
182 13 0.990575 0.094310 0.000023
182 14 0.990576 0.099219 0.000025
182 15 0.990577 0.103845 0.000028
182 16 0.990578 0.108190 0.000030
182 17 0.990580 0.112255 0.000031
182 18 0.990581 0.116042 0.000033
182 19 0.990582 0.119551 0.000033
182 20 0.990583 0.122784 0.000034
182 21 0.990585 0.125742 0.000033
182 22 0.990586 0.128427 0.000033
182 23 0.990587 0.130838 0.000031
182 24 0.990588 0.132979 0.000029
182 25 0.990589 0.134849 0.000027
182 26 0.990590 0.136450 0.000023
182 27 0.990591 0.137783 0.000020
182 28 0.990591 0.138848 0.000016
182 29 0.990592 0.139646 0.000012
182 30 0.990592 0.140178 0.000007
182 31 0.990592 0.140444 0.000002
182 32 0.990592 0.140444 -0.000002
182 33 0.990592 0.140178 -0.000007
182 34 0.990592 0.139646 -0.000012
182 35 0.990591 0.138848 -0.000016
182 36 0.990591 0.137783 -0.000020
182 37 0.990590 0.136450 -0.000023
182 38 0.990589 0.134849 -0.000027
182 39 0.990588 0.132979 -0.000029
182 40 0.990587 0.130838 -0.000031
182 41 0.990586 0.128427 -0.000033
182 42 0.990585 0.125742 -0.000033
182 43 0.990583 0.122784 -0.000034
182 44 0.990582 0.119551 -0.000033
182 45 0.990581 0.116042 -0.000033
182 46 0.990580 0.112255 -0.000031
182 47 0.990578 0.108190 -0.000030
182 48 0.990577 0.103845 -0.000028
182 49 0.990576 0.099219 -0.000025
182 50 0.990575 0.094310 -0.000023
182 51 0.990575 0.089119 -0.000020
182 52 0.990574 0.083643 -0.000018
182 53 0.990573 0.077882 -0.000015
182 54 0.990573 0.071835 -0.000013
182 55 0.990572 0.065502 -0.000010
182 56 0.990572 0.058881 -0.000008
182 57 0.990571 0.051972 -0.000006
182 58 0.990571 0.044775 -0.000004
182 59 0.990571 0.037288 -0.000003
182 60 0.990571 0.029512 -0.000002
182 61 0.990570 0.021446 -0.000001
182 62 0.990570 0.013090 -0.000000
182 63 0.990570 0.004444 -0.000000
183 0 0.990426 0.004444 0.000000
183 1 0.990427 0.013091 0.000000
183 2 0.990427 0.021448 0.000001
183 3 0.990427 0.029515 0.000001
183 4 0.990427 0.037292 0.000002
183 5 0.990427 0.044780 0.000003
183 6 0.990427 0.051978 0.000005
183 7 0.990428 0.058888 0.000006
183 8 0.990428 0.065509 0.000008
183 9 0.990429 0.071844 0.000010
183 10 0.990429 0.077891 0.000012
183 11 0.990430 0.083653 0.000014
183 12 0.990431 0.089129 0.000017
183 13 0.990432 0.094322 0.000019
183 14 0.990433 0.099231 0.000021
183 15 0.990434 0.103858 0.000023
183 16 0.990435 0.108204 0.000025
183 17 0.990436 0.112270 0.000027
183 18 0.990438 0.116058 0.000028
183 19 0.990439 0.119568 0.000029
183 20 0.990440 0.122802 0.000029
183 21 0.990442 0.125761 0.000029
183 22 0.990443 0.128446 0.000028
183 23 0.990444 0.130859 0.000027
183 24 0.990445 0.133000 0.000026
183 25 0.990446 0.134871 0.000023
183 26 0.990447 0.136473 0.000021
183 27 0.990448 0.137806 0.000018
183 28 0.990449 0.138872 0.000014
183 29 0.990449 0.139671 0.000010
183 30 0.990450 0.140203 0.000006
183 31 0.990450 0.140469 0.000002
183 32 0.990450 0.140469 -0.000002
183 33 0.990450 0.140203 -0.000006
183 34 0.990449 0.139671 -0.000010
183 35 0.990449 0.138872 -0.000014
183 36 0.990448 0.137806 -0.000018
183 37 0.990447 0.136473 -0.000021
183 38 0.990446 0.134871 -0.000023
183 39 0.990445 0.133000 -0.000026
183 40 0.990444 0.130859 -0.000027
183 41 0.990443 0.128446 -0.000028
183 42 0.990442 0.125761 -0.000029
183 43 0.990440 0.122802 -0.000029
183 44 0.990439 0.119568 -0.000029
183 45 0.990438 0.116058 -0.000028
183 46 0.990436 0.112270 -0.000027
183 47 0.990435 0.108204 -0.000025
183 48 0.990434 0.103858 -0.000023
183 49 0.990433 0.099231 -0.000021
183 50 0.990432 0.094322 -0.000019
183 51 0.990431 0.089129 -0.000017
183 52 0.990430 0.083653 -0.000014
183 53 0.990429 0.077891 -0.000012
183 54 0.990429 0.071844 -0.000010
183 55 0.990428 0.065509 -0.000008
183 56 0.990428 0.058888 -0.000006
183 57 0.990427 0.051978 -0.000005
183 58 0.990427 0.044780 -0.000003
183 59 0.990427 0.037292 -0.000002
183 60 0.990427 0.029515 -0.000001
183 61 0.990427 0.021448 -0.000001
183 62 0.990427 0.013091 -0.000000
183 63 0.990426 0.004444 -0.000000
184 0 0.990283 0.004445 0.000000
184 1 0.990283 0.013093 0.000000
184 2 0.990283 0.021451 0.000000
184 3 0.990283 0.029519 0.000001
184 4 0.990283 0.037297 0.000001
184 5 0.990283 0.044785 0.000002
184 6 0.990284 0.051984 0.000003
184 7 0.990284 0.058895 0.000004
184 8 0.990284 0.065517 0.000006
184 9 0.990285 0.071852 0.000007
184 10 0.990286 0.077900 0.000009
184 11 0.990286 0.083663 0.000011
184 12 0.990287 0.089140 0.000013
184 13 0.990288 0.094333 0.000015
184 14 0.990289 0.099243 0.000017
184 15 0.990291 0.103871 0.000019
184 16 0.990292 0.108218 0.000020
184 17 0.990293 0.112285 0.000022
184 18 0.990295 0.116074 0.000023
184 19 0.990296 0.119585 0.000024
184 20 0.990297 0.122819 0.000024
184 21 0.990299 0.125779 0.000024
184 22 0.990300 0.128465 0.000024
184 23 0.990302 0.130879 0.000023
184 24 0.990303 0.133021 0.000022
184 25 0.990304 0.134893 0.000020
184 26 0.990305 0.136495 0.000018
184 27 0.990306 0.137829 0.000015
184 28 0.990307 0.138895 0.000012
184 29 0.990307 0.139694 0.000009
184 30 0.990308 0.140227 0.000005
184 31 0.990308 0.140493 0.000002
184 32 0.990308 0.140493 -0.000002
184 33 0.990308 0.140227 -0.000005
184 34 0.990307 0.139694 -0.000009
184 35 0.990307 0.138895 -0.000012
184 36 0.990306 0.137829 -0.000015
184 37 0.990305 0.136495 -0.000018
184 38 0.990304 0.134893 -0.000020
184 39 0.990303 0.133021 -0.000022
184 40 0.990302 0.130879 -0.000023
184 41 0.990300 0.128465 -0.000024
184 42 0.990299 0.125779 -0.000024
184 43 0.990297 0.122819 -0.000024
184 44 0.990296 0.119585 -0.000024
184 45 0.990295 0.116074 -0.000023
184 46 0.990293 0.112285 -0.000022
184 47 0.990292 0.108218 -0.000020
184 48 0.990291 0.103871 -0.000019
184 49 0.990289 0.099243 -0.000017
184 50 0.990288 0.094333 -0.000015
184 51 0.990287 0.089140 -0.000013
184 52 0.990286 0.083663 -0.000011
184 53 0.990286 0.077900 -0.000009
184 54 0.990285 0.071852 -0.000007
184 55 0.990284 0.065517 -0.000006
184 56 0.990284 0.058895 -0.000004
184 57 0.990284 0.051984 -0.000003
184 58 0.990283 0.044785 -0.000002
184 59 0.990283 0.037297 -0.000001
184 60 0.990283 0.029519 -0.000001
184 61 0.990283 0.021451 -0.000000
184 62 0.990283 0.013093 -0.000000
184 63 0.990283 0.004445 -0.000000
185 0 0.990139 0.004446 -0.000000
185 1 0.990139 0.013095 0.000000
185 2 0.990139 0.021454 0.000000
185 3 0.990139 0.029523 0.000000
185 4 0.990139 0.037302 0.000000
185 5 0.990140 0.044791 0.000001
185 6 0.990140 0.051991 0.000001
185 7 0.990140 0.058902 0.000002
185 8 0.990141 0.065525 0.000003
185 9 0.990141 0.071861 0.000004
185 10 0.990142 0.077910 0.000006
185 11 0.990143 0.083673 0.000007
185 12 0.990144 0.089151 0.000009
185 13 0.990145 0.094345 0.000011
185 14 0.990146 0.099256 0.000012
185 15 0.990147 0.103884 0.000014
185 16 0.990149 0.108232 0.000015
185 17 0.990150 0.112300 0.000017
185 18 0.990152 0.116089 0.000018
185 19 0.990153 0.119601 0.000019
185 20 0.990155 0.122837 0.000019
185 21 0.990156 0.125798 0.000020
185 22 0.990158 0.128484 0.000019
185 23 0.990159 0.130899 0.000019
185 24 0.990161 0.133042 0.000018
185 25 0.990162 0.134914 0.000016
185 26 0.990163 0.136517 0.000015
185 27 0.990164 0.137851 0.000012
185 28 0.990165 0.138918 0.000010
185 29 0.990165 0.139717 0.000007
185 30 0.990166 0.140250 0.000004
185 31 0.990166 0.140516 0.000001
185 32 0.990166 0.140516 -0.000001
185 33 0.990166 0.140250 -0.000004
185 34 0.990165 0.139717 -0.000007
185 35 0.990165 0.138918 -0.000010
185 36 0.990164 0.137851 -0.000012
185 37 0.990163 0.136517 -0.000015
185 38 0.990162 0.134914 -0.000016
185 39 0.990161 0.133042 -0.000018
185 40 0.990159 0.130899 -0.000019
185 41 0.990158 0.128484 -0.000019
185 42 0.990156 0.125798 -0.000020
185 43 0.990155 0.122837 -0.000019
185 44 0.990153 0.119601 -0.000019
185 45 0.990152 0.116089 -0.000018
185 46 0.990150 0.112300 -0.000017
185 47 0.990149 0.108232 -0.000015
185 48 0.990147 0.103884 -0.000014
185 49 0.990146 0.099256 -0.000012
185 50 0.990145 0.094345 -0.000011
185 51 0.990144 0.089151 -0.000009
185 52 0.990143 0.083673 -0.000007
185 53 0.990142 0.077910 -0.000006
185 54 0.990141 0.071861 -0.000004
185 55 0.990141 0.065525 -0.000003
185 56 0.990140 0.058902 -0.000002
185 57 0.990140 0.051991 -0.000001
185 58 0.990140 0.044791 -0.000001
185 59 0.990139 0.037302 -0.000000
185 60 0.990139 0.029523 -0.000000
185 61 0.990139 0.021454 -0.000000
185 62 0.990139 0.013095 -0.000000
185 63 0.990139 0.004446 0.000000
186 0 0.989996 0.004446 -0.000000
186 1 0.989995 0.013097 -0.000000
186 2 0.989995 0.021457 -0.000000
186 3 0.989996 0.029527 -0.000000
186 4 0.989996 0.037307 -0.000000
186 5 0.989996 0.044797 -0.000000
186 6 0.989996 0.051998 -0.000000
186 7 0.989996 0.058910 0.000000
186 8 0.989997 0.065534 0.000001
186 9 0.989997 0.071870 0.000001
186 10 0.989998 0.077920 0.000002
186 11 0.989999 0.083684 0.000003
186 12 0.990000 0.089162 0.000004
186 13 0.990001 0.094357 0.000006
186 14 0.990003 0.099268 0.000007
186 15 0.990004 0.103898 0.000009
186 16 0.990005 0.108246 0.000010
186 17 0.990007 0.112315 0.000011
186 18 0.990009 0.116105 0.000012
186 19 0.990010 0.119618 0.000013
186 20 0.990012 0.122854 0.000014
186 21 0.990014 0.125816 0.000014
186 22 0.990015 0.128503 0.000014
186 23 0.990017 0.130918 0.000014
186 24 0.990018 0.133062 0.000013
186 25 0.990020 0.134935 0.000013
186 26 0.990021 0.136538 0.000011
186 27 0.990022 0.137873 0.000010
186 28 0.990023 0.138940 0.000008
186 29 0.990024 0.139740 0.000006
186 30 0.990024 0.140273 0.000003
186 31 0.990024 0.140539 0.000001
186 32 0.990024 0.140539 -0.000001
186 33 0.990024 0.140273 -0.000003
186 34 0.990024 0.139740 -0.000006
186 35 0.990023 0.138940 -0.000008
186 36 0.990022 0.137873 -0.000010
186 37 0.990021 0.136538 -0.000011
186 38 0.990020 0.134935 -0.000013
186 39 0.990018 0.133062 -0.000013
186 40 0.990017 0.130918 -0.000014
186 41 0.990015 0.128503 -0.000014
186 42 0.990014 0.125816 -0.000014
186 43 0.990012 0.122854 -0.000014
186 44 0.990010 0.119618 -0.000013
186 45 0.990009 0.116105 -0.000012
186 46 0.990007 0.112315 -0.000011
186 47 0.990005 0.108246 -0.000010
186 48 0.990004 0.103898 -0.000009
186 49 0.990003 0.099268 -0.000007
186 50 0.990001 0.094357 -0.000006
186 51 0.990000 0.089162 -0.000004
186 52 0.989999 0.083684 -0.000003
186 53 0.989998 0.077920 -0.000002
186 54 0.989997 0.071870 -0.000001
186 55 0.989997 0.065534 -0.000001
186 56 0.989996 0.058910 -0.000000
186 57 0.989996 0.051998 0.000000
186 58 0.989996 0.044797 0.000000
186 59 0.989996 0.037307 0.000000
186 60 0.989996 0.029527 0.000000
186 61 0.989995 0.021457 0.000000
186 62 0.989995 0.013097 0.000000
186 63 0.989996 0.004446 0.000000
187 0 0.989852 0.004447 -0.000000
187 1 0.989852 0.013099 -0.000000
187 2 0.989852 0.021460 -0.000001
187 3 0.989852 0.029532 -0.000001
187 4 0.989852 0.037313 -0.000001
187 5 0.989852 0.044804 -0.000002
187 6 0.989852 0.052006 -0.000002
187 7 0.989853 0.058919 -0.000002
187 8 0.989853 0.065543 -0.000002
187 9 0.989854 0.071880 -0.000002
187 10 0.989854 0.077931 -0.000002
187 11 0.989855 0.083695 -0.000001
187 12 0.989857 0.089174 -0.000000
187 13 0.989858 0.094369 0.000001
187 14 0.989859 0.099282 0.000002
187 15 0.989861 0.103912 0.000003
187 16 0.989862 0.108261 0.000004
187 17 0.989864 0.112330 0.000005
187 18 0.989866 0.116121 0.000007
187 19 0.989868 0.119634 0.000007
187 20 0.989870 0.122871 0.000008
187 21 0.989871 0.125833 0.000009
187 22 0.989873 0.128522 0.000009
187 23 0.989875 0.130937 0.000009
187 24 0.989877 0.133081 0.000009
187 25 0.989878 0.134955 0.000008
187 26 0.989879 0.136559 0.000008
187 27 0.989880 0.137894 0.000007
187 28 0.989881 0.138962 0.000005
187 29 0.989882 0.139762 0.000004
187 30 0.989883 0.140295 0.000002
187 31 0.989883 0.140561 0.000001
187 32 0.989883 0.140561 -0.000001
187 33 0.989883 0.140295 -0.000002
187 34 0.989882 0.139762 -0.000004
187 35 0.989881 0.138962 -0.000005
187 36 0.989880 0.137894 -0.000007
187 37 0.989879 0.136559 -0.000008
187 38 0.989878 0.134955 -0.000008
187 39 0.989877 0.133081 -0.000009
187 40 0.989875 0.130937 -0.000009
187 41 0.989873 0.128522 -0.000009
187 42 0.989871 0.125833 -0.000009
187 43 0.989870 0.122871 -0.000008
187 44 0.989868 0.119634 -0.000007
187 45 0.989866 0.116121 -0.000007
187 46 0.989864 0.112330 -0.000005
187 47 0.989862 0.108261 -0.000004
187 48 0.989861 0.103912 -0.000003
187 49 0.989859 0.099282 -0.000002
187 50 0.989858 0.094369 -0.000001
187 51 0.989857 0.089174 0.000000
187 52 0.989855 0.083695 0.000001
187 53 0.989854 0.077931 0.000002
187 54 0.989854 0.071880 0.000002
187 55 0.989853 0.065543 0.000002
187 56 0.989853 0.058919 0.000002
187 57 0.989852 0.052006 0.000002
187 58 0.989852 0.044804 0.000002
187 59 0.989852 0.037313 0.000001
187 60 0.989852 0.029532 0.000001
187 61 0.989852 0.021460 0.000001
187 62 0.989852 0.013099 0.000000
187 63 0.989852 0.004447 0.000000
188 0 0.989708 0.004448 -0.000000
188 1 0.989708 0.013101 -0.000000
188 2 0.989708 0.021464 -0.000001
188 3 0.989708 0.029537 -0.000002
188 4 0.989708 0.037319 -0.000003
188 5 0.989708 0.044811 -0.000003
188 6 0.989708 0.052014 -0.000004
188 7 0.989709 0.058927 -0.000005
188 8 0.989709 0.065553 -0.000005
188 9 0.989710 0.071891 -0.000006
188 10 0.989711 0.077942 -0.000006
188 11 0.989712 0.083707 -0.000006
188 12 0.989713 0.089187 -0.000005
188 13 0.989714 0.094382 -0.000005
188 14 0.989716 0.099295 -0.000004
188 15 0.989717 0.103926 -0.000003
188 16 0.989719 0.108275 -0.000002
188 17 0.989721 0.112345 -0.000001
188 18 0.989723 0.116136 0.000000
188 19 0.989725 0.119650 0.000001
188 20 0.989727 0.122888 0.000002
188 21 0.989729 0.125851 0.000003
188 22 0.989731 0.128540 0.000003
188 23 0.989733 0.130956 0.000004
188 24 0.989735 0.133101 0.000004
188 25 0.989736 0.134975 0.000004
188 26 0.989738 0.136579 0.000004
188 27 0.989739 0.137915 0.000003
188 28 0.989740 0.138982 0.000003
188 29 0.989741 0.139783 0.000002
188 30 0.989741 0.140316 0.000001
188 31 0.989742 0.140582 0.000000
188 32 0.989742 0.140582 -0.000000
188 33 0.989741 0.140316 -0.000001
188 34 0.989741 0.139783 -0.000002
188 35 0.989740 0.138982 -0.000003
188 36 0.989739 0.137915 -0.000003
188 37 0.989738 0.136579 -0.000004
188 38 0.989736 0.134975 -0.000004
188 39 0.989735 0.133101 -0.000004
188 40 0.989733 0.130956 -0.000004
188 41 0.989731 0.128540 -0.000003
188 42 0.989729 0.125851 -0.000003
188 43 0.989727 0.122888 -0.000002
188 44 0.989725 0.119650 -0.000001
188 45 0.989723 0.116136 -0.000000
188 46 0.989721 0.112345 0.000001
188 47 0.989719 0.108275 0.000002
188 48 0.989717 0.103926 0.000003
188 49 0.989716 0.099295 0.000004
188 50 0.989714 0.094382 0.000005
188 51 0.989713 0.089187 0.000005
188 52 0.989712 0.083707 0.000006
188 53 0.989711 0.077942 0.000006
188 54 0.989710 0.071891 0.000006
188 55 0.989709 0.065553 0.000005
188 56 0.989709 0.058927 0.000005
188 57 0.989708 0.052014 0.000004
188 58 0.989708 0.044811 0.000003
188 59 0.989708 0.037319 0.000003
188 60 0.989708 0.029537 0.000002
188 61 0.989708 0.021464 0.000001
188 62 0.989708 0.013101 0.000000
188 63 0.989708 0.004448 0.000000
189 0 0.989564 0.004449 -0.000000
189 1 0.989564 0.013104 -0.000001
189 2 0.989564 0.021468 -0.000001
189 3 0.989564 0.029542 -0.000002
189 4 0.989564 0.037325 -0.000004
189 5 0.989564 0.044819 -0.000005
189 6 0.989564 0.052022 -0.000006
189 7 0.989565 0.058937 -0.000008
189 8 0.989565 0.065563 -0.000009
189 9 0.989566 0.071902 -0.000010
189 10 0.989567 0.077953 -0.000010
189 11 0.989568 0.083719 -0.000011
189 12 0.989569 0.089199 -0.000011
189 13 0.989571 0.094395 -0.000010
189 14 0.989573 0.099309 -0.000010
189 15 0.989574 0.103940 -0.000009
189 16 0.989576 0.108290 -0.000009
189 17 0.989578 0.112360 -0.000008
189 18 0.989581 0.116152 -0.000007
189 19 0.989583 0.119667 -0.000006
189 20 0.989585 0.122905 -0.000005
189 21 0.989587 0.125868 -0.000004
189 22 0.989589 0.128557 -0.000003
189 23 0.989591 0.130974 -0.000002
189 24 0.989593 0.133119 -0.000001
189 25 0.989595 0.134994 -0.000001
189 26 0.989597 0.136599 -0.000000
189 27 0.989598 0.137935 0.000000
189 28 0.989599 0.139003 0.000000
189 29 0.989600 0.139803 0.000000
189 30 0.989601 0.140336 0.000000
189 31 0.989601 0.140603 0.000000
189 32 0.989601 0.140603 -0.000000
189 33 0.989601 0.140336 -0.000000
189 34 0.989600 0.139803 -0.000000
189 35 0.989599 0.139003 -0.000000
189 36 0.989598 0.137935 -0.000000
189 37 0.989597 0.136599 0.000000
189 38 0.989595 0.134994 0.000001
189 39 0.989593 0.133119 0.000001
189 40 0.989591 0.130974 0.000002
189 41 0.989589 0.128557 0.000003
189 42 0.989587 0.125868 0.000004
189 43 0.989585 0.122905 0.000005
189 44 0.989583 0.119667 0.000006
189 45 0.989581 0.116152 0.000007
189 46 0.989578 0.112360 0.000008
189 47 0.989576 0.108290 0.000009
189 48 0.989574 0.103940 0.000009
189 49 0.989573 0.099309 0.000010
189 50 0.989571 0.094395 0.000010
189 51 0.989569 0.089199 0.000011
189 52 0.989568 0.083719 0.000011
189 53 0.989567 0.077953 0.000010
189 54 0.989566 0.071902 0.000010
189 55 0.989565 0.065563 0.000009
189 56 0.989565 0.058937 0.000008
189 57 0.989564 0.052022 0.000006
189 58 0.989564 0.044819 0.000005
189 59 0.989564 0.037325 0.000004
189 60 0.989564 0.029542 0.000002
189 61 0.989564 0.021468 0.000001
189 62 0.989564 0.013104 0.000001
189 63 0.989564 0.004449 0.000000
190 0 0.989421 0.004450 -0.000000
190 1 0.989420 0.013106 -0.000001
190 2 0.989420 0.021472 -0.000002
190 3 0.989420 0.029548 -0.000003
190 4 0.989420 0.037332 -0.000005
190 5 0.989420 0.044827 -0.000007
190 6 0.989420 0.052031 -0.000009
190 7 0.989421 0.058947 -0.000011
190 8 0.989421 0.065574 -0.000012
190 9 0.989422 0.071913 -0.000014
190 10 0.989423 0.077965 -0.000015
190 11 0.989424 0.083731 -0.000016
190 12 0.989426 0.089212 -0.000016
190 13 0.989427 0.094409 -0.000017
190 14 0.989429 0.099323 -0.000017
190 15 0.989431 0.103954 -0.000016
190 16 0.989433 0.108305 -0.000016
190 17 0.989436 0.112376 -0.000015
190 18 0.989438 0.116168 -0.000014
190 19 0.989440 0.119683 -0.000013
190 20 0.989443 0.122921 -0.000012
190 21 0.989445 0.125885 -0.000010
190 22 0.989448 0.128575 -0.000009
190 23 0.989450 0.130992 -0.000008
190 24 0.989452 0.133137 -0.000007
190 25 0.989454 0.135012 -0.000006
190 26 0.989456 0.136617 -0.000005
190 27 0.989457 0.137954 -0.000004
190 28 0.989458 0.139022 -0.000003
190 29 0.989459 0.139823 -0.000002
190 30 0.989460 0.140356 -0.000001
190 31 0.989460 0.140623 -0.000000
190 32 0.989460 0.140623 0.000000
190 33 0.989460 0.140356 0.000001
190 34 0.989459 0.139823 0.000002
190 35 0.989458 0.139022 0.000003
190 36 0.989457 0.137954 0.000004
190 37 0.989456 0.136617 0.000005
190 38 0.989454 0.135012 0.000006
190 39 0.989452 0.133137 0.000007
190 40 0.989450 0.130992 0.000008
190 41 0.989448 0.128575 0.000009
190 42 0.989445 0.125885 0.000010
190 43 0.989443 0.122921 0.000012
190 44 0.989440 0.119683 0.000013
190 45 0.989438 0.116168 0.000014
190 46 0.989436 0.112376 0.000015
190 47 0.989433 0.108305 0.000016
190 48 0.989431 0.103954 0.000016
190 49 0.989429 0.099323 0.000017
190 50 0.989427 0.094409 0.000017
190 51 0.989426 0.089212 0.000016
190 52 0.989424 0.083731 0.000016
190 53 0.989423 0.077965 0.000015
190 54 0.989422 0.071913 0.000014
190 55 0.989421 0.065574 0.000012
190 56 0.989421 0.058947 0.000011
190 57 0.989420 0.052031 0.000009
190 58 0.989420 0.044827 0.000007
190 59 0.989420 0.037332 0.000005
190 60 0.989420 0.029548 0.000003
190 61 0.989420 0.021472 0.000002
190 62 0.989420 0.013106 0.000001
190 63 0.989421 0.004450 0.000000
191 0 0.989277 0.004451 -0.000000
191 1 0.989276 0.013109 -0.000001
191 2 0.989276 0.021477 -0.000002
191 3 0.989276 0.029554 -0.000004
191 4 0.989276 0.037340 -0.000006
191 5 0.989276 0.044835 -0.000009
191 6 0.989276 0.052041 -0.000011
191 7 0.989277 0.058958 -0.000014
191 8 0.989277 0.065585 -0.000016
191 9 0.989278 0.071925 -0.000018
191 10 0.989279 0.077978 -0.000020
191 11 0.989281 0.083745 -0.000022
191 12 0.989282 0.089226 -0.000023
191 13 0.989284 0.094423 -0.000024
191 14 0.989286 0.099337 -0.000024
191 15 0.989288 0.103969 -0.000024
191 16 0.989290 0.108320 -0.000024
191 17 0.989293 0.112391 -0.000023
191 18 0.989296 0.116184 -0.000022
191 19 0.989298 0.119699 -0.000021
191 20 0.989301 0.122938 -0.000019
191 21 0.989304 0.125902 -0.000018
191 22 0.989306 0.128592 -0.000016
191 23 0.989309 0.131009 -0.000014
191 24 0.989311 0.133155 -0.000013
191 25 0.989313 0.135030 -0.000011
191 26 0.989315 0.136636 -0.000009
191 27 0.989317 0.137972 -0.000007
191 28 0.989318 0.139040 -0.000006
191 29 0.989319 0.139841 -0.000004
191 30 0.989320 0.140375 -0.000002
191 31 0.989320 0.140641 -0.000001
191 32 0.989320 0.140641 0.000001
191 33 0.989320 0.140375 0.000002
191 34 0.989319 0.139841 0.000004
191 35 0.989318 0.139040 0.000006
191 36 0.989317 0.137972 0.000007
191 37 0.989315 0.136636 0.000009
191 38 0.989313 0.135030 0.000011
191 39 0.989311 0.133155 0.000013
191 40 0.989309 0.131009 0.000014
191 41 0.989306 0.128592 0.000016
191 42 0.989304 0.125902 0.000018
191 43 0.989301 0.122938 0.000019
191 44 0.989298 0.119699 0.000021
191 45 0.989296 0.116184 0.000022
191 46 0.989293 0.112391 0.000023
191 47 0.989290 0.108320 0.000024
191 48 0.989288 0.103969 0.000024
191 49 0.989286 0.099337 0.000024
191 50 0.989284 0.094423 0.000024
191 51 0.989282 0.089226 0.000023
191 52 0.989281 0.083745 0.000022
191 53 0.989279 0.077978 0.000020
191 54 0.989278 0.071925 0.000018
191 55 0.989277 0.065585 0.000016
191 56 0.989277 0.058958 0.000014
191 57 0.989276 0.052041 0.000011
191 58 0.989276 0.044835 0.000009
191 59 0.989276 0.037340 0.000006
191 60 0.989276 0.029554 0.000004
191 61 0.989276 0.021477 0.000002
191 62 0.989276 0.013109 0.000001
191 63 0.989277 0.004451 0.000000
192 0 0.989133 0.004452 -0.000000
192 1 0.989133 0.013112 -0.000001
192 2 0.989132 0.021482 -0.000003
192 3 0.989132 0.029560 -0.000005
192 4 0.989132 0.037348 -0.000008
192 5 0.989132 0.044845 -0.000011
192 6 0.989132 0.052052 -0.000014
192 7 0.989133 0.058969 -0.000017
192 8 0.989133 0.065598 -0.000021
192 9 0.989134 0.071938 -0.000023
192 10 0.989135 0.077991 -0.000026
192 11 0.989137 0.083758 -0.000028
192 12 0.989139 0.089240 -0.000030
192 13 0.989140 0.094438 -0.000031
192 14 0.989143 0.099352 -0.000032
192 15 0.989145 0.103984 -0.000032
192 16 0.989148 0.108335 -0.000032
192 17 0.989150 0.112406 -0.000031
192 18 0.989153 0.116199 -0.000031
192 19 0.989156 0.119715 -0.000029
192 20 0.989159 0.122954 -0.000028
192 21 0.989162 0.125918 -0.000026
192 22 0.989165 0.128608 -0.000024
192 23 0.989168 0.131026 -0.000022
192 24 0.989170 0.133172 -0.000019
192 25 0.989173 0.135047 -0.000017
192 26 0.989175 0.136653 -0.000014
192 27 0.989176 0.137989 -0.000012
192 28 0.989178 0.139058 -0.000009
192 29 0.989179 0.139859 -0.000007
192 30 0.989180 0.140392 -0.000004
192 31 0.989180 0.140659 -0.000001
192 32 0.989180 0.140659 0.000001
192 33 0.989180 0.140392 0.000004
192 34 0.989179 0.139859 0.000007
192 35 0.989178 0.139058 0.000009
192 36 0.989176 0.137989 0.000012
192 37 0.989175 0.136653 0.000014
192 38 0.989173 0.135047 0.000017
192 39 0.989170 0.133172 0.000019
192 40 0.989168 0.131026 0.000022
192 41 0.989165 0.128608 0.000024
192 42 0.989162 0.125918 0.000026
192 43 0.989159 0.122954 0.000028
192 44 0.989156 0.119715 0.000029
192 45 0.989153 0.116199 0.000031
192 46 0.989150 0.112406 0.000031
192 47 0.989148 0.108335 0.000032
192 48 0.989145 0.103984 0.000032
192 49 0.989143 0.099352 0.000032
192 50 0.989140 0.094438 0.000031
192 51 0.989139 0.089240 0.000030
192 52 0.989137 0.083758 0.000028
192 53 0.989135 0.077991 0.000026
192 54 0.989134 0.071938 0.000023
192 55 0.989133 0.065598 0.000021
192 56 0.989133 0.058969 0.000017
192 57 0.989132 0.052052 0.000014
192 58 0.989132 0.044845 0.000011
192 59 0.989132 0.037348 0.000008
192 60 0.989132 0.029560 0.000005
192 61 0.989132 0.021482 0.000003
192 62 0.989133 0.013112 0.000001
192 63 0.989133 0.004452 0.000000
193 0 0.988989 0.004453 -0.000000
193 1 0.988989 0.013116 -0.000001
193 2 0.988988 0.021487 -0.000003
193 3 0.988988 0.029568 -0.000006
193 4 0.988988 0.037357 -0.000010
193 5 0.988988 0.044855 -0.000013
193 6 0.988988 0.052063 -0.000017
193 7 0.988988 0.058981 -0.000021
193 8 0.988989 0.065610 -0.000025
193 9 0.988990 0.071952 -0.000029
193 10 0.988991 0.078005 -0.000032
193 11 0.988993 0.083773 -0.000035
193 12 0.988995 0.089255 -0.000037
193 13 0.988997 0.094453 -0.000039
193 14 0.988999 0.099367 -0.000040
193 15 0.989002 0.103999 -0.000041
193 16 0.989005 0.108350 -0.000041
193 17 0.989008 0.112422 -0.000041
193 18 0.989011 0.116215 -0.000040
193 19 0.989014 0.119730 -0.000039
193 20 0.989018 0.122969 -0.000037
193 21 0.989021 0.125934 -0.000035
193 22 0.989024 0.128624 -0.000032
193 23 0.989027 0.131042 -0.000029
193 24 0.989030 0.133188 -0.000026
193 25 0.989032 0.135063 -0.000023
193 26 0.989035 0.136669 -0.000020
193 27 0.989037 0.138006 -0.000016
193 28 0.989038 0.139074 -0.000013
193 29 0.989039 0.139875 -0.000009
193 30 0.989040 0.140409 -0.000006
193 31 0.989041 0.140676 -0.000002
193 32 0.989041 0.140676 0.000002
193 33 0.989040 0.140409 0.000006
193 34 0.989039 0.139875 0.000009
193 35 0.989038 0.139074 0.000013
193 36 0.989037 0.138006 0.000016
193 37 0.989035 0.136669 0.000020
193 38 0.989032 0.135063 0.000023
193 39 0.989030 0.133188 0.000026
193 40 0.989027 0.131042 0.000029
193 41 0.989024 0.128624 0.000032
193 42 0.989021 0.125934 0.000035
193 43 0.989018 0.122969 0.000037
193 44 0.989014 0.119730 0.000039
193 45 0.989011 0.116215 0.000040
193 46 0.989008 0.112422 0.000041
193 47 0.989005 0.108350 0.000041
193 48 0.989002 0.103999 0.000041
193 49 0.988999 0.099367 0.000040
193 50 0.988997 0.094453 0.000039
193 51 0.988995 0.089255 0.000037
193 52 0.988993 0.083773 0.000035
193 53 0.988991 0.078005 0.000032
193 54 0.988990 0.071952 0.000029
193 55 0.988989 0.065610 0.000025
193 56 0.988988 0.058981 0.000021
193 57 0.988988 0.052063 0.000017
193 58 0.988988 0.044855 0.000013
193 59 0.988988 0.037357 0.000010
193 60 0.988988 0.029568 0.000006
193 61 0.988988 0.021487 0.000003
193 62 0.988989 0.013116 0.000001
193 63 0.988989 0.004453 0.000000
194 0 0.988845 0.004454 -0.000000
194 1 0.988844 0.013119 -0.000002
194 2 0.988844 0.021493 -0.000004
194 3 0.988844 0.029575 -0.000007
194 4 0.988843 0.037366 -0.000011
194 5 0.988843 0.044866 -0.000016
194 6 0.988844 0.052075 -0.000021
194 7 0.988844 0.058994 -0.000026
194 8 0.988845 0.065624 -0.000030
194 9 0.988846 0.071966 -0.000035
194 10 0.988847 0.078020 -0.000039
194 11 0.988849 0.083788 -0.000043
194 12 0.988851 0.089270 -0.000046
194 13 0.988854 0.094468 -0.000048
194 14 0.988856 0.099382 -0.000050
194 15 0.988859 0.104015 -0.000051
194 16 0.988862 0.108366 -0.000051
194 17 0.988866 0.112437 -0.000051
194 18 0.988869 0.116230 -0.000050
194 19 0.988873 0.119746 -0.000049
194 20 0.988876 0.122985 -0.000047
194 21 0.988880 0.125949 -0.000044
194 22 0.988883 0.128640 -0.000041
194 23 0.988886 0.131057 -0.000038
194 24 0.988890 0.133203 -0.000034
194 25 0.988892 0.135079 -0.000030
194 26 0.988895 0.136685 -0.000026
194 27 0.988897 0.138021 -0.000021
194 28 0.988899 0.139090 -0.000017
194 29 0.988900 0.139891 -0.000012
194 30 0.988901 0.140425 -0.000007
194 31 0.988902 0.140691 -0.000002
194 32 0.988902 0.140691 0.000002
194 33 0.988901 0.140425 0.000007
194 34 0.988900 0.139891 0.000012
194 35 0.988899 0.139090 0.000017
194 36 0.988897 0.138021 0.000021
194 37 0.988895 0.136685 0.000026
194 38 0.988892 0.135079 0.000030
194 39 0.988890 0.133203 0.000034
194 40 0.988886 0.131057 0.000038
194 41 0.988883 0.128640 0.000041
194 42 0.988880 0.125949 0.000044
194 43 0.988876 0.122985 0.000047
194 44 0.988873 0.119746 0.000049
194 45 0.988869 0.116230 0.000050
194 46 0.988866 0.112437 0.000051
194 47 0.988862 0.108366 0.000051
194 48 0.988859 0.104015 0.000051
194 49 0.988856 0.099382 0.000050
194 50 0.988854 0.094468 0.000048
194 51 0.988851 0.089270 0.000046
194 52 0.988849 0.083788 0.000043
194 53 0.988847 0.078020 0.000039
194 54 0.988846 0.071966 0.000035
194 55 0.988845 0.065624 0.000030
194 56 0.988844 0.058994 0.000026
194 57 0.988844 0.052075 0.000021
194 58 0.988843 0.044866 0.000016
194 59 0.988843 0.037366 0.000011
194 60 0.988844 0.029575 0.000007
194 61 0.988844 0.021493 0.000004
194 62 0.988844 0.013119 0.000002
194 63 0.988845 0.004454 0.000000
195 0 0.988701 0.004456 -0.000000
195 1 0.988700 0.013123 -0.000002
195 2 0.988700 0.021500 -0.000005
195 3 0.988699 0.029584 -0.000009
195 4 0.988699 0.037376 -0.000013
195 5 0.988699 0.044877 -0.000019
195 6 0.988699 0.052088 -0.000025
195 7 0.988700 0.059008 -0.000030
195 8 0.988701 0.065639 -0.000036
195 9 0.988702 0.071981 -0.000041
195 10 0.988703 0.078036 -0.000046
195 11 0.988705 0.083804 -0.000051
195 12 0.988707 0.089286 -0.000055
195 13 0.988710 0.094484 -0.000058
195 14 0.988713 0.099399 -0.000060
195 15 0.988716 0.104031 -0.000062
195 16 0.988720 0.108382 -0.000062
195 17 0.988723 0.112453 -0.000062
195 18 0.988727 0.116246 -0.000061
195 19 0.988731 0.119761 -0.000060
195 20 0.988735 0.123000 -0.000058
195 21 0.988739 0.125964 -0.000055
195 22 0.988743 0.128654 -0.000051
195 23 0.988746 0.131072 -0.000047
195 24 0.988750 0.133218 -0.000043
195 25 0.988753 0.135093 -0.000038
195 26 0.988756 0.136699 -0.000032
195 27 0.988758 0.138036 -0.000027
195 28 0.988760 0.139104 -0.000021
195 29 0.988762 0.139905 -0.000015
195 30 0.988763 0.140439 -0.000009
195 31 0.988763 0.140706 -0.000003
195 32 0.988763 0.140706 0.000003
195 33 0.988763 0.140439 0.000009
195 34 0.988762 0.139905 0.000015
195 35 0.988760 0.139104 0.000021
195 36 0.988758 0.138036 0.000027
195 37 0.988756 0.136699 0.000032
195 38 0.988753 0.135093 0.000038
195 39 0.988750 0.133218 0.000043
195 40 0.988746 0.131072 0.000047
195 41 0.988743 0.128654 0.000051
195 42 0.988739 0.125964 0.000055
195 43 0.988735 0.123000 0.000058
195 44 0.988731 0.119761 0.000060
195 45 0.988727 0.116246 0.000061
195 46 0.988723 0.112453 0.000062
195 47 0.988720 0.108382 0.000062
195 48 0.988716 0.104031 0.000062
195 49 0.988713 0.099399 0.000060
195 50 0.988710 0.094484 0.000058
195 51 0.988707 0.089286 0.000055
195 52 0.988705 0.083804 0.000051
195 53 0.988703 0.078036 0.000046
195 54 0.988702 0.071981 0.000041
195 55 0.988701 0.065639 0.000036
195 56 0.988700 0.059008 0.000030
195 57 0.988699 0.052088 0.000025
195 58 0.988699 0.044877 0.000019
195 59 0.988699 0.037376 0.000013
195 60 0.988699 0.029584 0.000009
195 61 0.988700 0.021500 0.000005
195 62 0.988700 0.013123 0.000002
195 63 0.988701 0.004456 0.000000
196 0 0.988557 0.004457 -0.000000
196 1 0.988556 0.013128 -0.000002
196 2 0.988555 0.021506 -0.000005
196 3 0.988555 0.029593 -0.000010
196 4 0.988554 0.037387 -0.000016
196 5 0.988554 0.044890 -0.000022
196 6 0.988555 0.052102 -0.000029
196 7 0.988555 0.059023 -0.000035
196 8 0.988556 0.065655 -0.000042
196 9 0.988557 0.071997 -0.000049
196 10 0.988559 0.078052 -0.000055
196 11 0.988561 0.083821 -0.000060
196 12 0.988564 0.089303 -0.000065
196 13 0.988567 0.094501 -0.000068
196 14 0.988570 0.099415 -0.000071
196 15 0.988573 0.104047 -0.000073
196 16 0.988577 0.108398 -0.000074
196 17 0.988581 0.112469 -0.000074
196 18 0.988585 0.116261 -0.000074
196 19 0.988590 0.119776 -0.000072
196 20 0.988594 0.123015 -0.000069
196 21 0.988598 0.125979 -0.000066
196 22 0.988603 0.128668 -0.000062
196 23 0.988607 0.131086 -0.000057
196 24 0.988610 0.133232 -0.000052
196 25 0.988614 0.135107 -0.000046
196 26 0.988617 0.136712 -0.000040
196 27 0.988620 0.138049 -0.000033
196 28 0.988622 0.139117 -0.000026
196 29 0.988624 0.139918 -0.000019
196 30 0.988625 0.140452 -0.000011
196 31 0.988625 0.140718 -0.000004
196 32 0.988625 0.140718 0.000004
196 33 0.988625 0.140452 0.000011
196 34 0.988624 0.139918 0.000019
196 35 0.988622 0.139117 0.000026
196 36 0.988620 0.138049 0.000033
196 37 0.988617 0.136712 0.000040
196 38 0.988614 0.135107 0.000046
196 39 0.988610 0.133232 0.000052
196 40 0.988607 0.131086 0.000057
196 41 0.988603 0.128668 0.000062
196 42 0.988598 0.125979 0.000066
196 43 0.988594 0.123015 0.000069
196 44 0.988590 0.119776 0.000072
196 45 0.988585 0.116261 0.000074
196 46 0.988581 0.112469 0.000074
196 47 0.988577 0.108398 0.000074
196 48 0.988573 0.104047 0.000073
196 49 0.988570 0.099415 0.000071
196 50 0.988567 0.094501 0.000068
196 51 0.988564 0.089303 0.000065
196 52 0.988561 0.083821 0.000060
196 53 0.988559 0.078052 0.000055
196 54 0.988557 0.071997 0.000049
196 55 0.988556 0.065655 0.000042
196 56 0.988555 0.059023 0.000035
196 57 0.988555 0.052102 0.000029
196 58 0.988554 0.044890 0.000022
196 59 0.988554 0.037387 0.000016
196 60 0.988555 0.029593 0.000010
196 61 0.988555 0.021506 0.000005
196 62 0.988556 0.013128 0.000002
196 63 0.988557 0.004457 0.000000
197 0 0.988412 0.004459 -0.000000
197 1 0.988411 0.013133 -0.000002
197 2 0.988411 0.021514 -0.000006
197 3 0.988410 0.029603 -0.000012
197 4 0.988410 0.037399 -0.000018
197 5 0.988410 0.044904 -0.000025
197 6 0.988410 0.052117 -0.000033
197 7 0.988410 0.059039 -0.000041
197 8 0.988411 0.065671 -0.000049
197 9 0.988413 0.072015 -0.000057
197 10 0.988415 0.078070 -0.000064
197 11 0.988417 0.083838 -0.000070
197 12 0.988420 0.089321 -0.000076
197 13 0.988423 0.094518 -0.000080
197 14 0.988427 0.099432 -0.000084
197 15 0.988431 0.104064 -0.000086
197 16 0.988435 0.108414 -0.000088
197 17 0.988439 0.112485 -0.000088
197 18 0.988444 0.116276 -0.000087
197 19 0.988449 0.119791 -0.000085
197 20 0.988454 0.123029 -0.000082
197 21 0.988458 0.125992 -0.000079
197 22 0.988463 0.128682 -0.000074
197 23 0.988467 0.131099 -0.000068
197 24 0.988472 0.133244 -0.000062
197 25 0.988475 0.135119 -0.000055
197 26 0.988479 0.136724 -0.000047
197 27 0.988482 0.138061 -0.000040
197 28 0.988484 0.139129 -0.000031
197 29 0.988486 0.139929 -0.000022
197 30 0.988487 0.140463 -0.000014
197 31 0.988488 0.140730 -0.000005
197 32 0.988488 0.140730 0.000005
197 33 0.988487 0.140463 0.000014
197 34 0.988486 0.139929 0.000022
197 35 0.988484 0.139129 0.000031
197 36 0.988482 0.138061 0.000040
197 37 0.988479 0.136724 0.000047
197 38 0.988475 0.135119 0.000055
197 39 0.988472 0.133244 0.000062
197 40 0.988467 0.131099 0.000068
197 41 0.988463 0.128682 0.000074
197 42 0.988458 0.125992 0.000079
197 43 0.988454 0.123029 0.000082
197 44 0.988449 0.119791 0.000085
197 45 0.988444 0.116276 0.000087
197 46 0.988439 0.112485 0.000088
197 47 0.988435 0.108414 0.000088
197 48 0.988431 0.104064 0.000086
197 49 0.988427 0.099432 0.000084
197 50 0.988423 0.094518 0.000080
197 51 0.988420 0.089321 0.000076
197 52 0.988417 0.083838 0.000070
197 53 0.988415 0.078070 0.000064
197 54 0.988413 0.072015 0.000057
197 55 0.988411 0.065671 0.000049
197 56 0.988410 0.059039 0.000041
197 57 0.988410 0.052117 0.000033
197 58 0.988410 0.044904 0.000025
197 59 0.988410 0.037399 0.000018
197 60 0.988410 0.029603 0.000012
197 61 0.988411 0.021514 0.000006
197 62 0.988411 0.013133 0.000002
197 63 0.988412 0.004459 0.000000
198 0 0.988268 0.004461 -0.000000
198 1 0.988267 0.013138 -0.000003
198 2 0.988266 0.021522 -0.000007
198 3 0.988265 0.029613 -0.000013
198 4 0.988265 0.037412 -0.000021
198 5 0.988265 0.044918 -0.000029
198 6 0.988265 0.052133 -0.000038
198 7 0.988266 0.059056 -0.000047
198 8 0.988267 0.065689 -0.000057
198 9 0.988268 0.072033 -0.000065
198 10 0.988270 0.078089 -0.000074
198 11 0.988273 0.083857 -0.000081
198 12 0.988276 0.089339 -0.000088
198 13 0.988279 0.094537 -0.000093
198 14 0.988283 0.099450 -0.000097
198 15 0.988288 0.104081 -0.000101
198 16 0.988292 0.108431 -0.000102
198 17 0.988297 0.112501 -0.000103
198 18 0.988303 0.116292 -0.000102
198 19 0.988308 0.119805 -0.000100
198 20 0.988313 0.123043 -0.000097
198 21 0.988318 0.126006 -0.000092
198 22 0.988324 0.128694 -0.000087
198 23 0.988329 0.131111 -0.000080
198 24 0.988333 0.133256 -0.000073
198 25 0.988337 0.135130 -0.000065
198 26 0.988341 0.136735 -0.000056
198 27 0.988344 0.138071 -0.000047
198 28 0.988347 0.139139 -0.000037
198 29 0.988349 0.139939 -0.000027
198 30 0.988351 0.140473 -0.000016
198 31 0.988351 0.140739 -0.000005
198 32 0.988351 0.140739 0.000005
198 33 0.988351 0.140473 0.000016
198 34 0.988349 0.139939 0.000027
198 35 0.988347 0.139139 0.000037
198 36 0.988344 0.138071 0.000047
198 37 0.988341 0.136735 0.000056
198 38 0.988337 0.135130 0.000065
198 39 0.988333 0.133256 0.000073
198 40 0.988329 0.131111 0.000080
198 41 0.988324 0.128694 0.000087
198 42 0.988318 0.126006 0.000092
198 43 0.988313 0.123043 0.000097
198 44 0.988308 0.119805 0.000100
198 45 0.988303 0.116292 0.000102
198 46 0.988297 0.112501 0.000103
198 47 0.988292 0.108431 0.000102
198 48 0.988288 0.104081 0.000101
198 49 0.988283 0.099450 0.000097
198 50 0.988279 0.094537 0.000093
198 51 0.988276 0.089339 0.000088
198 52 0.988273 0.083857 0.000081
198 53 0.988270 0.078089 0.000074
198 54 0.988268 0.072033 0.000065
198 55 0.988267 0.065689 0.000057
198 56 0.988266 0.059056 0.000047
198 57 0.988265 0.052133 0.000038
198 58 0.988265 0.044918 0.000029
198 59 0.988265 0.037412 0.000021
198 60 0.988265 0.029613 0.000013
198 61 0.988266 0.021522 0.000007
198 62 0.988267 0.013138 0.000003
198 63 0.988268 0.004461 0.000000
199 0 0.988123 0.004462 -0.000000
199 1 0.988122 0.013143 -0.000003
199 2 0.988121 0.021531 -0.000008
199 3 0.988120 0.029625 -0.000015
199 4 0.988120 0.037426 -0.000024
199 5 0.988120 0.044934 -0.000033
199 6 0.988120 0.052150 -0.000044
199 7 0.988121 0.059075 -0.000054
199 8 0.988122 0.065709 -0.000065
199 9 0.988124 0.072053 -0.000075
199 10 0.988126 0.078109 -0.000085
199 11 0.988129 0.083877 -0.000093
199 12 0.988132 0.089359 -0.000101
199 13 0.988136 0.094556 -0.000107
199 14 0.988140 0.099468 -0.000113
199 15 0.988145 0.104099 -0.000116
199 16 0.988150 0.108448 -0.000118
199 17 0.988156 0.112517 -0.000119
199 18 0.988161 0.116307 -0.000118
199 19 0.988167 0.119820 -0.000116
199 20 0.988173 0.123056 -0.000112
199 21 0.988179 0.126018 -0.000107
199 22 0.988185 0.128706 -0.000101
199 23 0.988190 0.131122 -0.000094
199 24 0.988195 0.133266 -0.000085
199 25 0.988200 0.135140 -0.000076
199 26 0.988204 0.136744 -0.000066
199 27 0.988208 0.138079 -0.000055
199 28 0.988211 0.139147 -0.000043
199 29 0.988213 0.139947 -0.000031
199 30 0.988215 0.140480 -0.000019
199 31 0.988215 0.140747 -0.000006
199 32 0.988215 0.140747 0.000006
199 33 0.988215 0.140480 0.000019
199 34 0.988213 0.139947 0.000031
199 35 0.988211 0.139147 0.000043
199 36 0.988208 0.138079 0.000055
199 37 0.988204 0.136744 0.000066
199 38 0.988200 0.135140 0.000076
199 39 0.988195 0.133266 0.000085
199 40 0.988190 0.131122 0.000094
199 41 0.988185 0.128706 0.000101
199 42 0.988179 0.126018 0.000107
199 43 0.988173 0.123056 0.000112
199 44 0.988167 0.119820 0.000116
199 45 0.988161 0.116307 0.000118
199 46 0.988156 0.112517 0.000119
199 47 0.988150 0.108448 0.000118
199 48 0.988145 0.104099 0.000116
199 49 0.988140 0.099468 0.000113
199 50 0.988136 0.094556 0.000107
199 51 0.988132 0.089359 0.000101
199 52 0.988129 0.083877 0.000093
199 53 0.988126 0.078109 0.000085
199 54 0.988124 0.072053 0.000075
199 55 0.988122 0.065709 0.000065
199 56 0.988121 0.059075 0.000054
199 57 0.988120 0.052150 0.000044
199 58 0.988120 0.044934 0.000033
199 59 0.988120 0.037426 0.000024
199 60 0.988120 0.029625 0.000015
199 61 0.988121 0.021531 0.000008
199 62 0.988122 0.013143 0.000003
199 63 0.988123 0.004462 0.000000
200 0 0.987979 0.004465 -0.000001
200 1 0.987977 0.013149 -0.000004
200 2 0.987976 0.021541 -0.000009
200 3 0.987975 0.029638 -0.000017
200 4 0.987975 0.037441 -0.000027
200 5 0.987974 0.044952 -0.000038
200 6 0.987975 0.052169 -0.000050
200 7 0.987975 0.059095 -0.000062
200 8 0.987977 0.065730 -0.000074
200 9 0.987979 0.072074 -0.000086
200 10 0.987981 0.078130 -0.000097
200 11 0.987984 0.083898 -0.000107
200 12 0.987988 0.089379 -0.000116
200 13 0.987992 0.094576 -0.000123
200 14 0.987997 0.099488 -0.000129
200 15 0.988002 0.104117 -0.000133
200 16 0.988008 0.108465 -0.000136
200 17 0.988014 0.112533 -0.000137
200 18 0.988021 0.116322 -0.000136
200 19 0.988027 0.119834 -0.000134
200 20 0.988034 0.123069 -0.000130
200 21 0.988040 0.126030 -0.000124
200 22 0.988046 0.128717 -0.000117
200 23 0.988052 0.131131 -0.000108
200 24 0.988058 0.133275 -0.000099
200 25 0.988063 0.135148 -0.000088
200 26 0.988068 0.136751 -0.000076
200 27 0.988072 0.138086 -0.000063
200 28 0.988075 0.139153 -0.000050
200 29 0.988078 0.139953 -0.000036
200 30 0.988079 0.140486 -0.000022
200 31 0.988080 0.140753 -0.000007
200 32 0.988080 0.140753 0.000007
200 33 0.988079 0.140486 0.000022
200 34 0.988078 0.139953 0.000036
200 35 0.988075 0.139153 0.000050
200 36 0.988072 0.138086 0.000063
200 37 0.988068 0.136751 0.000076
200 38 0.988063 0.135148 0.000088
200 39 0.988058 0.133275 0.000099
200 40 0.988052 0.131131 0.000108
200 41 0.988046 0.128717 0.000117
200 42 0.988040 0.126030 0.000124
200 43 0.988034 0.123069 0.000130
200 44 0.988027 0.119834 0.000134
200 45 0.988021 0.116322 0.000136
200 46 0.988014 0.112533 0.000137
200 47 0.988008 0.108465 0.000136
200 48 0.988002 0.104117 0.000133
200 49 0.987997 0.099488 0.000129
200 50 0.987992 0.094576 0.000123
200 51 0.987988 0.089379 0.000116
200 52 0.987984 0.083898 0.000107
200 53 0.987981 0.078130 0.000097
200 54 0.987979 0.072074 0.000086
200 55 0.987977 0.065730 0.000074
200 56 0.987975 0.059095 0.000062
200 57 0.987975 0.052169 0.000050
200 58 0.987974 0.044952 0.000038
200 59 0.987975 0.037441 0.000027
200 60 0.987975 0.029638 0.000017
200 61 0.987976 0.021541 0.000009
200 62 0.987977 0.013149 0.000004
200 63 0.987979 0.004465 0.000001
201 0 0.987834 0.004467 -0.000001
201 1 0.987832 0.013156 -0.000004
201 2 0.987831 0.021551 -0.000011
201 3 0.987830 0.029652 -0.000020
201 4 0.987829 0.037458 -0.000031
201 5 0.987829 0.044971 -0.000043
201 6 0.987829 0.052190 -0.000057
201 7 0.987830 0.059117 -0.000070
201 8 0.987831 0.065752 -0.000084
201 9 0.987833 0.072097 -0.000098
201 10 0.987836 0.078153 -0.000110
201 11 0.987840 0.083921 -0.000122
201 12 0.987844 0.089401 -0.000132
201 13 0.987849 0.094597 -0.000141
201 14 0.987854 0.099508 -0.000147
201 15 0.987860 0.104136 -0.000153
201 16 0.987866 0.108482 -0.000156
201 17 0.987873 0.112549 -0.000157
201 18 0.987880 0.116337 -0.000156
201 19 0.987887 0.119847 -0.000153
201 20 0.987894 0.123081 -0.000149
201 21 0.987902 0.126041 -0.000142
201 22 0.987909 0.128726 -0.000134
201 23 0.987915 0.131140 -0.000125
201 24 0.987922 0.133282 -0.000114
201 25 0.987927 0.135154 -0.000101
201 26 0.987932 0.136757 -0.000088
201 27 0.987937 0.138091 -0.000073
201 28 0.987941 0.139158 -0.000058
201 29 0.987943 0.139957 -0.000042
201 30 0.987945 0.140490 -0.000025
201 31 0.987946 0.140756 -0.000008
201 32 0.987946 0.140756 0.000008
201 33 0.987945 0.140490 0.000025
201 34 0.987943 0.139957 0.000042
201 35 0.987941 0.139158 0.000058
201 36 0.987937 0.138091 0.000073
201 37 0.987932 0.136757 0.000088
201 38 0.987927 0.135154 0.000101
201 39 0.987922 0.133282 0.000114
201 40 0.987915 0.131140 0.000125
201 41 0.987909 0.128726 0.000134
201 42 0.987902 0.126041 0.000142
201 43 0.987894 0.123081 0.000149
201 44 0.987887 0.119847 0.000153
201 45 0.987880 0.116337 0.000156
201 46 0.987873 0.112549 0.000157
201 47 0.987866 0.108482 0.000156
201 48 0.987860 0.104136 0.000153
201 49 0.987854 0.099508 0.000147
201 50 0.987849 0.094597 0.000141
201 51 0.987844 0.089401 0.000132
201 52 0.987840 0.083921 0.000122
201 53 0.987836 0.078153 0.000110
201 54 0.987833 0.072097 0.000098
201 55 0.987831 0.065752 0.000084
201 56 0.987830 0.059117 0.000070
201 57 0.987829 0.052190 0.000057
201 58 0.987829 0.044971 0.000043
201 59 0.987829 0.037458 0.000031
201 60 0.987830 0.029652 0.000020
201 61 0.987831 0.021551 0.000011
201 62 0.987832 0.013156 0.000004
201 63 0.987834 0.004467 0.000001
202 0 0.987689 0.004470 -0.000001
202 1 0.987687 0.013164 -0.000005
202 2 0.987685 0.021563 -0.000012
202 3 0.987684 0.029667 -0.000022
202 4 0.987683 0.037476 -0.000035
202 5 0.987683 0.044991 -0.000049
202 6 0.987683 0.052212 -0.000064
202 7 0.987684 0.059140 -0.000080
202 8 0.987686 0.065776 -0.000096
202 9 0.987688 0.072122 -0.000111
202 10 0.987691 0.078177 -0.000125
202 11 0.987695 0.083944 -0.000138
202 12 0.987700 0.089424 -0.000150
202 13 0.987705 0.094619 -0.000160
202 14 0.987711 0.099528 -0.000168
202 15 0.987717 0.104155 -0.000174
202 16 0.987724 0.108500 -0.000177
202 17 0.987732 0.112565 -0.000179
202 18 0.987740 0.116351 -0.000178
202 19 0.987748 0.119860 -0.000175
202 20 0.987756 0.123093 -0.000170
202 21 0.987764 0.126051 -0.000163
202 22 0.987771 0.128735 -0.000154
202 23 0.987779 0.131147 -0.000143
202 24 0.987786 0.133288 -0.000130
202 25 0.987792 0.135159 -0.000116
202 26 0.987798 0.136760 -0.000100
202 27 0.987803 0.138094 -0.000084
202 28 0.987807 0.139160 -0.000066
202 29 0.987810 0.139959 -0.000048
202 30 0.987812 0.140491 -0.000029
202 31 0.987813 0.140757 -0.000010
202 32 0.987813 0.140757 0.000010
202 33 0.987812 0.140491 0.000029
202 34 0.987810 0.139959 0.000048
202 35 0.987807 0.139160 0.000066
202 36 0.987803 0.138094 0.000084
202 37 0.987798 0.136760 0.000100
202 38 0.987792 0.135159 0.000116
202 39 0.987786 0.133288 0.000130
202 40 0.987779 0.131147 0.000143
202 41 0.987771 0.128735 0.000154
202 42 0.987764 0.126051 0.000163
202 43 0.987756 0.123093 0.000170
202 44 0.987748 0.119860 0.000175
202 45 0.987740 0.116351 0.000178
202 46 0.987732 0.112565 0.000179
202 47 0.987724 0.108500 0.000177
202 48 0.987717 0.104155 0.000174
202 49 0.987711 0.099528 0.000168
202 50 0.987705 0.094619 0.000160
202 51 0.987700 0.089424 0.000150
202 52 0.987695 0.083944 0.000138
202 53 0.987691 0.078177 0.000125
202 54 0.987688 0.072122 0.000111
202 55 0.987686 0.065776 0.000096
202 56 0.987684 0.059140 0.000080
202 57 0.987683 0.052212 0.000064
202 58 0.987683 0.044991 0.000049
202 59 0.987683 0.037476 0.000035
202 60 0.987684 0.029667 0.000022
202 61 0.987685 0.021563 0.000012
202 62 0.987687 0.013164 0.000005
202 63 0.987689 0.004470 0.000001
203 0 0.987543 0.004472 -0.000001
203 1 0.987541 0.013172 -0.000005
203 2 0.987539 0.021575 -0.000014
203 3 0.987538 0.029683 -0.000025
203 4 0.987537 0.037496 -0.000039
203 5 0.987537 0.045013 -0.000055
203 6 0.987537 0.052236 -0.000072
203 7 0.987538 0.059166 -0.000090
203 8 0.987540 0.065803 -0.000108
203 9 0.987543 0.072148 -0.000125
203 10 0.987546 0.078204 -0.000142
203 11 0.987550 0.083970 -0.000157
203 12 0.987555 0.089449 -0.000170
203 13 0.987561 0.094642 -0.000181
203 14 0.987568 0.099550 -0.000190
203 15 0.987575 0.104175 -0.000197
203 16 0.987583 0.108519 -0.000201
203 17 0.987591 0.112582 -0.000203
203 18 0.987600 0.116366 -0.000202
203 19 0.987609 0.119873 -0.000199
203 20 0.987617 0.123103 -0.000193
203 21 0.987626 0.126059 -0.000185
203 22 0.987635 0.128742 -0.000175
203 23 0.987643 0.131152 -0.000162
203 24 0.987651 0.133292 -0.000148
203 25 0.987658 0.135161 -0.000132
203 26 0.987664 0.136762 -0.000114
203 27 0.987670 0.138094 -0.000095
203 28 0.987674 0.139159 -0.000075
203 29 0.987677 0.139957 -0.000054
203 30 0.987680 0.140489 -0.000033
203 31 0.987681 0.140755 -0.000011
203 32 0.987681 0.140755 0.000011
203 33 0.987680 0.140489 0.000033
203 34 0.987677 0.139957 0.000054
203 35 0.987674 0.139159 0.000075
203 36 0.987670 0.138094 0.000095
203 37 0.987664 0.136762 0.000114
203 38 0.987658 0.135161 0.000132
203 39 0.987651 0.133292 0.000148
203 40 0.987643 0.131152 0.000162
203 41 0.987635 0.128742 0.000175
203 42 0.987626 0.126059 0.000185
203 43 0.987617 0.123103 0.000193
203 44 0.987609 0.119873 0.000199
203 45 0.987600 0.116366 0.000202
203 46 0.987591 0.112582 0.000203
203 47 0.987583 0.108519 0.000201
203 48 0.987575 0.104175 0.000197
203 49 0.987568 0.099550 0.000190
203 50 0.987561 0.094642 0.000181
203 51 0.987555 0.089449 0.000170
203 52 0.987550 0.083970 0.000157
203 53 0.987546 0.078204 0.000142
203 54 0.987543 0.072148 0.000125
203 55 0.987540 0.065803 0.000108
203 56 0.987538 0.059166 0.000090
203 57 0.987537 0.052236 0.000072
203 58 0.987537 0.045013 0.000055
203 59 0.987537 0.037496 0.000039
203 60 0.987538 0.029683 0.000025
203 61 0.987539 0.021575 0.000014
203 62 0.987541 0.013172 0.000005
203 63 0.987543 0.004472 0.000001
204 0 0.987398 0.004476 -0.000001
204 1 0.987395 0.013181 -0.000006
204 2 0.987393 0.021589 -0.000015
204 3 0.987392 0.029702 -0.000028
204 4 0.987391 0.037518 -0.000044
204 5 0.987390 0.045038 -0.000062
204 6 0.987391 0.052263 -0.000082
204 7 0.987392 0.059194 -0.000102
204 8 0.987394 0.065831 -0.000122
204 9 0.987397 0.072177 -0.000141
204 10 0.987400 0.078232 -0.000160
204 11 0.987405 0.083997 -0.000177
204 12 0.987411 0.089475 -0.000192
204 13 0.987417 0.094667 -0.000205
204 14 0.987425 0.099573 -0.000215
204 15 0.987433 0.104196 -0.000223
204 16 0.987441 0.108538 -0.000228
204 17 0.987450 0.112598 -0.000230
204 18 0.987460 0.116380 -0.000229
204 19 0.987470 0.119885 -0.000225
204 20 0.987480 0.123113 -0.000219
204 21 0.987489 0.126067 -0.000210
204 22 0.987499 0.128747 -0.000198
204 23 0.987508 0.131156 -0.000184
204 24 0.987517 0.133294 -0.000168
204 25 0.987525 0.135162 -0.000150
204 26 0.987532 0.136761 -0.000130
204 27 0.987538 0.138092 -0.000108
204 28 0.987542 0.139156 -0.000085
204 29 0.987546 0.139953 -0.000062
204 30 0.987549 0.140485 -0.000037
204 31 0.987550 0.140750 -0.000012
204 32 0.987550 0.140750 0.000012
204 33 0.987549 0.140485 0.000037
204 34 0.987546 0.139953 0.000062
204 35 0.987542 0.139156 0.000085
204 36 0.987538 0.138092 0.000108
204 37 0.987532 0.136761 0.000130
204 38 0.987525 0.135162 0.000150
204 39 0.987517 0.133294 0.000168
204 40 0.987508 0.131156 0.000184
204 41 0.987499 0.128747 0.000198
204 42 0.987489 0.126067 0.000210
204 43 0.987480 0.123113 0.000219
204 44 0.987470 0.119885 0.000225
204 45 0.987460 0.116380 0.000229
204 46 0.987450 0.112598 0.000230
204 47 0.987441 0.108538 0.000228
204 48 0.987433 0.104196 0.000223
204 49 0.987425 0.099573 0.000215
204 50 0.987417 0.094667 0.000205
204 51 0.987411 0.089475 0.000192
204 52 0.987405 0.083997 0.000177
204 53 0.987400 0.078232 0.000160
204 54 0.987397 0.072177 0.000141
204 55 0.987394 0.065831 0.000122
204 56 0.987392 0.059194 0.000102
204 57 0.987391 0.052263 0.000082
204 58 0.987390 0.045038 0.000062
204 59 0.987391 0.037518 0.000044
204 60 0.987392 0.029702 0.000028
204 61 0.987393 0.021589 0.000015
204 62 0.987395 0.013181 0.000006
204 63 0.987398 0.004476 0.000001
205 0 0.987252 0.004479 -0.000001
205 1 0.987249 0.013190 -0.000007
205 2 0.987247 0.021605 -0.000017
205 3 0.987245 0.029722 -0.000032
205 4 0.987244 0.037541 -0.000050
205 5 0.987244 0.045065 -0.000070
205 6 0.987244 0.052292 -0.000092
205 7 0.987245 0.059224 -0.000115
205 8 0.987247 0.065862 -0.000137
205 9 0.987250 0.072208 -0.000159
205 10 0.987255 0.078262 -0.000180
205 11 0.987260 0.084027 -0.000199
205 12 0.987266 0.089503 -0.000216
205 13 0.987273 0.094693 -0.000231
205 14 0.987281 0.099597 -0.000243
205 15 0.987290 0.104218 -0.000251
205 16 0.987300 0.108557 -0.000257
205 17 0.987310 0.112615 -0.000259
205 18 0.987321 0.116394 -0.000259
205 19 0.987332 0.119896 -0.000255
205 20 0.987343 0.123122 -0.000247
205 21 0.987353 0.126073 -0.000237
205 22 0.987364 0.128751 -0.000224
205 23 0.987374 0.131158 -0.000208
205 24 0.987384 0.133293 -0.000190
205 25 0.987392 0.135159 -0.000169
205 26 0.987400 0.136757 -0.000147
205 27 0.987407 0.138087 -0.000122
205 28 0.987412 0.139149 -0.000097
205 29 0.987416 0.139946 -0.000070
205 30 0.987419 0.140477 -0.000042
205 31 0.987421 0.140742 -0.000014
205 32 0.987421 0.140742 0.000014
205 33 0.987419 0.140477 0.000042
205 34 0.987416 0.139946 0.000070
205 35 0.987412 0.139149 0.000097
205 36 0.987407 0.138087 0.000122
205 37 0.987400 0.136757 0.000147
205 38 0.987392 0.135159 0.000169
205 39 0.987384 0.133293 0.000190
205 40 0.987374 0.131158 0.000208
205 41 0.987364 0.128751 0.000224
205 42 0.987353 0.126073 0.000237
205 43 0.987343 0.123122 0.000247
205 44 0.987332 0.119896 0.000255
205 45 0.987321 0.116394 0.000259
205 46 0.987310 0.112615 0.000259
205 47 0.987300 0.108557 0.000257
205 48 0.987290 0.104218 0.000251
205 49 0.987281 0.099597 0.000243
205 50 0.987273 0.094693 0.000231
205 51 0.987266 0.089503 0.000216
205 52 0.987260 0.084027 0.000199
205 53 0.987255 0.078262 0.000180
205 54 0.987250 0.072208 0.000159
205 55 0.987247 0.065862 0.000137
205 56 0.987245 0.059224 0.000115
205 57 0.987244 0.052292 0.000092
205 58 0.987244 0.045065 0.000070
205 59 0.987244 0.037541 0.000050
205 60 0.987245 0.029722 0.000032
205 61 0.987247 0.021605 0.000017
205 62 0.987249 0.013190 0.000007
205 63 0.987252 0.004479 0.000001
206 0 0.987106 0.004483 -0.000001
206 1 0.987103 0.013201 -0.000007
206 2 0.987100 0.021621 -0.000019
206 3 0.987098 0.029743 -0.000036
206 4 0.987097 0.037567 -0.000056
206 5 0.987096 0.045094 -0.000079
206 6 0.987097 0.052323 -0.000103
206 7 0.987098 0.059257 -0.000129
206 8 0.987100 0.065896 -0.000154
206 9 0.987104 0.072241 -0.000179
206 10 0.987109 0.078295 -0.000203
206 11 0.987114 0.084059 -0.000224
206 12 0.987121 0.089533 -0.000243
206 13 0.987129 0.094721 -0.000260
206 14 0.987138 0.099623 -0.000273
206 15 0.987148 0.104241 -0.000283
206 16 0.987159 0.108577 -0.000289
206 17 0.987170 0.112632 -0.000292
206 18 0.987182 0.116408 -0.000291
206 19 0.987194 0.119907 -0.000287
206 20 0.987206 0.123130 -0.000279
206 21 0.987218 0.126078 -0.000267
206 22 0.987230 0.128754 -0.000253
206 23 0.987241 0.131157 -0.000235
206 24 0.987252 0.133290 -0.000214
206 25 0.987261 0.135154 -0.000191
206 26 0.987270 0.136750 -0.000166
206 27 0.987277 0.138078 -0.000138
206 28 0.987283 0.139140 -0.000109
206 29 0.987288 0.139935 -0.000079
206 30 0.987291 0.140465 -0.000048
206 31 0.987293 0.140730 -0.000016
206 32 0.987293 0.140730 0.000016
206 33 0.987291 0.140465 0.000048
206 34 0.987288 0.139935 0.000079
206 35 0.987283 0.139140 0.000109
206 36 0.987277 0.138078 0.000138
206 37 0.987270 0.136750 0.000166
206 38 0.987261 0.135154 0.000191
206 39 0.987252 0.133290 0.000214
206 40 0.987241 0.131157 0.000235
206 41 0.987230 0.128754 0.000253
206 42 0.987218 0.126078 0.000267
206 43 0.987206 0.123130 0.000279
206 44 0.987194 0.119907 0.000287
206 45 0.987182 0.116408 0.000291
206 46 0.987170 0.112632 0.000292
206 47 0.987159 0.108577 0.000289
206 48 0.987148 0.104241 0.000283
206 49 0.987138 0.099623 0.000273
206 50 0.987129 0.094721 0.000260
206 51 0.987121 0.089533 0.000243
206 52 0.987114 0.084059 0.000224
206 53 0.987109 0.078295 0.000203
206 54 0.987104 0.072241 0.000179
206 55 0.987100 0.065896 0.000154
206 56 0.987098 0.059257 0.000129
206 57 0.987097 0.052323 0.000103
206 58 0.987096 0.045094 0.000079
206 59 0.987097 0.037567 0.000056
206 60 0.987098 0.029743 0.000036
206 61 0.987100 0.021621 0.000019
206 62 0.987103 0.013201 0.000007
206 63 0.987106 0.004483 0.000001
207 0 0.986959 0.004487 -0.000001
207 1 0.986956 0.013213 -0.000008
207 2 0.986953 0.021640 -0.000022
207 3 0.986951 0.029767 -0.000040
207 4 0.986949 0.037596 -0.000063
207 5 0.986949 0.045126 -0.000088
207 6 0.986949 0.052358 -0.000116
207 7 0.986950 0.059293 -0.000144
207 8 0.986953 0.065932 -0.000173
207 9 0.986957 0.072278 -0.000201
207 10 0.986962 0.078331 -0.000227
207 11 0.986969 0.084093 -0.000252
207 12 0.986976 0.089565 -0.000273
207 13 0.986985 0.094750 -0.000292
207 14 0.986995 0.099650 -0.000307
207 15 0.987006 0.104265 -0.000318
207 16 0.987018 0.108597 -0.000325
207 17 0.987031 0.112649 -0.000329
207 18 0.987044 0.116422 -0.000328
207 19 0.987057 0.119917 -0.000323
207 20 0.987071 0.123136 -0.000314
207 21 0.987084 0.126081 -0.000301
207 22 0.987097 0.128754 -0.000284
207 23 0.987109 0.131154 -0.000264
207 24 0.987121 0.133285 -0.000241
207 25 0.987132 0.135146 -0.000215
207 26 0.987141 0.136740 -0.000186
207 27 0.987149 0.138066 -0.000156
207 28 0.987156 0.139126 -0.000123
207 29 0.987161 0.139921 -0.000089
207 30 0.987165 0.140450 -0.000054
207 31 0.987167 0.140715 -0.000018
207 32 0.987167 0.140715 0.000018
207 33 0.987165 0.140450 0.000054
207 34 0.987161 0.139921 0.000089
207 35 0.987156 0.139126 0.000123
207 36 0.987149 0.138066 0.000156
207 37 0.987141 0.136740 0.000186
207 38 0.987132 0.135146 0.000215
207 39 0.987121 0.133285 0.000241
207 40 0.987109 0.131154 0.000264
207 41 0.987097 0.128754 0.000284
207 42 0.987084 0.126081 0.000301
207 43 0.987071 0.123136 0.000314
207 44 0.987057 0.119917 0.000323
207 45 0.987044 0.116422 0.000328
207 46 0.987031 0.112649 0.000329
207 47 0.987018 0.108597 0.000325
207 48 0.987006 0.104265 0.000318
207 49 0.986995 0.099650 0.000307
207 50 0.986985 0.094750 0.000292
207 51 0.986976 0.089565 0.000273
207 52 0.986969 0.084093 0.000252
207 53 0.986962 0.078331 0.000227
207 54 0.986957 0.072278 0.000201
207 55 0.986953 0.065932 0.000173
207 56 0.986950 0.059293 0.000144
207 57 0.986949 0.052358 0.000116
207 58 0.986949 0.045126 0.000088
207 59 0.986949 0.037596 0.000063
207 60 0.986951 0.029767 0.000040
207 61 0.986953 0.021640 0.000022
207 62 0.986956 0.013213 0.000008
207 63 0.986959 0.004487 0.000001
208 0 0.986812 0.004492 -0.000001
208 1 0.986808 0.013226 -0.000009
208 2 0.986805 0.021660 -0.000024
208 3 0.986803 0.029794 -0.000045
208 4 0.986801 0.037627 -0.000070
208 5 0.986800 0.045161 -0.000099
208 6 0.986801 0.052396 -0.000130
208 7 0.986802 0.059332 -0.000162
208 8 0.986805 0.065972 -0.000194
208 9 0.986810 0.072318 -0.000225
208 10 0.986815 0.078369 -0.000255
208 11 0.986822 0.084130 -0.000282
208 12 0.986831 0.089600 -0.000307
208 13 0.986841 0.094782 -0.000327
208 14 0.986852 0.099678 -0.000344
208 15 0.986864 0.104289 -0.000357
208 16 0.986877 0.108618 -0.000365
208 17 0.986891 0.112666 -0.000369
208 18 0.986906 0.116435 -0.000368
208 19 0.986921 0.119926 -0.000362
208 20 0.986936 0.123142 -0.000352
208 21 0.986951 0.126083 -0.000338
208 22 0.986965 0.128751 -0.000319
208 23 0.986979 0.131149 -0.000297
208 24 0.986992 0.133276 -0.000271
208 25 0.987003 0.135135 -0.000242
208 26 0.987014 0.136726 -0.000210
208 27 0.987023 0.138050 -0.000175
208 28 0.987031 0.139108 -0.000138
208 29 0.987036 0.139901 -0.000100
208 30 0.987040 0.140430 -0.000060
208 31 0.987042 0.140694 -0.000020
208 32 0.987042 0.140694 0.000020
208 33 0.987040 0.140430 0.000060
208 34 0.987036 0.139901 0.000100
208 35 0.987031 0.139108 0.000138
208 36 0.987023 0.138050 0.000175
208 37 0.987014 0.136726 0.000210
208 38 0.987003 0.135135 0.000242
208 39 0.986992 0.133276 0.000271
208 40 0.986979 0.131149 0.000297
208 41 0.986965 0.128751 0.000319
208 42 0.986951 0.126083 0.000338
208 43 0.986936 0.123142 0.000352
208 44 0.986921 0.119926 0.000362
208 45 0.986906 0.116435 0.000368
208 46 0.986891 0.112666 0.000369
208 47 0.986877 0.108618 0.000365
208 48 0.986864 0.104289 0.000357
208 49 0.986852 0.099678 0.000344
208 50 0.986841 0.094782 0.000327
208 51 0.986831 0.089600 0.000307
208 52 0.986822 0.084130 0.000282
208 53 0.986815 0.078369 0.000255
208 54 0.986810 0.072318 0.000225
208 55 0.986805 0.065972 0.000194
208 56 0.986802 0.059332 0.000162
208 57 0.986801 0.052396 0.000130
208 58 0.986800 0.045161 0.000099
208 59 0.986801 0.037627 0.000070
208 60 0.986803 0.029794 0.000045
208 61 0.986805 0.021660 0.000024
208 62 0.986808 0.013226 0.000009
208 63 0.986812 0.004492 0.000001
209 0 0.986664 0.004497 -0.000002
209 1 0.986660 0.013240 -0.000011
209 2 0.986657 0.021682 -0.000027
209 3 0.986654 0.029823 -0.000050
209 4 0.986652 0.037662 -0.000079
209 5 0.986651 0.045200 -0.000111
209 6 0.986652 0.052437 -0.000146
209 7 0.986654 0.059375 -0.000182
209 8 0.986657 0.066016 -0.000218
209 9 0.986662 0.072361 -0.000253
209 10 0.986668 0.078411 -0.000286
209 11 0.986676 0.084170 -0.000316
209 12 0.986685 0.089637 -0.000344
209 13 0.986696 0.094816 -0.000367
209 14 0.986709 0.099708 -0.000386
209 15 0.986722 0.104316 -0.000400
209 16 0.986737 0.108640 -0.000409
209 17 0.986753 0.112683 -0.000414
209 18 0.986769 0.116448 -0.000413
209 19 0.986785 0.119934 -0.000406
209 20 0.986802 0.123145 -0.000395
209 21 0.986818 0.126082 -0.000379
209 22 0.986834 0.128747 -0.000358
209 23 0.986850 0.131140 -0.000333
209 24 0.986864 0.133264 -0.000304
209 25 0.986877 0.135119 -0.000271
209 26 0.986889 0.136707 -0.000235
209 27 0.986899 0.138029 -0.000196
209 28 0.986907 0.139086 -0.000155
209 29 0.986913 0.139878 -0.000112
209 30 0.986918 0.140405 -0.000068
209 31 0.986920 0.140669 -0.000023
209 32 0.986920 0.140669 0.000023
209 33 0.986918 0.140405 0.000068
209 34 0.986913 0.139878 0.000112
209 35 0.986907 0.139086 0.000155
209 36 0.986899 0.138029 0.000196
209 37 0.986889 0.136707 0.000235
209 38 0.986877 0.135119 0.000271
209 39 0.986864 0.133264 0.000304
209 40 0.986850 0.131140 0.000333
209 41 0.986834 0.128747 0.000358
209 42 0.986818 0.126082 0.000379
209 43 0.986802 0.123145 0.000395
209 44 0.986785 0.119934 0.000406
209 45 0.986769 0.116448 0.000413
209 46 0.986753 0.112683 0.000414
209 47 0.986737 0.108640 0.000409
209 48 0.986722 0.104316 0.000400
209 49 0.986709 0.099708 0.000386
209 50 0.986696 0.094816 0.000367
209 51 0.986685 0.089637 0.000344
209 52 0.986676 0.084170 0.000316
209 53 0.986668 0.078411 0.000286
209 54 0.986662 0.072361 0.000253
209 55 0.986657 0.066016 0.000218
209 56 0.986654 0.059375 0.000182
209 57 0.986652 0.052437 0.000146
209 58 0.986651 0.045200 0.000111
209 59 0.986652 0.037662 0.000079
209 60 0.986654 0.029823 0.000050
209 61 0.986657 0.021682 0.000027
209 62 0.986660 0.013240 0.000011
209 63 0.986664 0.004497 0.000002
210 0 0.986516 0.004502 -0.000002
210 1 0.986512 0.013256 -0.000012
210 2 0.986508 0.021707 -0.000030
210 3 0.986505 0.029855 -0.000056
210 4 0.986503 0.037700 -0.000088
210 5 0.986502 0.045242 -0.000124
210 6 0.986502 0.052482 -0.000163
210 7 0.986504 0.059423 -0.000203
210 8 0.986508 0.066064 -0.000244
210 9 0.986513 0.072408 -0.000283
210 10 0.986520 0.078457 -0.000320
210 11 0.986529 0.084213 -0.000354
210 12 0.986540 0.089677 -0.000385
210 13 0.986552 0.094852 -0.000411
210 14 0.986566 0.099740 -0.000432
210 15 0.986581 0.104343 -0.000448
210 16 0.986597 0.108663 -0.000459
210 17 0.986614 0.112701 -0.000463
210 18 0.986632 0.116460 -0.000462
210 19 0.986650 0.119941 -0.000455
210 20 0.986669 0.123147 -0.000443
210 21 0.986687 0.126079 -0.000425
210 22 0.986705 0.128739 -0.000401
210 23 0.986722 0.131128 -0.000373
210 24 0.986738 0.133248 -0.000341
210 25 0.986752 0.135100 -0.000304
210 26 0.986765 0.136685 -0.000263
210 27 0.986777 0.138004 -0.000220
210 28 0.986786 0.139058 -0.000174
210 29 0.986793 0.139848 -0.000126
210 30 0.986797 0.140375 -0.000076
210 31 0.986800 0.140638 -0.000025
210 32 0.986800 0.140638 0.000025
210 33 0.986797 0.140375 0.000076
210 34 0.986793 0.139848 0.000126
210 35 0.986786 0.139058 0.000174
210 36 0.986777 0.138004 0.000220
210 37 0.986765 0.136685 0.000263
210 38 0.986752 0.135100 0.000304
210 39 0.986738 0.133248 0.000341
210 40 0.986722 0.131128 0.000373
210 41 0.986705 0.128739 0.000401
210 42 0.986687 0.126079 0.000425
210 43 0.986669 0.123147 0.000443
210 44 0.986650 0.119941 0.000455
210 45 0.986632 0.116460 0.000462
210 46 0.986614 0.112701 0.000463
210 47 0.986597 0.108663 0.000459
210 48 0.986581 0.104343 0.000448
210 49 0.986566 0.099740 0.000432
210 50 0.986552 0.094852 0.000411
210 51 0.986540 0.089677 0.000385
210 52 0.986529 0.084213 0.000354
210 53 0.986520 0.078457 0.000320
210 54 0.986513 0.072408 0.000283
210 55 0.986508 0.066064 0.000244
210 56 0.986504 0.059423 0.000203
210 57 0.986502 0.052482 0.000163
210 58 0.986502 0.045242 0.000124
210 59 0.986503 0.037700 0.000088
210 60 0.986505 0.029855 0.000056
210 61 0.986508 0.021707 0.000030
210 62 0.986512 0.013256 0.000012
210 63 0.986516 0.004502 0.000002
211 0 0.986368 0.004509 -0.000002
211 1 0.986363 0.013273 -0.000013
211 2 0.986358 0.021734 -0.000034
211 3 0.986355 0.029890 -0.000063
211 4 0.986353 0.037742 -0.000099
211 5 0.986352 0.045289 -0.000139
211 6 0.986352 0.052533 -0.000182
211 7 0.986354 0.059474 -0.000227
211 8 0.986358 0.066116 -0.000272
211 9 0.986364 0.072460 -0.000316
211 10 0.986372 0.078507 -0.000358
211 11 0.986382 0.084260 -0.000396
211 12 0.986394 0.089721 -0.000431
211 13 0.986407 0.094891 -0.000460
211 14 0.986423 0.099775 -0.000484
211 15 0.986439 0.104372 -0.000501
211 16 0.986457 0.108686 -0.000513
211 17 0.986477 0.112719 -0.000518
211 18 0.986496 0.116472 -0.000517
211 19 0.986517 0.119947 -0.000509
211 20 0.986537 0.123148 -0.000495
211 21 0.986557 0.126074 -0.000475
211 22 0.986577 0.128729 -0.000449
211 23 0.986596 0.131113 -0.000418
211 24 0.986614 0.133228 -0.000381
211 25 0.986630 0.135076 -0.000340
211 26 0.986644 0.136657 -0.000295
211 27 0.986657 0.137973 -0.000246
211 28 0.986667 0.139025 -0.000194
211 29 0.986674 0.139813 -0.000141
211 30 0.986680 0.140338 -0.000085
211 31 0.986682 0.140601 -0.000028
211 32 0.986682 0.140601 0.000028
211 33 0.986680 0.140338 0.000085
211 34 0.986674 0.139813 0.000141
211 35 0.986667 0.139025 0.000194
211 36 0.986657 0.137973 0.000246
211 37 0.986644 0.136657 0.000295
211 38 0.986630 0.135076 0.000340
211 39 0.986614 0.133228 0.000381
211 40 0.986596 0.131113 0.000418
211 41 0.986577 0.128729 0.000449
211 42 0.986557 0.126074 0.000475
211 43 0.986537 0.123148 0.000495
211 44 0.986517 0.119947 0.000509
211 45 0.986496 0.116472 0.000517
211 46 0.986477 0.112719 0.000518
211 47 0.986457 0.108686 0.000513
211 48 0.986439 0.104372 0.000501
211 49 0.986423 0.099775 0.000484
211 50 0.986407 0.094891 0.000460
211 51 0.986394 0.089721 0.000431
211 52 0.986382 0.084260 0.000396
211 53 0.986372 0.078507 0.000358
211 54 0.986364 0.072460 0.000316
211 55 0.986358 0.066116 0.000272
211 56 0.986354 0.059474 0.000227
211 57 0.986352 0.052533 0.000182
211 58 0.986352 0.045289 0.000139
211 59 0.986353 0.037742 0.000099
211 60 0.986355 0.029890 0.000063
211 61 0.986358 0.021734 0.000034
211 62 0.986363 0.013273 0.000013
211 63 0.986368 0.004509 0.000002
212 0 0.986219 0.004515 -0.000002
212 1 0.986213 0.013293 -0.000015
212 2 0.986208 0.021764 -0.000038
212 3 0.986204 0.029929 -0.000071
212 4 0.986202 0.037788 -0.000110
212 5 0.986200 0.045340 -0.000155
212 6 0.986201 0.052588 -0.000204
212 7 0.986203 0.059531 -0.000254
212 8 0.986208 0.066174 -0.000305
212 9 0.986214 0.072516 -0.000354
212 10 0.986223 0.078561 -0.000400
212 11 0.986234 0.084311 -0.000443
212 12 0.986247 0.089768 -0.000481
212 13 0.986262 0.094934 -0.000514
212 14 0.986279 0.099811 -0.000541
212 15 0.986298 0.104403 -0.000560
212 16 0.986318 0.108710 -0.000573
212 17 0.986339 0.112736 -0.000579
212 18 0.986361 0.116483 -0.000578
212 19 0.986384 0.119952 -0.000569
212 20 0.986407 0.123146 -0.000554
212 21 0.986429 0.126066 -0.000531
212 22 0.986451 0.128715 -0.000502
212 23 0.986472 0.131093 -0.000467
212 24 0.986491 0.133203 -0.000426
212 25 0.986509 0.135046 -0.000380
212 26 0.986525 0.136624 -0.000329
212 27 0.986539 0.137937 -0.000275
212 28 0.986550 0.138986 -0.000217
212 29 0.986559 0.139772 -0.000157
212 30 0.986565 0.140295 -0.000095
212 31 0.986568 0.140557 -0.000032
212 32 0.986568 0.140557 0.000032
212 33 0.986565 0.140295 0.000095
212 34 0.986559 0.139772 0.000157
212 35 0.986550 0.138986 0.000217
212 36 0.986539 0.137937 0.000275
212 37 0.986525 0.136624 0.000329
212 38 0.986509 0.135046 0.000380
212 39 0.986491 0.133203 0.000426
212 40 0.986472 0.131093 0.000467
212 41 0.986451 0.128715 0.000502
212 42 0.986429 0.126066 0.000531
212 43 0.986407 0.123146 0.000554
212 44 0.986384 0.119952 0.000569
212 45 0.986361 0.116483 0.000578
212 46 0.986339 0.112736 0.000579
212 47 0.986318 0.108710 0.000573
212 48 0.986298 0.104403 0.000560
212 49 0.986279 0.099811 0.000541
212 50 0.986262 0.094934 0.000514
212 51 0.986247 0.089768 0.000481
212 52 0.986234 0.084311 0.000443
212 53 0.986223 0.078561 0.000400
212 54 0.986214 0.072516 0.000354
212 55 0.986208 0.066174 0.000305
212 56 0.986203 0.059531 0.000254
212 57 0.986201 0.052588 0.000204
212 58 0.986200 0.045340 0.000155
212 59 0.986202 0.037788 0.000110
212 60 0.986204 0.029929 0.000071
212 61 0.986208 0.021764 0.000038
212 62 0.986213 0.013293 0.000015
212 63 0.986219 0.004515 0.000002
213 0 0.986069 0.004523 -0.000002
213 1 0.986062 0.013314 -0.000016
213 2 0.986057 0.021797 -0.000043
213 3 0.986052 0.029972 -0.000079
213 4 0.986050 0.037839 -0.000123
213 5 0.986048 0.045397 -0.000174
213 6 0.986049 0.052648 -0.000228
213 7 0.986052 0.059594 -0.000284
213 8 0.986057 0.066237 -0.000340
213 9 0.986064 0.072578 -0.000395
213 10 0.986074 0.078621 -0.000447
213 11 0.986086 0.084367 -0.000495
213 12 0.986100 0.089818 -0.000538
213 13 0.986117 0.094979 -0.000574
213 14 0.986136 0.099850 -0.000604
213 15 0.986157 0.104435 -0.000626
213 16 0.986179 0.108736 -0.000641
213 17 0.986203 0.112754 -0.000647
213 18 0.986227 0.116493 -0.000645
213 19 0.986252 0.119955 -0.000636
213 20 0.986278 0.123142 -0.000618
213 21 0.986303 0.126055 -0.000593
213 22 0.986327 0.128697 -0.000560
213 23 0.986350 0.131069 -0.000521
213 24 0.986372 0.133174 -0.000476
213 25 0.986391 0.135011 -0.000424
213 26 0.986409 0.136584 -0.000368
213 27 0.986424 0.137893 -0.000307
213 28 0.986437 0.138939 -0.000243
213 29 0.986446 0.139723 -0.000175
213 30 0.986453 0.140245 -0.000106
213 31 0.986456 0.140506 -0.000035
213 32 0.986456 0.140506 0.000035
213 33 0.986453 0.140245 0.000106
213 34 0.986446 0.139723 0.000175
213 35 0.986437 0.138939 0.000243
213 36 0.986424 0.137893 0.000307
213 37 0.986409 0.136584 0.000368
213 38 0.986391 0.135011 0.000424
213 39 0.986372 0.133174 0.000476
213 40 0.986350 0.131069 0.000521
213 41 0.986327 0.128697 0.000560
213 42 0.986303 0.126055 0.000593
213 43 0.986278 0.123142 0.000618
213 44 0.986252 0.119955 0.000636
213 45 0.986227 0.116493 0.000645
213 46 0.986203 0.112754 0.000647
213 47 0.986179 0.108736 0.000641
213 48 0.986157 0.104435 0.000626
213 49 0.986136 0.099850 0.000604
213 50 0.986117 0.094979 0.000574
213 51 0.986100 0.089818 0.000538
213 52 0.986086 0.084367 0.000495
213 53 0.986074 0.078621 0.000447
213 54 0.986064 0.072578 0.000395
213 55 0.986057 0.066237 0.000340
213 56 0.986052 0.059594 0.000284
213 57 0.986049 0.052648 0.000228
213 58 0.986048 0.045397 0.000174
213 59 0.986050 0.037839 0.000123
213 60 0.986052 0.029972 0.000079
213 61 0.986057 0.021797 0.000043
213 62 0.986062 0.013314 0.000016
213 63 0.986069 0.004523 0.000002
214 0 0.985918 0.004531 -0.000003
214 1 0.985911 0.013338 -0.000018
214 2 0.985905 0.021834 -0.000048
214 3 0.985900 0.030020 -0.000088
214 4 0.985897 0.037895 -0.000138
214 5 0.985895 0.045460 -0.000194
214 6 0.985896 0.052715 -0.000255
214 7 0.985899 0.059663 -0.000317
214 8 0.985904 0.066306 -0.000380
214 9 0.985913 0.072646 -0.000442
214 10 0.985923 0.078686 -0.000500
214 11 0.985937 0.084427 -0.000553
214 12 0.985953 0.089874 -0.000601
214 13 0.985972 0.095028 -0.000641
214 14 0.985993 0.099892 -0.000674
214 15 0.986016 0.104469 -0.000699
214 16 0.986041 0.108762 -0.000715
214 17 0.986067 0.112772 -0.000722
214 18 0.986094 0.116503 -0.000720
214 19 0.986122 0.119957 -0.000710
214 20 0.986150 0.123135 -0.000690
214 21 0.986178 0.126040 -0.000662
214 22 0.986205 0.128675 -0.000625
214 23 0.986230 0.131040 -0.000581
214 24 0.986254 0.133138 -0.000531
214 25 0.986276 0.134970 -0.000473
214 26 0.986296 0.136538 -0.000410
214 27 0.986313 0.137842 -0.000342
214 28 0.986327 0.138885 -0.000271
214 29 0.986337 0.139666 -0.000196
214 30 0.986344 0.140186 -0.000118
214 31 0.986348 0.140446 -0.000040
214 32 0.986348 0.140446 0.000040
214 33 0.986344 0.140186 0.000118
214 34 0.986337 0.139666 0.000196
214 35 0.986327 0.138885 0.000271
214 36 0.986313 0.137842 0.000342
214 37 0.986296 0.136538 0.000410
214 38 0.986276 0.134970 0.000473
214 39 0.986254 0.133138 0.000531
214 40 0.986230 0.131040 0.000581
214 41 0.986205 0.128675 0.000625
214 42 0.986178 0.126040 0.000662
214 43 0.986150 0.123135 0.000690
214 44 0.986122 0.119957 0.000710
214 45 0.986094 0.116503 0.000720
214 46 0.986067 0.112772 0.000722
214 47 0.986041 0.108762 0.000715
214 48 0.986016 0.104469 0.000699
214 49 0.985993 0.099892 0.000674
214 50 0.985972 0.095028 0.000641
214 51 0.985953 0.089874 0.000601
214 52 0.985937 0.084427 0.000553
214 53 0.985923 0.078686 0.000500
214 54 0.985913 0.072646 0.000442
214 55 0.985904 0.066306 0.000380
214 56 0.985899 0.059663 0.000317
214 57 0.985896 0.052715 0.000255
214 58 0.985895 0.045460 0.000194
214 59 0.985897 0.037895 0.000138
214 60 0.985900 0.030020 0.000088
214 61 0.985905 0.021834 0.000048
214 62 0.985911 0.013338 0.000018
214 63 0.985918 0.004531 0.000003
215 0 0.985766 0.004541 -0.000003
215 1 0.985758 0.013364 -0.000021
215 2 0.985751 0.021875 -0.000053
215 3 0.985746 0.030073 -0.000099
215 4 0.985742 0.037957 -0.000154
215 5 0.985741 0.045529 -0.000217
215 6 0.985742 0.052789 -0.000285
215 7 0.985745 0.059739 -0.000355
215 8 0.985751 0.066382 -0.000425
215 9 0.985760 0.072721 -0.000493
215 10 0.985772 0.078757 -0.000558
215 11 0.985788 0.084494 -0.000618
215 12 0.985806 0.089934 -0.000671
215 13 0.985826 0.095081 -0.000716
215 14 0.985850 0.099937 -0.000753
215 15 0.985875 0.104506 -0.000780
215 16 0.985903 0.108789 -0.000798
215 17 0.985932 0.112790 -0.000806
215 18 0.985962 0.116512 -0.000804
215 19 0.985993 0.119956 -0.000791
215 20 0.986024 0.123125 -0.000769
215 21 0.986055 0.126022 -0.000738
215 22 0.986085 0.128648 -0.000697
215 23 0.986113 0.131005 -0.000648
215 24 0.986140 0.133096 -0.000591
215 25 0.986164 0.134922 -0.000528
215 26 0.986186 0.136484 -0.000457
215 27 0.986205 0.137784 -0.000382
215 28 0.986220 0.138822 -0.000302
215 29 0.986232 0.139600 -0.000218
215 30 0.986240 0.140119 -0.000132
215 31 0.986244 0.140378 -0.000044
215 32 0.986244 0.140378 0.000044
215 33 0.986240 0.140119 0.000132
215 34 0.986232 0.139600 0.000218
215 35 0.986220 0.138822 0.000302
215 36 0.986205 0.137784 0.000382
215 37 0.986186 0.136484 0.000457
215 38 0.986164 0.134922 0.000528
215 39 0.986140 0.133096 0.000591
215 40 0.986113 0.131005 0.000648
215 41 0.986085 0.128648 0.000697
215 42 0.986055 0.126022 0.000738
215 43 0.986024 0.123125 0.000769
215 44 0.985993 0.119956 0.000791
215 45 0.985962 0.116512 0.000804
215 46 0.985932 0.112790 0.000806
215 47 0.985903 0.108789 0.000798
215 48 0.985875 0.104506 0.000780
215 49 0.985850 0.099937 0.000753
215 50 0.985826 0.095081 0.000716
215 51 0.985806 0.089934 0.000671
215 52 0.985788 0.084494 0.000618
215 53 0.985772 0.078757 0.000558
215 54 0.985760 0.072721 0.000493
215 55 0.985751 0.066382 0.000425
215 56 0.985745 0.059739 0.000355
215 57 0.985742 0.052789 0.000285
215 58 0.985741 0.045529 0.000217
215 59 0.985742 0.037957 0.000154
215 60 0.985746 0.030073 0.000099
215 61 0.985751 0.021875 0.000053
215 62 0.985758 0.013364 0.000021
215 63 0.985766 0.004541 0.000003
216 0 0.985614 0.004551 -0.000003
216 1 0.985605 0.013393 -0.000023
216 2 0.985597 0.021920 -0.000060
216 3 0.985591 0.030131 -0.000110
216 4 0.985587 0.038026 -0.000172
216 5 0.985585 0.045606 -0.000242
216 6 0.985586 0.052871 -0.000318
216 7 0.985590 0.059823 -0.000396
216 8 0.985597 0.066466 -0.000475
216 9 0.985607 0.072803 -0.000551
216 10 0.985620 0.078835 -0.000623
216 11 0.985637 0.084566 -0.000689
216 12 0.985657 0.090000 -0.000748
216 13 0.985681 0.095138 -0.000799
216 14 0.985707 0.099986 -0.000840
216 15 0.985735 0.104545 -0.000870
216 16 0.985766 0.108818 -0.000890
216 17 0.985798 0.112809 -0.000899
216 18 0.985832 0.116520 -0.000896
216 19 0.985866 0.119953 -0.000882
216 20 0.985900 0.123112 -0.000858
216 21 0.985935 0.125999 -0.000822
216 22 0.985968 0.128616 -0.000777
216 23 0.985999 0.130964 -0.000722
216 24 0.986029 0.133047 -0.000659
216 25 0.986056 0.134866 -0.000588
216 26 0.986080 0.136421 -0.000509
216 27 0.986101 0.137716 -0.000425
216 28 0.986118 0.138750 -0.000336
216 29 0.986131 0.139525 -0.000243
216 30 0.986139 0.140041 -0.000147
216 31 0.986144 0.140299 -0.000049
216 32 0.986144 0.140299 0.000049
216 33 0.986139 0.140041 0.000147
216 34 0.986131 0.139525 0.000243
216 35 0.986118 0.138750 0.000336
216 36 0.986101 0.137716 0.000425
216 37 0.986080 0.136421 0.000509
216 38 0.986056 0.134866 0.000588
216 39 0.986029 0.133047 0.000659
216 40 0.985999 0.130964 0.000722
216 41 0.985968 0.128616 0.000777
216 42 0.985935 0.125999 0.000822
216 43 0.985900 0.123112 0.000858
216 44 0.985866 0.119953 0.000882
216 45 0.985832 0.116520 0.000896
216 46 0.985798 0.112809 0.000899
216 47 0.985766 0.108818 0.000890
216 48 0.985735 0.104545 0.000870
216 49 0.985707 0.099986 0.000840
216 50 0.985681 0.095138 0.000799
216 51 0.985657 0.090000 0.000748
216 52 0.985637 0.084566 0.000689
216 53 0.985620 0.078835 0.000623
216 54 0.985607 0.072803 0.000551
216 55 0.985597 0.066466 0.000475
216 56 0.985590 0.059823 0.000396
216 57 0.985586 0.052871 0.000318
216 58 0.985585 0.045606 0.000242
216 59 0.985587 0.038026 0.000172
216 60 0.985591 0.030131 0.000110
216 61 0.985597 0.021920 0.000060
216 62 0.985605 0.013393 0.000023
216 63 0.985614 0.004551 0.000003
217 0 0.985460 0.004563 -0.000004
217 1 0.985450 0.013425 -0.000026
217 2 0.985441 0.021970 -0.000067
217 3 0.985435 0.030196 -0.000123
217 4 0.985430 0.038103 -0.000192
217 5 0.985428 0.045690 -0.000271
217 6 0.985429 0.052961 -0.000355
217 7 0.985433 0.059916 -0.000443
217 8 0.985441 0.066559 -0.000530
217 9 0.985452 0.072893 -0.000615
217 10 0.985467 0.078920 -0.000696
217 11 0.985486 0.084645 -0.000769
217 12 0.985509 0.090071 -0.000835
217 13 0.985534 0.095201 -0.000891
217 14 0.985563 0.100038 -0.000936
217 15 0.985595 0.104586 -0.000970
217 16 0.985629 0.108848 -0.000992
217 17 0.985665 0.112827 -0.001002
217 18 0.985703 0.116526 -0.000998
217 19 0.985741 0.119948 -0.000983
217 20 0.985779 0.123096 -0.000955
217 21 0.985817 0.125971 -0.000916
217 22 0.985853 0.128578 -0.000865
217 23 0.985888 0.130917 -0.000804
217 24 0.985921 0.132991 -0.000734
217 25 0.985951 0.134801 -0.000654
217 26 0.985978 0.136350 -0.000567
217 27 0.986001 0.137638 -0.000473
217 28 0.986019 0.138667 -0.000374
217 29 0.986034 0.139438 -0.000270
217 30 0.986043 0.139952 -0.000163
217 31 0.986048 0.140209 -0.000055
217 32 0.986048 0.140209 0.000055
217 33 0.986043 0.139952 0.000163
217 34 0.986034 0.139438 0.000270
217 35 0.986019 0.138667 0.000374
217 36 0.986001 0.137638 0.000473
217 37 0.985978 0.136350 0.000567
217 38 0.985951 0.134801 0.000654
217 39 0.985921 0.132991 0.000734
217 40 0.985888 0.130917 0.000804
217 41 0.985853 0.128578 0.000865
217 42 0.985817 0.125971 0.000916
217 43 0.985779 0.123096 0.000955
217 44 0.985741 0.119948 0.000983
217 45 0.985703 0.116526 0.000998
217 46 0.985665 0.112827 0.001002
217 47 0.985629 0.108848 0.000992
217 48 0.985595 0.104586 0.000970
217 49 0.985563 0.100038 0.000936
217 50 0.985534 0.095201 0.000891
217 51 0.985509 0.090071 0.000835
217 52 0.985486 0.084645 0.000769
217 53 0.985467 0.078920 0.000696
217 54 0.985452 0.072893 0.000615
217 55 0.985441 0.066559 0.000530
217 56 0.985433 0.059916 0.000443
217 57 0.985429 0.052961 0.000355
217 58 0.985428 0.045690 0.000271
217 59 0.985430 0.038103 0.000192
217 60 0.985435 0.030196 0.000123
217 61 0.985441 0.021970 0.000067
217 62 0.985450 0.013425 0.000026
217 63 0.985460 0.004563 0.000004
218 0 0.985305 0.004575 -0.000004
218 1 0.985294 0.013461 -0.000029
218 2 0.985284 0.022026 -0.000074
218 3 0.985277 0.030268 -0.000138
218 4 0.985272 0.038187 -0.000215
218 5 0.985269 0.045784 -0.000303
218 6 0.985271 0.053061 -0.000397
218 7 0.985275 0.060019 -0.000494
218 8 0.985284 0.066661 -0.000592
218 9 0.985297 0.072992 -0.000687
218 10 0.985313 0.079015 -0.000776
218 11 0.985334 0.084732 -0.000859
218 12 0.985359 0.090149 -0.000932
218 13 0.985388 0.095269 -0.000994
218 14 0.985420 0.100095 -0.001044
218 15 0.985455 0.104630 -0.001082
218 16 0.985493 0.108880 -0.001106
218 17 0.985533 0.112845 -0.001116
218 18 0.985575 0.116531 -0.001112
218 19 0.985617 0.119940 -0.001095
218 20 0.985660 0.123075 -0.001064
218 21 0.985701 0.125939 -0.001020
218 22 0.985742 0.128533 -0.000963
218 23 0.985781 0.130861 -0.000895
218 24 0.985817 0.132925 -0.000816
218 25 0.985850 0.134727 -0.000728
218 26 0.985880 0.136268 -0.000631
218 27 0.985905 0.137549 -0.000526
218 28 0.985926 0.138573 -0.000416
218 29 0.985942 0.139340 -0.000301
218 30 0.985953 0.139851 -0.000182
218 31 0.985958 0.140106 -0.000061
218 32 0.985958 0.140106 0.000061
218 33 0.985953 0.139851 0.000182
218 34 0.985942 0.139340 0.000301
218 35 0.985926 0.138573 0.000416
218 36 0.985905 0.137549 0.000526
218 37 0.985880 0.136268 0.000631
218 38 0.985850 0.134727 0.000728
218 39 0.985817 0.132925 0.000816
218 40 0.985781 0.130861 0.000895
218 41 0.985742 0.128533 0.000963
218 42 0.985701 0.125939 0.001020
218 43 0.985660 0.123075 0.001064
218 44 0.985617 0.119940 0.001095
218 45 0.985575 0.116531 0.001112
218 46 0.985533 0.112845 0.001116
218 47 0.985493 0.108880 0.001106
218 48 0.985455 0.104630 0.001082
218 49 0.985420 0.100095 0.001044
218 50 0.985388 0.095269 0.000994
218 51 0.985359 0.090149 0.000932
218 52 0.985334 0.084732 0.000859
218 53 0.985313 0.079015 0.000776
218 54 0.985297 0.072992 0.000687
218 55 0.985284 0.066661 0.000592
218 56 0.985275 0.060019 0.000494
218 57 0.985271 0.053061 0.000397
218 58 0.985269 0.045784 0.000303
218 59 0.985272 0.038187 0.000215
218 60 0.985277 0.030268 0.000138
218 61 0.985284 0.022026 0.000074
218 62 0.985294 0.013461 0.000029
218 63 0.985305 0.004575 0.000004
219 0 0.985149 0.004589 -0.000005
219 1 0.985136 0.013501 -0.000032
219 2 0.985125 0.022088 -0.000083
219 3 0.985117 0.030348 -0.000154
219 4 0.985111 0.038282 -0.000240
219 5 0.985109 0.045889 -0.000338
219 6 0.985110 0.053171 -0.000443
219 7 0.985115 0.060132 -0.000552
219 8 0.985125 0.066774 -0.000661
219 9 0.985139 0.073102 -0.000767
219 10 0.985158 0.079118 -0.000866
219 11 0.985181 0.084828 -0.000958
219 12 0.985209 0.090234 -0.001039
219 13 0.985241 0.095342 -0.001108
219 14 0.985277 0.100155 -0.001164
219 15 0.985316 0.104678 -0.001205
219 16 0.985358 0.108912 -0.001232
219 17 0.985403 0.112864 -0.001243
219 18 0.985449 0.116535 -0.001238
219 19 0.985496 0.119929 -0.001219
219 20 0.985543 0.123050 -0.001184
219 21 0.985589 0.125900 -0.001135
219 22 0.985634 0.128481 -0.001072
219 23 0.985677 0.130797 -0.000996
219 24 0.985718 0.132850 -0.000908
219 25 0.985754 0.134642 -0.000809
219 26 0.985787 0.136174 -0.000701
219 27 0.985815 0.137448 -0.000585
219 28 0.985838 0.138466 -0.000462
219 29 0.985856 0.139229 -0.000334
219 30 0.985867 0.139736 -0.000202
219 31 0.985873 0.139990 -0.000068
219 32 0.985873 0.139990 0.000068
219 33 0.985867 0.139736 0.000202
219 34 0.985856 0.139229 0.000334
219 35 0.985838 0.138466 0.000462
219 36 0.985815 0.137448 0.000585
219 37 0.985787 0.136174 0.000701
219 38 0.985754 0.134642 0.000809
219 39 0.985718 0.132850 0.000908
219 40 0.985677 0.130797 0.000996
219 41 0.985634 0.128481 0.001072
219 42 0.985589 0.125900 0.001135
219 43 0.985543 0.123050 0.001184
219 44 0.985496 0.119929 0.001219
219 45 0.985449 0.116535 0.001238
219 46 0.985403 0.112864 0.001243
219 47 0.985358 0.108912 0.001232
219 48 0.985316 0.104678 0.001205
219 49 0.985277 0.100155 0.001164
219 50 0.985241 0.095342 0.001108
219 51 0.985209 0.090234 0.001039
219 52 0.985181 0.084828 0.000958
219 53 0.985158 0.079118 0.000866
219 54 0.985139 0.073102 0.000767
219 55 0.985125 0.066774 0.000661
219 56 0.985115 0.060132 0.000552
219 57 0.985110 0.053171 0.000443
219 58 0.985109 0.045889 0.000338
219 59 0.985111 0.038282 0.000240
219 60 0.985117 0.030348 0.000154
219 61 0.985125 0.022088 0.000083
219 62 0.985136 0.013501 0.000032
219 63 0.985149 0.004589 0.000005
220 0 0.984991 0.004605 -0.000005
220 1 0.984976 0.013545 -0.000036
220 2 0.984964 0.022157 -0.000093
220 3 0.984955 0.030437 -0.000172
220 4 0.984949 0.038386 -0.000269
220 5 0.984946 0.046004 -0.000378
220 6 0.984948 0.053294 -0.000495
220 7 0.984954 0.060257 -0.000617
220 8 0.984964 0.066899 -0.000738
220 9 0.984980 0.073222 -0.000856
220 10 0.985001 0.079232 -0.000967
220 11 0.985027 0.084932 -0.001069
220 12 0.985058 0.090328 -0.001159
220 13 0.985094 0.095423 -0.001236
220 14 0.985134 0.100221 -0.001297
220 15 0.985178 0.104728 -0.001343
220 16 0.985225 0.108947 -0.001372
220 17 0.985274 0.112882 -0.001384
220 18 0.985325 0.116537 -0.001379
220 19 0.985377 0.119915 -0.001356
220 20 0.985429 0.123019 -0.001317
220 21 0.985481 0.125854 -0.001262
220 22 0.985531 0.128421 -0.001192
220 23 0.985578 0.130724 -0.001107
220 24 0.985623 0.132764 -0.001009
220 25 0.985663 0.134545 -0.000900
220 26 0.985699 0.136067 -0.000779
220 27 0.985730 0.137334 -0.000650
220 28 0.985756 0.138345 -0.000514
220 29 0.985775 0.139102 -0.000371
220 30 0.985789 0.139607 -0.000224
220 31 0.985795 0.139859 -0.000075
220 32 0.985795 0.139859 0.000075
220 33 0.985789 0.139607 0.000224
220 34 0.985775 0.139102 0.000371
220 35 0.985756 0.138345 0.000514
220 36 0.985730 0.137334 0.000650
220 37 0.985699 0.136067 0.000779
220 38 0.985663 0.134545 0.000900
220 39 0.985623 0.132764 0.001009
220 40 0.985578 0.130724 0.001107
220 41 0.985531 0.128421 0.001192
220 42 0.985481 0.125854 0.001262
220 43 0.985429 0.123019 0.001317
220 44 0.985377 0.119915 0.001356
220 45 0.985325 0.116537 0.001379
220 46 0.985274 0.112882 0.001384
220 47 0.985225 0.108947 0.001372
220 48 0.985178 0.104728 0.001343
220 49 0.985134 0.100221 0.001297
220 50 0.985094 0.095423 0.001236
220 51 0.985058 0.090328 0.001159
220 52 0.985027 0.084932 0.001069
220 53 0.985001 0.079232 0.000967
220 54 0.984980 0.073222 0.000856
220 55 0.984964 0.066899 0.000738
220 56 0.984954 0.060257 0.000617
220 57 0.984948 0.053294 0.000495
220 58 0.984946 0.046004 0.000378
220 59 0.984949 0.038386 0.000269
220 60 0.984955 0.030437 0.000172
220 61 0.984964 0.022157 0.000093
220 62 0.984976 0.013545 0.000036
220 63 0.984991 0.004605 0.000005
221 0 0.984831 0.004623 -0.000006
221 1 0.984815 0.013594 -0.000040
221 2 0.984802 0.022233 -0.000104
221 3 0.984791 0.030536 -0.000193
221 4 0.984784 0.038502 -0.000301
221 5 0.984781 0.046132 -0.000423
221 6 0.984783 0.053429 -0.000554
221 7 0.984790 0.060396 -0.000689
221 8 0.984802 0.067037 -0.000824
221 9 0.984819 0.073356 -0.000956
221 10 0.984843 0.079358 -0.001079
221 11 0.984872 0.085047 -0.001192
221 12 0.984907 0.090430 -0.001292
221 13 0.984946 0.095510 -0.001377
221 14 0.984991 0.100293 -0.001446
221 15 0.985040 0.104782 -0.001496
221 16 0.985092 0.108983 -0.001528
221 17 0.985147 0.112900 -0.001540
221 18 0.985203 0.116536 -0.001534
221 19 0.985261 0.119896 -0.001509
221 20 0.985319 0.122983 -0.001465
221 21 0.985376 0.125801 -0.001403
221 22 0.985431 0.128352 -0.001324
221 23 0.985484 0.130640 -0.001230
221 24 0.985533 0.132667 -0.001121
221 25 0.985578 0.134435 -0.000999
221 26 0.985618 0.135947 -0.000866
221 27 0.985652 0.137204 -0.000722
221 28 0.985680 0.138208 -0.000570
221 29 0.985702 0.138960 -0.000412
221 30 0.985716 0.139461 -0.000249
221 31 0.985724 0.139711 -0.000083
221 32 0.985724 0.139711 0.000083
221 33 0.985716 0.139461 0.000249
221 34 0.985702 0.138960 0.000412
221 35 0.985680 0.138208 0.000570
221 36 0.985652 0.137204 0.000722
221 37 0.985618 0.135947 0.000866
221 38 0.985578 0.134435 0.000999
221 39 0.985533 0.132667 0.001121
221 40 0.985484 0.130640 0.001230
221 41 0.985431 0.128352 0.001324
221 42 0.985376 0.125801 0.001403
221 43 0.985319 0.122983 0.001465
221 44 0.985261 0.119896 0.001509
221 45 0.985203 0.116536 0.001534
221 46 0.985147 0.112900 0.001540
221 47 0.985092 0.108983 0.001528
221 48 0.985040 0.104782 0.001496
221 49 0.984991 0.100293 0.001446
221 50 0.984946 0.095510 0.001377
221 51 0.984907 0.090430 0.001292
221 52 0.984872 0.085047 0.001192
221 53 0.984843 0.079358 0.001079
221 54 0.984819 0.073356 0.000956
221 55 0.984802 0.067037 0.000824
221 56 0.984790 0.060396 0.000689
221 57 0.984783 0.053429 0.000554
221 58 0.984781 0.046132 0.000423
221 59 0.984784 0.038502 0.000301
221 60 0.984791 0.030536 0.000193
221 61 0.984802 0.022233 0.000104
221 62 0.984815 0.013594 0.000040
221 63 0.984831 0.004623 0.000006
222 0 0.984669 0.004643 -0.000007
222 1 0.984651 0.013650 -0.000045
222 2 0.984636 0.022318 -0.000117
222 3 0.984625 0.030646 -0.000216
222 4 0.984617 0.038631 -0.000336
222 5 0.984614 0.046275 -0.000473
222 6 0.984616 0.053580 -0.000619
222 7 0.984623 0.060550 -0.000770
222 8 0.984637 0.067189 -0.000921
222 9 0.984657 0.073503 -0.001067
222 10 0.984683 0.079496 -0.001205
222 11 0.984715 0.085174 -0.001330
222 12 0.984754 0.090542 -0.001441
222 13 0.984798 0.095605 -0.001535
222 14 0.984848 0.100370 -0.001611
222 15 0.984902 0.104840 -0.001666
222 16 0.984960 0.109021 -0.001701
222 17 0.985021 0.112917 -0.001714
222 18 0.985084 0.116533 -0.001707
222 19 0.985148 0.119873 -0.001678
222 20 0.985212 0.122941 -0.001628
222 21 0.985275 0.125739 -0.001559
222 22 0.985337 0.128273 -0.001471
222 23 0.985395 0.130544 -0.001366
222 24 0.985449 0.132556 -0.001245
222 25 0.985499 0.134311 -0.001109
222 26 0.985543 0.135811 -0.000961
222 27 0.985581 0.137058 -0.000801
222 28 0.985612 0.138054 -0.000633
222 29 0.985636 0.138800 -0.000457
222 30 0.985652 0.139296 -0.000276
222 31 0.985660 0.139544 -0.000092
222 32 0.985660 0.139544 0.000092
222 33 0.985652 0.139296 0.000276
222 34 0.985636 0.138800 0.000457
222 35 0.985612 0.138054 0.000633
222 36 0.985581 0.137058 0.000801
222 37 0.985543 0.135811 0.000961
222 38 0.985499 0.134311 0.001109
222 39 0.985449 0.132556 0.001245
222 40 0.985395 0.130544 0.001366
222 41 0.985337 0.128273 0.001471
222 42 0.985275 0.125739 0.001559
222 43 0.985212 0.122941 0.001628
222 44 0.985148 0.119873 0.001678
222 45 0.985084 0.116533 0.001707
222 46 0.985021 0.112917 0.001714
222 47 0.984960 0.109021 0.001701
222 48 0.984902 0.104840 0.001666
222 49 0.984848 0.100370 0.001611
222 50 0.984798 0.095605 0.001535
222 51 0.984754 0.090542 0.001441
222 52 0.984715 0.085174 0.001330
222 53 0.984683 0.079496 0.001205
222 54 0.984657 0.073503 0.001067
222 55 0.984637 0.067189 0.000921
222 56 0.984623 0.060550 0.000770
222 57 0.984616 0.053580 0.000619
222 58 0.984614 0.046275 0.000473
222 59 0.984617 0.038631 0.000336
222 60 0.984625 0.030646 0.000216
222 61 0.984636 0.022318 0.000117
222 62 0.984651 0.013650 0.000045
222 63 0.984669 0.004643 0.000007
223 0 0.984505 0.004664 -0.000008
223 1 0.984485 0.013711 -0.000051
223 2 0.984468 0.022413 -0.000131
223 3 0.984455 0.030768 -0.000241
223 4 0.984447 0.038775 -0.000376
223 5 0.984443 0.046434 -0.000529
223 6 0.984446 0.053748 -0.000692
223 7 0.984454 0.060721 -0.000861
223 8 0.984469 0.067358 -0.001029
223 9 0.984491 0.073666 -0.001192
223 10 0.984521 0.079648 -0.001345
223 11 0.984557 0.085313 -0.001484
223 12 0.984600 0.090664 -0.001607
223 13 0.984650 0.095709 -0.001711
223 14 0.984705 0.100453 -0.001795
223 15 0.984765 0.104902 -0.001855
223 16 0.984830 0.109061 -0.001893
223 17 0.984898 0.112934 -0.001907
223 18 0.984968 0.116527 -0.001898
223 19 0.985039 0.119845 -0.001865
223 20 0.985110 0.122891 -0.001809
223 21 0.985180 0.125669 -0.001732
223 22 0.985247 0.128183 -0.001634
223 23 0.985312 0.130436 -0.001517
223 24 0.985372 0.132431 -0.001382
223 25 0.985427 0.134171 -0.001231
223 26 0.985476 0.135658 -0.001066
223 27 0.985518 0.136894 -0.000889
223 28 0.985552 0.137881 -0.000702
223 29 0.985578 0.138620 -0.000507
223 30 0.985596 0.139112 -0.000306
223 31 0.985605 0.139358 -0.000103
223 32 0.985605 0.139358 0.000103
223 33 0.985596 0.139112 0.000306
223 34 0.985578 0.138620 0.000507
223 35 0.985552 0.137881 0.000702
223 36 0.985518 0.136894 0.000889
223 37 0.985476 0.135658 0.001066
223 38 0.985427 0.134171 0.001231
223 39 0.985372 0.132431 0.001382
223 40 0.985312 0.130436 0.001517
223 41 0.985247 0.128183 0.001634
223 42 0.985180 0.125669 0.001732
223 43 0.985110 0.122891 0.001809
223 44 0.985039 0.119845 0.001865
223 45 0.984968 0.116527 0.001898
223 46 0.984898 0.112934 0.001907
223 47 0.984830 0.109061 0.001893
223 48 0.984765 0.104902 0.001855
223 49 0.984705 0.100453 0.001795
223 50 0.984650 0.095709 0.001711
223 51 0.984600 0.090664 0.001607
223 52 0.984557 0.085313 0.001484
223 53 0.984521 0.079648 0.001345
223 54 0.984491 0.073666 0.001192
223 55 0.984469 0.067358 0.001029
223 56 0.984454 0.060721 0.000861
223 57 0.984446 0.053748 0.000692
223 58 0.984443 0.046434 0.000529
223 59 0.984447 0.038775 0.000376
223 60 0.984455 0.030768 0.000241
223 61 0.984468 0.022413 0.000131
223 62 0.984485 0.013711 0.000051
223 63 0.984505 0.004664 0.000008
224 0 0.984339 0.004689 -0.000009
224 1 0.984316 0.013779 -0.000057
224 2 0.984298 0.022520 -0.000146
224 3 0.984283 0.030905 -0.000270
224 4 0.984273 0.038935 -0.000421
224 5 0.984270 0.046610 -0.000592
224 6 0.984272 0.053934 -0.000775
224 7 0.984282 0.060910 -0.000963
224 8 0.984299 0.067546 -0.001150
224 9 0.984324 0.073846 -0.001331
224 10 0.984357 0.079817 -0.001501
224 11 0.984397 0.085465 -0.001656
224 12 0.984446 0.090798 -0.001793
224 13 0.984501 0.095823 -0.001908
224 14 0.984562 0.100544 -0.001999
224 15 0.984629 0.104968 -0.002066
224 16 0.984701 0.109102 -0.002107
224 17 0.984776 0.112950 -0.002122
224 18 0.984854 0.116518 -0.002110
224 19 0.984933 0.119810 -0.002073
224 20 0.985012 0.122832 -0.002010
224 21 0.985089 0.125587 -0.001923
224 22 0.985164 0.128079 -0.001814
224 23 0.985235 0.130312 -0.001683
224 24 0.985302 0.132289 -0.001533
224 25 0.985362 0.134013 -0.001365
224 26 0.985416 0.135485 -0.001182
224 27 0.985462 0.136709 -0.000986
224 28 0.985500 0.137686 -0.000778
224 29 0.985529 0.138418 -0.000562
224 30 0.985549 0.138905 -0.000340
224 31 0.985558 0.139148 -0.000114
224 32 0.985558 0.139148 0.000114
224 33 0.985549 0.138905 0.000340
224 34 0.985529 0.138418 0.000562
224 35 0.985500 0.137686 0.000778
224 36 0.985462 0.136709 0.000986
224 37 0.985416 0.135485 0.001182
224 38 0.985362 0.134013 0.001365
224 39 0.985302 0.132289 0.001533
224 40 0.985235 0.130312 0.001683
224 41 0.985164 0.128079 0.001814
224 42 0.985089 0.125587 0.001923
224 43 0.985012 0.122832 0.002010
224 44 0.984933 0.119810 0.002073
224 45 0.984854 0.116518 0.002110
224 46 0.984776 0.112950 0.002122
224 47 0.984701 0.109102 0.002107
224 48 0.984629 0.104968 0.002066
224 49 0.984562 0.100544 0.001999
224 50 0.984501 0.095823 0.001908
224 51 0.984446 0.090798 0.001793
224 52 0.984397 0.085465 0.001656
224 53 0.984357 0.079817 0.001501
224 54 0.984324 0.073846 0.001331
224 55 0.984299 0.067546 0.001150
224 56 0.984282 0.060910 0.000963
224 57 0.984272 0.053934 0.000775
224 58 0.984270 0.046610 0.000592
224 59 0.984273 0.038935 0.000421
224 60 0.984283 0.030905 0.000270
224 61 0.984298 0.022520 0.000146
224 62 0.984316 0.013779 0.000057
224 63 0.984339 0.004689 0.000009
225 0 0.984169 0.004716 -0.000010
225 1 0.984144 0.013856 -0.000064
225 2 0.984123 0.022638 -0.000164
225 3 0.984107 0.031058 -0.000303
225 4 0.984096 0.039113 -0.000472
225 5 0.984092 0.046806 -0.000663
225 6 0.984095 0.054141 -0.000867
225 7 0.984106 0.061121 -0.001077
225 8 0.984125 0.067753 -0.001286
225 9 0.984153 0.074044 -0.001488
225 10 0.984190 0.080002 -0.001677
225 11 0.984236 0.085633 -0.001849
225 12 0.984290 0.090946 -0.001999
225 13 0.984351 0.095946 -0.002126
225 14 0.984420 0.100642 -0.002227
225 15 0.984495 0.105039 -0.002300
225 16 0.984574 0.109145 -0.002344
225 17 0.984658 0.112965 -0.002360
225 18 0.984744 0.116505 -0.002345
225 19 0.984832 0.119770 -0.002303
225 20 0.984919 0.122765 -0.002232
225 21 0.985005 0.125494 -0.002135
225 22 0.985087 0.127962 -0.002013
225 23 0.985166 0.130173 -0.001867
225 24 0.985240 0.132130 -0.001700
225 25 0.985306 0.133835 -0.001513
225 26 0.985366 0.135292 -0.001310
225 27 0.985417 0.136502 -0.001092
225 28 0.985458 0.137469 -0.000862
225 29 0.985490 0.138192 -0.000622
225 30 0.985512 0.138674 -0.000376
225 31 0.985522 0.138914 -0.000126
225 32 0.985522 0.138914 0.000126
225 33 0.985512 0.138674 0.000376
225 34 0.985490 0.138192 0.000622
225 35 0.985458 0.137469 0.000862
225 36 0.985417 0.136502 0.001092
225 37 0.985366 0.135292 0.001310
225 38 0.985306 0.133835 0.001513
225 39 0.985240 0.132130 0.001700
225 40 0.985166 0.130173 0.001867
225 41 0.985087 0.127962 0.002013
225 42 0.985005 0.125494 0.002135
225 43 0.984919 0.122765 0.002232
225 44 0.984832 0.119770 0.002303
225 45 0.984744 0.116505 0.002345
225 46 0.984658 0.112965 0.002360
225 47 0.984574 0.109145 0.002344
225 48 0.984495 0.105039 0.002300
225 49 0.984420 0.100642 0.002227
225 50 0.984351 0.095946 0.002126
225 51 0.984290 0.090946 0.001999
225 52 0.984236 0.085633 0.001849
225 53 0.984190 0.080002 0.001677
225 54 0.984153 0.074044 0.001488
225 55 0.984125 0.067753 0.001286
225 56 0.984106 0.061121 0.001077
225 57 0.984095 0.054141 0.000867
225 58 0.984092 0.046806 0.000663
225 59 0.984096 0.039113 0.000472
225 60 0.984107 0.031058 0.000303
225 61 0.984123 0.022638 0.000164
225 62 0.984144 0.013856 0.000064
225 63 0.984169 0.004716 0.000010
226 0 0.983997 0.004747 -0.000011
226 1 0.983969 0.013942 -0.000071
226 2 0.983945 0.022771 -0.000184
226 3 0.983927 0.031228 -0.000340
226 4 0.983915 0.039313 -0.000529
226 5 0.983911 0.047025 -0.000743
226 6 0.983914 0.054371 -0.000971
226 7 0.983926 0.061354 -0.001206
226 8 0.983948 0.067983 -0.001439
226 9 0.983980 0.074265 -0.001663
226 10 0.984021 0.080207 -0.001873
226 11 0.984072 0.085818 -0.002064
226 12 0.984132 0.091107 -0.002230
226 13 0.984201 0.096081 -0.002370
226 14 0.984278 0.100748 -0.002481
226 15 0.984361 0.105115 -0.002561
226 16 0.984450 0.109189 -0.002608
226 17 0.984543 0.112978 -0.002624
226 18 0.984638 0.116487 -0.002606
226 19 0.984735 0.119721 -0.002557
226 20 0.984832 0.122686 -0.002478
226 21 0.984926 0.125388 -0.002369
226 22 0.985018 0.127830 -0.002232
226 23 0.985105 0.130016 -0.002070
226 24 0.985186 0.131950 -0.001884
226 25 0.985260 0.133636 -0.001677
226 26 0.985325 0.135075 -0.001451
226 27 0.985381 0.136271 -0.001209
226 28 0.985427 0.137225 -0.000954
226 29 0.985462 0.137940 -0.000689
226 30 0.985486 0.138415 -0.000416
226 31 0.985497 0.138653 -0.000139
226 32 0.985497 0.138653 0.000139
226 33 0.985486 0.138415 0.000416
226 34 0.985462 0.137940 0.000689
226 35 0.985427 0.137225 0.000954
226 36 0.985381 0.136271 0.001209
226 37 0.985325 0.135075 0.001451
226 38 0.985260 0.133636 0.001677
226 39 0.985186 0.131950 0.001884
226 40 0.985105 0.130016 0.002070
226 41 0.985018 0.127830 0.002232
226 42 0.984926 0.125388 0.002369
226 43 0.984832 0.122686 0.002478
226 44 0.984735 0.119721 0.002557
226 45 0.984638 0.116487 0.002606
226 46 0.984543 0.112978 0.002624
226 47 0.984450 0.109189 0.002608
226 48 0.984361 0.105115 0.002561
226 49 0.984278 0.100748 0.002481
226 50 0.984201 0.096081 0.002370
226 51 0.984132 0.091107 0.002230
226 52 0.984072 0.085818 0.002064
226 53 0.984021 0.080207 0.001873
226 54 0.983980 0.074265 0.001663
226 55 0.983948 0.067983 0.001439
226 56 0.983926 0.061354 0.001206
226 57 0.983914 0.054371 0.000971
226 58 0.983911 0.047025 0.000743
226 59 0.983915 0.039313 0.000529
226 60 0.983927 0.031228 0.000340
226 61 0.983945 0.022771 0.000184
226 62 0.983969 0.013942 0.000071
226 63 0.983997 0.004747 0.000011
227 0 0.983821 0.004781 -0.000012
227 1 0.983789 0.014038 -0.000080
227 2 0.983763 0.022919 -0.000207
227 3 0.983743 0.031419 -0.000382
227 4 0.983729 0.039535 -0.000594
227 5 0.983724 0.047270 -0.000833
227 6 0.983728 0.054627 -0.001088
227 7 0.983742 0.061614 -0.001350
227 8 0.983767 0.068238 -0.001610
227 9 0.983803 0.074508 -0.001860
227 10 0.983849 0.080433 -0.002093
227 11 0.983906 0.086022 -0.002304
227 12 0.983974 0.091283 -0.002488
227 13 0.984051 0.096227 -0.002643
227 14 0.984136 0.100862 -0.002764
227 15 0.984229 0.105196 -0.002851
227 16 0.984327 0.109235 -0.002902
227 17 0.984430 0.112989 -0.002916
227 18 0.984536 0.116463 -0.002895
227 19 0.984644 0.119664 -0.002839
227 20 0.984751 0.122596 -0.002749
227 21 0.984855 0.125267 -0.002627
227 22 0.984956 0.127679 -0.002474
227 23 0.985052 0.129839 -0.002293
227 24 0.985142 0.131748 -0.002086
227 25 0.985223 0.133412 -0.001856
227 26 0.985295 0.134833 -0.001606
227 27 0.985357 0.136013 -0.001338
227 28 0.985407 0.136954 -0.001056
227 29 0.985446 0.137659 -0.000762
227 30 0.985472 0.138128 -0.000461
227 31 0.985485 0.138362 -0.000154
227 32 0.985485 0.138362 0.000154
227 33 0.985472 0.138128 0.000461
227 34 0.985446 0.137659 0.000762
227 35 0.985407 0.136954 0.001056
227 36 0.985357 0.136013 0.001338
227 37 0.985295 0.134833 0.001606
227 38 0.985223 0.133412 0.001856
227 39 0.985142 0.131748 0.002086
227 40 0.985052 0.129839 0.002293
227 41 0.984956 0.127679 0.002474
227 42 0.984855 0.125267 0.002627
227 43 0.984751 0.122596 0.002749
227 44 0.984644 0.119664 0.002839
227 45 0.984536 0.116463 0.002895
227 46 0.984430 0.112989 0.002916
227 47 0.984327 0.109235 0.002902
227 48 0.984229 0.105196 0.002851
227 49 0.984136 0.100862 0.002764
227 50 0.984051 0.096227 0.002643
227 51 0.983974 0.091283 0.002488
227 52 0.983906 0.086022 0.002304
227 53 0.983849 0.080433 0.002093
227 54 0.983803 0.074508 0.001860
227 55 0.983767 0.068238 0.001610
227 56 0.983742 0.061614 0.001350
227 57 0.983728 0.054627 0.001088
227 58 0.983724 0.047270 0.000833
227 59 0.983729 0.039535 0.000594
227 60 0.983743 0.031419 0.000382
227 61 0.983763 0.022919 0.000207
227 62 0.983789 0.014038 0.000080
227 63 0.983821 0.004781 0.000012
228 0 0.983641 0.004820 -0.000014
228 1 0.983606 0.014146 -0.000090
228 2 0.983576 0.023085 -0.000233
228 3 0.983553 0.031632 -0.000429
228 4 0.983538 0.039784 -0.000667
228 5 0.983533 0.047542 -0.000935
228 6 0.983538 0.054913 -0.001221
228 7 0.983554 0.061903 -0.001513
228 8 0.983581 0.068522 -0.001803
228 9 0.983621 0.074778 -0.002081
228 10 0.983674 0.080682 -0.002340
228 11 0.983738 0.086245 -0.002573
228 12 0.983813 0.091477 -0.002777
228 13 0.983899 0.096387 -0.002946
228 14 0.983995 0.100986 -0.003079
228 15 0.984098 0.105281 -0.003173
228 16 0.984208 0.109283 -0.003227
228 17 0.984322 0.112997 -0.003241
228 18 0.984440 0.116433 -0.003216
228 19 0.984558 0.119596 -0.003151
228 20 0.984677 0.122493 -0.003050
228 21 0.984792 0.125129 -0.002912
228 22 0.984904 0.127510 -0.002741
228 23 0.985010 0.129639 -0.002540
228 24 0.985108 0.131522 -0.002310
228 25 0.985197 0.133162 -0.002054
228 26 0.985277 0.134562 -0.001777
228 27 0.985344 0.135724 -0.001480
228 28 0.985400 0.136651 -0.001167
228 29 0.985442 0.137345 -0.000843
228 30 0.985471 0.137807 -0.000509
228 31 0.985485 0.138038 -0.000170
228 32 0.985485 0.138038 0.000170
228 33 0.985471 0.137807 0.000509
228 34 0.985442 0.137345 0.000843
228 35 0.985400 0.136651 0.001167
228 36 0.985344 0.135724 0.001480
228 37 0.985277 0.134562 0.001777
228 38 0.985197 0.133162 0.002054
228 39 0.985108 0.131522 0.002310
228 40 0.985010 0.129639 0.002540
228 41 0.984904 0.127510 0.002741
228 42 0.984792 0.125129 0.002912
228 43 0.984677 0.122493 0.003050
228 44 0.984558 0.119596 0.003151
228 45 0.984440 0.116433 0.003216
228 46 0.984322 0.112997 0.003241
228 47 0.984208 0.109283 0.003227
228 48 0.984098 0.105281 0.003173
228 49 0.983995 0.100986 0.003079
228 50 0.983899 0.096387 0.002946
228 51 0.983813 0.091477 0.002777
228 52 0.983738 0.086245 0.002573
228 53 0.983674 0.080682 0.002340
228 54 0.983621 0.074778 0.002081
228 55 0.983581 0.068522 0.001803
228 56 0.983554 0.061903 0.001513
228 57 0.983538 0.054913 0.001221
228 58 0.983533 0.047542 0.000935
228 59 0.983538 0.039784 0.000667
228 60 0.983553 0.031632 0.000429
228 61 0.983576 0.023085 0.000233
228 62 0.983606 0.014146 0.000090
228 63 0.983641 0.004820 0.000014
229 0 0.983456 0.004863 -0.000015
229 1 0.983417 0.014266 -0.000101
229 2 0.983383 0.023272 -0.000262
229 3 0.983358 0.031871 -0.000483
229 4 0.983341 0.040062 -0.000750
229 5 0.983335 0.047847 -0.001051
229 6 0.983341 0.055232 -0.001370
229 7 0.983359 0.062225 -0.001697
229 8 0.983391 0.068836 -0.002020
229 9 0.983436 0.075076 -0.002329
229 10 0.983495 0.080957 -0.002616
229 11 0.983567 0.086491 -0.002875
229 12 0.983652 0.091688 -0.003099
229 13 0.983748 0.096561 -0.003285
229 14 0.983854 0.101119 -0.003430
229 15 0.983969 0.105372 -0.003532
229 16 0.984091 0.109331 -0.003589
229 17 0.984218 0.113002 -0.003602
229 18 0.984348 0.116395 -0.003570
229 19 0.984480 0.119517 -0.003496
229 20 0.984610 0.122374 -0.003381
229 21 0.984738 0.124973 -0.003227
229 22 0.984861 0.127318 -0.003036
229 23 0.984978 0.129415 -0.002811
229 24 0.985086 0.131269 -0.002555
229 25 0.985184 0.132883 -0.002272
229 26 0.985271 0.134260 -0.001964
229 27 0.985346 0.135403 -0.001636
229 28 0.985407 0.136315 -0.001290
229 29 0.985453 0.136997 -0.000931
229 30 0.985485 0.137451 -0.000562
229 31 0.985500 0.137678 -0.000188
229 32 0.985500 0.137678 0.000188
229 33 0.985485 0.137451 0.000562
229 34 0.985453 0.136997 0.000931
229 35 0.985407 0.136315 0.001290
229 36 0.985346 0.135403 0.001636
229 37 0.985271 0.134260 0.001964
229 38 0.985184 0.132883 0.002272
229 39 0.985086 0.131269 0.002555
229 40 0.984978 0.129415 0.002811
229 41 0.984861 0.127318 0.003036
229 42 0.984738 0.124973 0.003227
229 43 0.984610 0.122374 0.003381
229 44 0.984480 0.119517 0.003496
229 45 0.984348 0.116395 0.003570
229 46 0.984218 0.113002 0.003602
229 47 0.984091 0.109331 0.003589
229 48 0.983969 0.105372 0.003532
229 49 0.983854 0.101119 0.003430
229 50 0.983748 0.096561 0.003285
229 51 0.983652 0.091688 0.003099
229 52 0.983567 0.086491 0.002875
229 53 0.983495 0.080957 0.002616
229 54 0.983436 0.075076 0.002329
229 55 0.983391 0.068836 0.002020
229 56 0.983359 0.062225 0.001697
229 57 0.983341 0.055232 0.001370
229 58 0.983335 0.047847 0.001051
229 59 0.983341 0.040062 0.000750
229 60 0.983358 0.031871 0.000483
229 61 0.983383 0.023272 0.000262
229 62 0.983417 0.014266 0.000101
229 63 0.983456 0.004863 0.000015
230 0 0.983267 0.004912 -0.000017
230 1 0.983222 0.014402 -0.000114
230 2 0.983184 0.023481 -0.000295
230 3 0.983156 0.032139 -0.000544
230 4 0.983137 0.040374 -0.000844
230 5 0.983131 0.048188 -0.001181
230 6 0.983138 0.055588 -0.001540
230 7 0.983159 0.062583 -0.001905
230 8 0.983195 0.069185 -0.002265
230 9 0.983246 0.075407 -0.002609
230 10 0.983312 0.081261 -0.002927
230 11 0.983393 0.086761 -0.003213
230 12 0.983488 0.091920 -0.003460
230 13 0.983595 0.096750 -0.003664
230 14 0.983714 0.101262 -0.003821
230 15 0.983842 0.105468 -0.003930
230 16 0.983978 0.109379 -0.003990
230 17 0.984119 0.113003 -0.004001
230 18 0.984263 0.116349 -0.003963
230 19 0.984409 0.119425 -0.003878
230 20 0.984553 0.122238 -0.003747
230 21 0.984694 0.124795 -0.003574
230 22 0.984829 0.127102 -0.003360
230 23 0.984958 0.129164 -0.003109
230 24 0.985077 0.130986 -0.002825
230 25 0.985185 0.132571 -0.002511
230 26 0.985280 0.133923 -0.002170
230 27 0.985362 0.135046 -0.001806
230 28 0.985429 0.135941 -0.001424
230 29 0.985480 0.136610 -0.001028
230 30 0.985514 0.137056 -0.000621
230 31 0.985531 0.137278 -0.000208
230 32 0.985531 0.137278 0.000208
230 33 0.985514 0.137056 0.000621
230 34 0.985480 0.136610 0.001028
230 35 0.985429 0.135941 0.001424
230 36 0.985362 0.135046 0.001806
230 37 0.985280 0.133923 0.002170
230 38 0.985185 0.132571 0.002511
230 39 0.985077 0.130986 0.002825
230 40 0.984958 0.129164 0.003109
230 41 0.984829 0.127102 0.003360
230 42 0.984694 0.124795 0.003574
230 43 0.984553 0.122238 0.003747
230 44 0.984409 0.119425 0.003878
230 45 0.984263 0.116349 0.003963
230 46 0.984119 0.113003 0.004001
230 47 0.983978 0.109379 0.003990
230 48 0.983842 0.105468 0.003930
230 49 0.983714 0.101262 0.003821
230 50 0.983595 0.096750 0.003664
230 51 0.983488 0.091920 0.003460
230 52 0.983393 0.086761 0.003213
230 53 0.983312 0.081261 0.002927
230 54 0.983246 0.075407 0.002609
230 55 0.983195 0.069185 0.002265
230 56 0.983159 0.062583 0.001905
230 57 0.983138 0.055588 0.001540
230 58 0.983131 0.048188 0.001181
230 59 0.983137 0.040374 0.000844
230 60 0.983156 0.032139 0.000544
230 61 0.983184 0.023481 0.000295
230 62 0.983222 0.014402 0.000114
230 63 0.983267 0.004912 0.000017
231 0 0.983071 0.004967 -0.000020
231 1 0.983021 0.014556 -0.000129
231 2 0.982978 0.023717 -0.000333
231 3 0.982946 0.032441 -0.000613
231 4 0.982926 0.040724 -0.000952
231 5 0.982919 0.048569 -0.001330
231 6 0.982927 0.055985 -0.001732
231 7 0.982951 0.062982 -0.002140
231 8 0.982992 0.069573 -0.002541
231 9 0.983050 0.075772 -0.002924
231 10 0.983125 0.081596 -0.003277
231 11 0.983216 0.087058 -0.003592
231 12 0.983322 0.092173 -0.003864
231 13 0.983443 0.096954 -0.004086
231 14 0.983575 0.101416 -0.004257
231 15 0.983718 0.105569 -0.004374
231 16 0.983869 0.109427 -0.004436
231 17 0.984025 0.112997 -0.004443
231 18 0.984185 0.116291 -0.004397
231 19 0.984346 0.119317 -0.004299
231 20 0.984505 0.122083 -0.004151
231 21 0.984660 0.124595 -0.003956
231 22 0.984810 0.126859 -0.003717
231 23 0.984951 0.128883 -0.003437
231 24 0.985081 0.130669 -0.003121
231 25 0.985200 0.132223 -0.002773
231 26 0.985305 0.133549 -0.002395
231 27 0.985394 0.134649 -0.001993
231 28 0.985467 0.135526 -0.001571
231 29 0.985523 0.136181 -0.001134
231 30 0.985560 0.136618 -0.000685
231 31 0.985579 0.136836 -0.000229
231 32 0.985579 0.136836 0.000229
231 33 0.985560 0.136618 0.000685
231 34 0.985523 0.136181 0.001134
231 35 0.985467 0.135526 0.001571
231 36 0.985394 0.134649 0.001993
231 37 0.985305 0.133549 0.002395
231 38 0.985200 0.132223 0.002773
231 39 0.985081 0.130669 0.003121
231 40 0.984951 0.128883 0.003437
231 41 0.984810 0.126859 0.003717
231 42 0.984660 0.124595 0.003956
231 43 0.984505 0.122083 0.004151
231 44 0.984346 0.119317 0.004299
231 45 0.984185 0.116291 0.004397
231 46 0.984025 0.112997 0.004443
231 47 0.983869 0.109427 0.004436
231 48 0.983718 0.105569 0.004374
231 49 0.983575 0.101416 0.004257
231 50 0.983443 0.096954 0.004086
231 51 0.983322 0.092173 0.003864
231 52 0.983216 0.087058 0.003592
231 53 0.983125 0.081596 0.003277
231 54 0.983050 0.075772 0.002924
231 55 0.982992 0.069573 0.002541
231 56 0.982951 0.062982 0.002140
231 57 0.982927 0.055985 0.001732
231 58 0.982919 0.048569 0.001330
231 59 0.982926 0.040724 0.000952
231 60 0.982946 0.032441 0.000613
231 61 0.982978 0.023717 0.000333
231 62 0.983021 0.014556 0.000129
231 63 0.983071 0.004967 0.000020
232 0 0.982869 0.005029 -0.000022
232 1 0.982812 0.014729 -0.000146
232 2 0.982764 0.023983 -0.000377
232 3 0.982728 0.032780 -0.000693
232 4 0.982706 0.041117 -0.001074
232 5 0.982698 0.048996 -0.001500
232 6 0.982708 0.056429 -0.001950
232 7 0.982736 0.063426 -0.002407
232 8 0.982782 0.070003 -0.002854
232 9 0.982848 0.076177 -0.003279
232 10 0.982933 0.081965 -0.003670
232 11 0.983035 0.087383 -0.004018
232 12 0.983155 0.092448 -0.004316
232 13 0.983290 0.097176 -0.004558
232 14 0.983438 0.101580 -0.004743
232 15 0.983597 0.105675 -0.004867
232 16 0.983764 0.109473 -0.004931
232 17 0.983938 0.112985 -0.004933
232 18 0.984115 0.116222 -0.004877
232 19 0.984292 0.119192 -0.004763
232 20 0.984468 0.121905 -0.004595
232 21 0.984639 0.124367 -0.004376
232 22 0.984803 0.126586 -0.004109
232 23 0.984958 0.128567 -0.003797
232 24 0.985101 0.130316 -0.003446
232 25 0.985231 0.131837 -0.003060
232 26 0.985346 0.133133 -0.002642
232 27 0.985444 0.134208 -0.002198
232 28 0.985524 0.135065 -0.001732
232 29 0.985585 0.135706 -0.001249
232 30 0.985626 0.136133 -0.000755
232 31 0.985646 0.136346 -0.000252
232 32 0.985646 0.136346 0.000252
232 33 0.985626 0.136133 0.000755
232 34 0.985585 0.135706 0.001249
232 35 0.985524 0.135065 0.001732
232 36 0.985444 0.134208 0.002198
232 37 0.985346 0.133133 0.002642
232 38 0.985231 0.131837 0.003060
232 39 0.985101 0.130316 0.003446
232 40 0.984958 0.128567 0.003797
232 41 0.984803 0.126586 0.004109
232 42 0.984639 0.124367 0.004376
232 43 0.984468 0.121905 0.004595
232 44 0.984292 0.119192 0.004763
232 45 0.984115 0.116222 0.004877
232 46 0.983938 0.112985 0.004933
232 47 0.983764 0.109473 0.004931
232 48 0.983597 0.105675 0.004867
232 49 0.983438 0.101580 0.004743
232 50 0.983290 0.097176 0.004558
232 51 0.983155 0.092448 0.004316
232 52 0.983035 0.087383 0.004018
232 53 0.982933 0.081965 0.003670
232 54 0.982848 0.076177 0.003279
232 55 0.982782 0.070003 0.002854
232 56 0.982736 0.063426 0.002407
232 57 0.982708 0.056429 0.001950
232 58 0.982698 0.048996 0.001500
232 59 0.982706 0.041117 0.001074
232 60 0.982728 0.032780 0.000693
232 61 0.982764 0.023983 0.000377
232 62 0.982812 0.014729 0.000146
232 63 0.982869 0.005029 0.000022
233 0 0.982659 0.005099 -0.000025
233 1 0.982595 0.014924 -0.000166
233 2 0.982541 0.024283 -0.000427
233 3 0.982500 0.033162 -0.000784
233 4 0.982475 0.041558 -0.001214
233 5 0.982467 0.049476 -0.001693
233 6 0.982479 0.056925 -0.002199
233 7 0.982511 0.063921 -0.002710
233 8 0.982565 0.070482 -0.003209
233 9 0.982640 0.076625 -0.003681
233 10 0.982735 0.082371 -0.004113
233 11 0.982851 0.087739 -0.004496
233 12 0.982986 0.092748 -0.004822
233 13 0.983137 0.097414 -0.005086
233 14 0.983302 0.101755 -0.005284
233 15 0.983479 0.105784 -0.005416
233 16 0.983665 0.109516 -0.005479
233 17 0.983857 0.112964 -0.005476
233 18 0.984053 0.116137 -0.005407
233 19 0.984249 0.119047 -0.005276
233 20 0.984443 0.121702 -0.005085
233 21 0.984631 0.124111 -0.004838
233 22 0.984811 0.126280 -0.004539
233 23 0.984981 0.128215 -0.004192
233 24 0.985138 0.129922 -0.003802
233 25 0.985280 0.131406 -0.003373
233 26 0.985405 0.132671 -0.002912
233 27 0.985512 0.133720 -0.002421
233 28 0.985600 0.134556 -0.001908
233 29 0.985666 0.135181 -0.001376
233 30 0.985711 0.135597 -0.000831
233 31 0.985733 0.135805 -0.000278
233 32 0.985733 0.135805 0.000278
233 33 0.985711 0.135597 0.000831
233 34 0.985666 0.135181 0.001376
233 35 0.985600 0.134556 0.001908
233 36 0.985512 0.133720 0.002421
233 37 0.985405 0.132671 0.002912
233 38 0.985280 0.131406 0.003373
233 39 0.985138 0.129922 0.003802
233 40 0.984981 0.128215 0.004192
233 41 0.984811 0.126280 0.004539
233 42 0.984631 0.124111 0.004838
233 43 0.984443 0.121702 0.005085
233 44 0.984249 0.119047 0.005276
233 45 0.984053 0.116137 0.005407
233 46 0.983857 0.112964 0.005476
233 47 0.983665 0.109516 0.005479
233 48 0.983479 0.105784 0.005416
233 49 0.983302 0.101755 0.005284
233 50 0.983137 0.097414 0.005086
233 51 0.982986 0.092748 0.004822
233 52 0.982851 0.087739 0.004496
233 53 0.982735 0.082371 0.004113
233 54 0.982640 0.076625 0.003681
233 55 0.982565 0.070482 0.003209
233 56 0.982511 0.063921 0.002710
233 57 0.982479 0.056925 0.002199
233 58 0.982467 0.049476 0.001693
233 59 0.982475 0.041558 0.001214
233 60 0.982500 0.033162 0.000784
233 61 0.982541 0.024283 0.000427
233 62 0.982595 0.014924 0.000166
233 63 0.982659 0.005099 0.000025
234 0 0.982441 0.005179 -0.000029
234 1 0.982368 0.015145 -0.000188
234 2 0.982307 0.024622 -0.000484
234 3 0.982261 0.033594 -0.000889
234 4 0.982233 0.042056 -0.001375
234 5 0.982225 0.050014 -0.001915
234 6 0.982239 0.057481 -0.002483
234 7 0.982277 0.064474 -0.003055
234 8 0.982338 0.071013 -0.003611
234 9 0.982423 0.077120 -0.004135
234 10 0.982532 0.082819 -0.004613
234 11 0.982663 0.088129 -0.005033
234 12 0.982814 0.093074 -0.005389
234 13 0.982983 0.097671 -0.005675
234 14 0.983168 0.101940 -0.005888
234 15 0.983365 0.105896 -0.006025
234 16 0.983572 0.109555 -0.006087
234 17 0.983785 0.112931 -0.006075
234 18 0.984001 0.116035 -0.005992
234 19 0.984217 0.118879 -0.005840
234 20 0.984430 0.121471 -0.005623
234 21 0.984637 0.123821 -0.005344
234 22 0.984835 0.125935 -0.005010
234 23 0.985021 0.127821 -0.004624
234 24 0.985193 0.129484 -0.004191
234 25 0.985348 0.130929 -0.003716
234 26 0.985485 0.132160 -0.003206
234 27 0.985602 0.133180 -0.002665
234 28 0.985697 0.133993 -0.002099
234 29 0.985769 0.134601 -0.001513
234 30 0.985818 0.135005 -0.000914
234 31 0.985843 0.135207 -0.000305
234 32 0.985843 0.135207 0.000305
234 33 0.985818 0.135005 0.000914
234 34 0.985769 0.134601 0.001513
234 35 0.985697 0.133993 0.002099
234 36 0.985602 0.133180 0.002665
234 37 0.985485 0.132160 0.003206
234 38 0.985348 0.130929 0.003716
234 39 0.985193 0.129484 0.004191
234 40 0.985021 0.127821 0.004624
234 41 0.984835 0.125935 0.005010
234 42 0.984637 0.123821 0.005344
234 43 0.984430 0.121471 0.005623
234 44 0.984217 0.118879 0.005840
234 45 0.984001 0.116035 0.005992
234 46 0.983785 0.112931 0.006075
234 47 0.983572 0.109555 0.006087
234 48 0.983365 0.105896 0.006025
234 49 0.983168 0.101940 0.005888
234 50 0.982983 0.097671 0.005675
234 51 0.982814 0.093074 0.005389
234 52 0.982663 0.088129 0.005033
234 53 0.982532 0.082819 0.004613
234 54 0.982423 0.077120 0.004135
234 55 0.982338 0.071013 0.003611
234 56 0.982277 0.064474 0.003055
234 57 0.982239 0.057481 0.002483
234 58 0.982225 0.050014 0.001915
234 59 0.982233 0.042056 0.001375
234 60 0.982261 0.033594 0.000889
234 61 0.982307 0.024622 0.000484
234 62 0.982368 0.015145 0.000188
234 63 0.982441 0.005179 0.000029
235 0 0.982213 0.005269 -0.000033
235 1 0.982129 0.015397 -0.000215
235 2 0.982060 0.025007 -0.000551
235 3 0.982009 0.034082 -0.001011
235 4 0.981978 0.042617 -0.001561
235 5 0.981970 0.050619 -0.002170
235 6 0.981987 0.058104 -0.002808
235 7 0.982031 0.065090 -0.003448
235 8 0.982101 0.071603 -0.004069
235 9 0.982199 0.077668 -0.004650
235 10 0.982323 0.083310 -0.005177
235 11 0.982471 0.088555 -0.005638
235 12 0.982641 0.093426 -0.006026
235 13 0.982831 0.097946 -0.006334
235 14 0.983037 0.102134 -0.006559
235 15 0.983256 0.106009 -0.006702
235 16 0.983486 0.109588 -0.006761
235 17 0.983722 0.112885 -0.006738
235 18 0.983961 0.115913 -0.006637
235 19 0.984199 0.118684 -0.006460
235 20 0.984433 0.121208 -0.006213
235 21 0.984660 0.123494 -0.005900
235 22 0.984876 0.125549 -0.005525
235 23 0.985080 0.127381 -0.005095
235 24 0.985267 0.128996 -0.004615
235 25 0.985437 0.130399 -0.004090
235 26 0.985586 0.131593 -0.003527
235 27 0.985713 0.132583 -0.002930
235 28 0.985817 0.133372 -0.002307
235 29 0.985895 0.133961 -0.001663
235 30 0.985949 0.134353 -0.001004
235 31 0.985975 0.134549 -0.000336
235 32 0.985975 0.134549 0.000336
235 33 0.985949 0.134353 0.001004
235 34 0.985895 0.133961 0.001663
235 35 0.985817 0.133372 0.002307
235 36 0.985713 0.132583 0.002930
235 37 0.985586 0.131593 0.003527
235 38 0.985437 0.130399 0.004090
235 39 0.985267 0.128996 0.004615
235 40 0.985080 0.127381 0.005095
235 41 0.984876 0.125549 0.005525
235 42 0.984660 0.123494 0.005900
235 43 0.984433 0.121208 0.006213
235 44 0.984199 0.118684 0.006460
235 45 0.983961 0.115913 0.006637
235 46 0.983722 0.112885 0.006738
235 47 0.983486 0.109588 0.006761
235 48 0.983256 0.106009 0.006702
235 49 0.983037 0.102134 0.006559
235 50 0.982831 0.097946 0.006334
235 51 0.982641 0.093426 0.006026
235 52 0.982471 0.088555 0.005638
235 53 0.982323 0.083310 0.005177
235 54 0.982199 0.077668 0.004650
235 55 0.982101 0.071603 0.004069
235 56 0.982031 0.065090 0.003448
235 57 0.981987 0.058104 0.002808
235 58 0.981970 0.050619 0.002170
235 59 0.981978 0.042617 0.001561
235 60 0.982009 0.034082 0.001011
235 61 0.982060 0.025007 0.000551
235 62 0.982129 0.015397 0.000215
235 63 0.982213 0.005269 0.000033
236 0 0.981973 0.005373 -0.000037
236 1 0.981878 0.015683 -0.000245
236 2 0.981799 0.025445 -0.000629
236 3 0.981741 0.034636 -0.001152
236 4 0.981707 0.043252 -0.001776
236 5 0.981699 0.051301 -0.002464
236 6 0.981720 0.058801 -0.003182
236 7 0.981772 0.065778 -0.003899
236 8 0.981853 0.072258 -0.004590
236 9 0.981965 0.078272 -0.005234
236 10 0.982106 0.083849 -0.005814
236 11 0.982274 0.089018 -0.006319
236 12 0.982465 0.093806 -0.006739
236 13 0.982678 0.098238 -0.007070
236 14 0.982909 0.102337 -0.007308
236 15 0.983153 0.106122 -0.007453
236 16 0.983408 0.109612 -0.007506
236 17 0.983669 0.112822 -0.007469
236 18 0.983933 0.115767 -0.007347
236 19 0.984195 0.118458 -0.007142
236 20 0.984452 0.120908 -0.006861
236 21 0.984700 0.123124 -0.006508
236 22 0.984937 0.125117 -0.006089
236 23 0.985159 0.126891 -0.005610
236 24 0.985364 0.128454 -0.005077
236 25 0.985548 0.129811 -0.004497
236 26 0.985710 0.130967 -0.003875
236 27 0.985849 0.131924 -0.003218
236 28 0.985961 0.132687 -0.002533
236 29 0.986047 0.133257 -0.001825
236 30 0.986104 0.133636 -0.001101
236 31 0.986133 0.133825 -0.000368
236 32 0.986133 0.133825 0.000368
236 33 0.986104 0.133636 0.001101
236 34 0.986047 0.133257 0.001825
236 35 0.985961 0.132687 0.002533
236 36 0.985849 0.131924 0.003218
236 37 0.985710 0.130967 0.003875
236 38 0.985548 0.129811 0.004497
236 39 0.985364 0.128454 0.005077
236 40 0.985159 0.126891 0.005610
236 41 0.984937 0.125117 0.006089
236 42 0.984700 0.123124 0.006508
236 43 0.984452 0.120908 0.006861
236 44 0.984195 0.118458 0.007142
236 45 0.983933 0.115767 0.007347
236 46 0.983669 0.112822 0.007469
236 47 0.983408 0.109612 0.007506
236 48 0.983153 0.106122 0.007453
236 49 0.982909 0.102337 0.007308
236 50 0.982678 0.098238 0.007070
236 51 0.982465 0.093806 0.006739
236 52 0.982274 0.089018 0.006319
236 53 0.982106 0.083849 0.005814
236 54 0.981965 0.078272 0.005234
236 55 0.981853 0.072258 0.004590
236 56 0.981772 0.065778 0.003899
236 57 0.981720 0.058801 0.003182
236 58 0.981699 0.051301 0.002464
236 59 0.981707 0.043252 0.001776
236 60 0.981741 0.034636 0.001152
236 61 0.981799 0.025445 0.000629
236 62 0.981878 0.015683 0.000245
236 63 0.981973 0.005373 0.000037
237 0 0.981720 0.005491 -0.000043
237 1 0.981611 0.016011 -0.000281
237 2 0.981522 0.025944 -0.000720
237 3 0.981456 0.035265 -0.001317
237 4 0.981418 0.043970 -0.002026
237 5 0.981411 0.052069 -0.002805
237 6 0.981437 0.059584 -0.003613
237 7 0.981498 0.066545 -0.004416
237 8 0.981593 0.072984 -0.005186
237 9 0.981721 0.078937 -0.005898
237 10 0.981882 0.084439 -0.006536
237 11 0.982072 0.089521 -0.007086
237 12 0.982288 0.094215 -0.007540
237 13 0.982527 0.098548 -0.007892
237 14 0.982785 0.102546 -0.008141
237 15 0.983057 0.106231 -0.008287
237 16 0.983340 0.109623 -0.008330
237 17 0.983628 0.112738 -0.008276
237 18 0.983918 0.115592 -0.008128
237 19 0.984206 0.118197 -0.007890
237 20 0.984488 0.120566 -0.007569
237 21 0.984760 0.122709 -0.007172
237 22 0.985019 0.124632 -0.006703
237 23 0.985261 0.126345 -0.006170
237 24 0.985483 0.127853 -0.005580
237 25 0.985684 0.129162 -0.004938
237 26 0.985860 0.130275 -0.004253
237 27 0.986010 0.131198 -0.003531
237 28 0.986132 0.131933 -0.002778
237 29 0.986225 0.132482 -0.002001
237 30 0.986287 0.132847 -0.001207
237 31 0.986318 0.133029 -0.000404
237 32 0.986318 0.133029 0.000404
237 33 0.986287 0.132847 0.001207
237 34 0.986225 0.132482 0.002001
237 35 0.986132 0.131933 0.002778
237 36 0.986010 0.131198 0.003531
237 37 0.985860 0.130275 0.004253
237 38 0.985684 0.129162 0.004938
237 39 0.985483 0.127853 0.005580
237 40 0.985261 0.126345 0.006170
237 41 0.985019 0.124632 0.006703
237 42 0.984760 0.122709 0.007172
237 43 0.984488 0.120566 0.007569
237 44 0.984206 0.118197 0.007890
237 45 0.983918 0.115592 0.008128
237 46 0.983628 0.112738 0.008276
237 47 0.983340 0.109623 0.008330
237 48 0.983057 0.106231 0.008287
237 49 0.982785 0.102546 0.008141
237 50 0.982527 0.098548 0.007892
237 51 0.982288 0.094215 0.007540
237 52 0.982072 0.089521 0.007086
237 53 0.981882 0.084439 0.006536
237 54 0.981721 0.078937 0.005898
237 55 0.981593 0.072984 0.005186
237 56 0.981498 0.066545 0.004416
237 57 0.981437 0.059584 0.003613
237 58 0.981411 0.052069 0.002805
237 59 0.981418 0.043970 0.002026
237 60 0.981456 0.035265 0.001317
237 61 0.981522 0.025944 0.000720
237 62 0.981611 0.016011 0.000281
237 63 0.981720 0.005491 0.000043
238 0 0.981452 0.005627 -0.000049
238 1 0.981327 0.016387 -0.000324
238 2 0.981224 0.026514 -0.000828
238 3 0.981150 0.035982 -0.001511
238 4 0.981109 0.044785 -0.002319
238 5 0.981103 0.052936 -0.003201
238 6 0.981135 0.060463 -0.004112
238 7 0.981207 0.067401 -0.005012
238 8 0.981318 0.073790 -0.005868
238 9 0.981466 0.079670 -0.006655
238 10 0.981650 0.085082 -0.007353
238 11 0.981866 0.090065 -0.007951
238 12 0.982110 0.094651 -0.008438
238 13 0.982378 0.098874 -0.008811
238 14 0.982666 0.102760 -0.009068
238 15 0.982969 0.106334 -0.009211
238 16 0.983282 0.109617 -0.009241
238 17 0.983600 0.112628 -0.009164
238 18 0.983920 0.115383 -0.008985
238 19 0.984236 0.117896 -0.008709
238 20 0.984544 0.120178 -0.008344
238 21 0.984841 0.122240 -0.007896
238 22 0.985123 0.124091 -0.007372
238 23 0.985386 0.125737 -0.006779
238 24 0.985628 0.127187 -0.006125
238 25 0.985846 0.128444 -0.005417
238 26 0.986037 0.129513 -0.004663
238 27 0.986199 0.130399 -0.003868
238 28 0.986331 0.131104 -0.003042
238 29 0.986431 0.131631 -0.002191
238 30 0.986498 0.131981 -0.001322
238 31 0.986532 0.132156 -0.000442
238 32 0.986532 0.132156 0.000442
238 33 0.986498 0.131981 0.001322
238 34 0.986431 0.131631 0.002191
238 35 0.986331 0.131104 0.003042
238 36 0.986199 0.130399 0.003868
238 37 0.986037 0.129513 0.004663
238 38 0.985846 0.128444 0.005417
238 39 0.985628 0.127187 0.006125
238 40 0.985386 0.125737 0.006779
238 41 0.985123 0.124091 0.007372
238 42 0.984841 0.122240 0.007896
238 43 0.984544 0.120178 0.008344
238 44 0.984236 0.117896 0.008709
238 45 0.983920 0.115383 0.008985
238 46 0.983600 0.112628 0.009164
238 47 0.983282 0.109617 0.009241
238 48 0.982969 0.106334 0.009211
238 49 0.982666 0.102760 0.009068
238 50 0.982378 0.098874 0.008811
238 51 0.982110 0.094651 0.008438
238 52 0.981866 0.090065 0.007951
238 53 0.981650 0.085082 0.007353
238 54 0.981466 0.079670 0.006655
238 55 0.981318 0.073790 0.005868
238 56 0.981207 0.067401 0.005012
238 57 0.981135 0.060463 0.004112
238 58 0.981103 0.052936 0.003201
238 59 0.981109 0.044785 0.002319
238 60 0.981150 0.035982 0.001511
238 61 0.981224 0.026514 0.000828
238 62 0.981327 0.016387 0.000324
238 63 0.981452 0.005627 0.000049
239 0 0.981166 0.005784 -0.000057
239 1 0.981021 0.016819 -0.000374
239 2 0.980904 0.027170 -0.000956
239 3 0.980820 0.036802 -0.001740
239 4 0.980775 0.045712 -0.002663
239 5 0.980771 0.053917 -0.003665
239 6 0.980812 0.061450 -0.004692
239 7 0.980897 0.068356 -0.005700
239 8 0.981027 0.074681 -0.006651
239 9 0.981199 0.080474 -0.007518
239 10 0.981409 0.085783 -0.008281
239 11 0.981655 0.090650 -0.008926
239 12 0.981931 0.095114 -0.009446
239 13 0.982232 0.099212 -0.009837
239 14 0.982553 0.102973 -0.010099
239 15 0.982890 0.106425 -0.010233
239 16 0.983236 0.109590 -0.010246
239 17 0.983588 0.112488 -0.010140
239 18 0.983939 0.115136 -0.009924
239 19 0.984285 0.117548 -0.009604
239 20 0.984622 0.119737 -0.009188
239 21 0.984946 0.121713 -0.008683
239 22 0.985252 0.123486 -0.008097
239 23 0.985538 0.125062 -0.007439
239 24 0.985800 0.126449 -0.006715
239 25 0.986036 0.127651 -0.005935
239 26 0.986242 0.128674 -0.005105
239 27 0.986418 0.129521 -0.004233
239 28 0.986560 0.130195 -0.003327
239 29 0.986668 0.130698 -0.002395
239 30 0.986741 0.131033 -0.001445
239 31 0.986777 0.131200 -0.000483
239 32 0.986777 0.131200 0.000483
239 33 0.986741 0.131033 0.001445
239 34 0.986668 0.130698 0.002395
239 35 0.986560 0.130195 0.003327
239 36 0.986418 0.129521 0.004233
239 37 0.986242 0.128674 0.005105
239 38 0.986036 0.127651 0.005935
239 39 0.985800 0.126449 0.006715
239 40 0.985538 0.125062 0.007439
239 41 0.985252 0.123486 0.008097
239 42 0.984946 0.121713 0.008683
239 43 0.984622 0.119737 0.009188
239 44 0.984285 0.117548 0.009604
239 45 0.983939 0.115136 0.009924
239 46 0.983588 0.112488 0.010140
239 47 0.983236 0.109590 0.010246
239 48 0.982890 0.106425 0.010233
239 49 0.982553 0.102973 0.010099
239 50 0.982232 0.099212 0.009837
239 51 0.981931 0.095114 0.009446
239 52 0.981655 0.090650 0.008926
239 53 0.981409 0.085783 0.008281
239 54 0.981199 0.080474 0.007518
239 55 0.981027 0.074681 0.006651
239 56 0.980897 0.068356 0.005700
239 57 0.980812 0.061450 0.004692
239 58 0.980771 0.053917 0.003665
239 59 0.980775 0.045712 0.002663
239 60 0.980820 0.036802 0.001740
239 61 0.980904 0.027170 0.000956
239 62 0.981021 0.016819 0.000374
239 63 0.981166 0.005784 0.000057
240 0 0.980859 0.005966 -0.000066
240 1 0.980690 0.017320 -0.000436
240 2 0.980556 0.027925 -0.001109
240 3 0.980461 0.037742 -0.002012
240 4 0.980412 0.046768 -0.003070
240 5 0.980412 0.055026 -0.004210
240 6 0.980463 0.062559 -0.005369
240 7 0.980566 0.069420 -0.006497
240 8 0.980718 0.075666 -0.007551
240 9 0.980918 0.081355 -0.008504
240 10 0.981159 0.086541 -0.009333
240 11 0.981439 0.091275 -0.010026
240 12 0.981751 0.095602 -0.010577
240 13 0.982089 0.099560 -0.010982
240 14 0.982448 0.103183 -0.011243
240 15 0.982822 0.106500 -0.011365
240 16 0.983205 0.109536 -0.011352
240 17 0.983592 0.112311 -0.011212
240 18 0.983977 0.114843 -0.010952
240 19 0.984356 0.117147 -0.010581
240 20 0.984723 0.119237 -0.010106
240 21 0.985075 0.121121 -0.009538
240 22 0.985408 0.122811 -0.008884
240 23 0.985718 0.124313 -0.008153
240 24 0.986001 0.125633 -0.007353
240 25 0.986256 0.126778 -0.006493
240 26 0.986478 0.127751 -0.005581
240 27 0.986667 0.128557 -0.004625
240 28 0.986821 0.129198 -0.003634
240 29 0.986937 0.129677 -0.002616
240 30 0.987015 0.129996 -0.001577
240 31 0.987054 0.130154 -0.000527
240 32 0.987054 0.130154 0.000527
240 33 0.987015 0.129996 0.001577
240 34 0.986937 0.129677 0.002616
240 35 0.986821 0.129198 0.003634
240 36 0.986667 0.128557 0.004625
240 37 0.986478 0.127751 0.005581
240 38 0.986256 0.126778 0.006493
240 39 0.986001 0.125633 0.007353
240 40 0.985718 0.124313 0.008153
240 41 0.985408 0.122811 0.008884
240 42 0.985075 0.121121 0.009538
240 43 0.984723 0.119237 0.010106
240 44 0.984356 0.117147 0.010581
240 45 0.983977 0.114843 0.010952
240 46 0.983592 0.112311 0.011212
240 47 0.983205 0.109536 0.011352
240 48 0.982822 0.106500 0.011365
240 49 0.982448 0.103183 0.011243
240 50 0.982089 0.099560 0.010982
240 51 0.981751 0.095602 0.010577
240 52 0.981439 0.091275 0.010026
240 53 0.981159 0.086541 0.009333
240 54 0.980918 0.081355 0.008504
240 55 0.980718 0.075666 0.007551
240 56 0.980566 0.069420 0.006497
240 57 0.980463 0.062559 0.005369
240 58 0.980412 0.055026 0.004210
240 59 0.980412 0.046768 0.003070
240 60 0.980461 0.037742 0.002012
240 61 0.980556 0.027925 0.001109
240 62 0.980690 0.017320 0.000436
240 63 0.980859 0.005966 0.000066
241 0 0.980526 0.006178 -0.000078
241 1 0.980330 0.017903 -0.000510
241 2 0.980174 0.028800 -0.001294
241 3 0.980067 0.038825 -0.002340
241 4 0.980014 0.047975 -0.003555
241 5 0.980020 0.056284 -0.004854
241 6 0.980085 0.063805 -0.006163
241 7 0.980210 0.070604 -0.007423
241 8 0.980390 0.076751 -0.008590
241 9 0.980622 0.082314 -0.009632
241 10 0.980901 0.087358 -0.010529
241 11 0.981219 0.091940 -0.011268
241 12 0.981572 0.096110 -0.011844
241 13 0.981952 0.099912 -0.012258
241 14 0.982353 0.103382 -0.012512
241 15 0.982768 0.106551 -0.012613
241 16 0.983191 0.109446 -0.012567
241 17 0.983616 0.112089 -0.012384
241 18 0.984037 0.114497 -0.012073
241 19 0.984451 0.116686 -0.011643
241 20 0.984851 0.118669 -0.011103
241 21 0.985233 0.120457 -0.010463
241 22 0.985593 0.122059 -0.009733
241 23 0.985928 0.123482 -0.008922
241 24 0.986233 0.124733 -0.008039
241 25 0.986508 0.125817 -0.007093
241 26 0.986747 0.126738 -0.006093
241 27 0.986950 0.127501 -0.005046
241 28 0.987115 0.128108 -0.003963
241 29 0.987240 0.128562 -0.002851
241 30 0.987324 0.128863 -0.001719
241 31 0.987366 0.129013 -0.000574
241 32 0.987366 0.129013 0.000574
241 33 0.987324 0.128863 0.001719
241 34 0.987240 0.128562 0.002851
241 35 0.987115 0.128108 0.003963
241 36 0.986950 0.127501 0.005046
241 37 0.986747 0.126738 0.006093
241 38 0.986508 0.125817 0.007093
241 39 0.986233 0.124733 0.008039
241 40 0.985928 0.123482 0.008922
241 41 0.985593 0.122059 0.009733
241 42 0.985233 0.120457 0.010463
241 43 0.984851 0.118669 0.011103
241 44 0.984451 0.116686 0.011643
241 45 0.984037 0.114497 0.012073
241 46 0.983616 0.112089 0.012384
241 47 0.983191 0.109446 0.012567
241 48 0.982768 0.106551 0.012613
241 49 0.982353 0.103382 0.012512
241 50 0.981952 0.099912 0.012258
241 51 0.981572 0.096110 0.011844
241 52 0.981219 0.091940 0.011268
241 53 0.980901 0.087358 0.010529
241 54 0.980622 0.082314 0.009632
241 55 0.980390 0.076751 0.008590
241 56 0.980210 0.070604 0.007423
241 57 0.980085 0.063805 0.006163
241 58 0.980020 0.056284 0.004854
241 59 0.980014 0.047975 0.003555
241 60 0.980067 0.038825 0.002340
241 61 0.980174 0.028800 0.001294
241 62 0.980330 0.017903 0.000510
241 63 0.980526 0.006178 0.000078
242 0 0.980163 0.006428 -0.000092
242 1 0.979932 0.018586 -0.000601
242 2 0.979752 0.029819 -0.001520
242 3 0.979631 0.040076 -0.002737
242 4 0.979576 0.049358 -0.004138
242 5 0.979590 0.057711 -0.005620
242 6 0.979674 0.065204 -0.007097
242 7 0.979825 0.071919 -0.008504
242 8 0.980040 0.077942 -0.009790
242 9 0.980311 0.083355 -0.010925
242 10 0.980633 0.088232 -0.011887
242 11 0.980997 0.092639 -0.012668
242 12 0.981396 0.096633 -0.013264
242 13 0.981822 0.100260 -0.013678
242 14 0.982269 0.103562 -0.013917
242 15 0.982729 0.106570 -0.013988
242 16 0.983195 0.109313 -0.013900
242 17 0.983661 0.111813 -0.013665
242 18 0.984122 0.114089 -0.013293
242 19 0.984572 0.116155 -0.012795
242 20 0.985006 0.118026 -0.012181
242 21 0.985420 0.119712 -0.011462
242 22 0.985809 0.121221 -0.010648
242 23 0.986170 0.122562 -0.009750
242 24 0.986499 0.123740 -0.008776
242 25 0.986793 0.124761 -0.007737
242 26 0.987050 0.125629 -0.006641
242 27 0.987268 0.126347 -0.005497
242 28 0.987445 0.126918 -0.004315
242 29 0.987578 0.127345 -0.003104
242 30 0.987668 0.127629 -0.001871
242 31 0.987713 0.127770 -0.000625
242 32 0.987713 0.127770 0.000625
242 33 0.987668 0.127629 0.001871
242 34 0.987578 0.127345 0.003104
242 35 0.987445 0.126918 0.004315
242 36 0.987268 0.126347 0.005497
242 37 0.987050 0.125629 0.006641
242 38 0.986793 0.124761 0.007737
242 39 0.986499 0.123740 0.008776
242 40 0.986170 0.122562 0.009750
242 41 0.985809 0.121221 0.010648
242 42 0.985420 0.119712 0.011462
242 43 0.985006 0.118026 0.012181
242 44 0.984572 0.116155 0.012795
242 45 0.984122 0.114089 0.013293
242 46 0.983661 0.111813 0.013665
242 47 0.983195 0.109313 0.013900
242 48 0.982729 0.106570 0.013988
242 49 0.982269 0.103562 0.013917
242 50 0.981822 0.100260 0.013678
242 51 0.981396 0.096633 0.013264
242 52 0.980997 0.092639 0.012668
242 53 0.980633 0.088232 0.011887
242 54 0.980311 0.083355 0.010925
242 55 0.980040 0.077942 0.009790
242 56 0.979825 0.071919 0.008504
242 57 0.979674 0.065204 0.007097
242 58 0.979590 0.057711 0.005620
242 59 0.979576 0.049358 0.004138
242 60 0.979631 0.040076 0.002737
242 61 0.979752 0.029819 0.001520
242 62 0.979932 0.018586 0.000601
242 63 0.980163 0.006428 0.000092
243 0 0.979763 0.006725 -0.000110
243 1 0.979489 0.019391 -0.000715
243 2 0.979280 0.031013 -0.001800
243 3 0.979144 0.041528 -0.003222
243 4 0.979088 0.050947 -0.004842
243 5 0.979115 0.059331 -0.006536
243 6 0.979224 0.066773 -0.008203
243 7 0.979410 0.073375 -0.009768
243 8 0.979666 0.079244 -0.011180
243 9 0.979984 0.084476 -0.012406
243 10 0.980356 0.089158 -0.013430
243 11 0.980772 0.093366 -0.014245
243 12 0.981223 0.097161 -0.014852
243 13 0.981702 0.100596 -0.015256
243 14 0.982199 0.103713 -0.015468
243 15 0.982707 0.106547 -0.015498
243 16 0.983220 0.109127 -0.015358
243 17 0.983731 0.111474 -0.015060
243 18 0.984233 0.113609 -0.014617
243 19 0.984722 0.115547 -0.014041
243 20 0.985192 0.117299 -0.013344
243 21 0.985638 0.118878 -0.012537
243 22 0.986058 0.120291 -0.011631
243 23 0.986445 0.121546 -0.010637
243 24 0.986799 0.122648 -0.009565
243 25 0.987114 0.123603 -0.008424
243 26 0.987390 0.124415 -0.007226
243 27 0.987623 0.125087 -0.005978
243 28 0.987811 0.125621 -0.004691
243 29 0.987954 0.126021 -0.003372
243 30 0.988050 0.126286 -0.002032
243 31 0.988098 0.126418 -0.000679
243 32 0.988098 0.126418 0.000679
243 33 0.988050 0.126286 0.002032
243 34 0.987954 0.126021 0.003372
243 35 0.987811 0.125621 0.004691
243 36 0.987623 0.125087 0.005978
243 37 0.987390 0.124415 0.007226
243 38 0.987114 0.123603 0.008424
243 39 0.986799 0.122648 0.009565
243 40 0.986445 0.121546 0.010637
243 41 0.986058 0.120291 0.011631
243 42 0.985638 0.118878 0.012537
243 43 0.985192 0.117299 0.013344
243 44 0.984722 0.115547 0.014041
243 45 0.984233 0.113609 0.014617
243 46 0.983731 0.111474 0.015060
243 47 0.983220 0.109127 0.015358
243 48 0.982707 0.106547 0.015498
243 49 0.982199 0.103713 0.015468
243 50 0.981702 0.100596 0.015256
243 51 0.981223 0.097161 0.014852
243 52 0.980772 0.093366 0.014245
243 53 0.980356 0.089158 0.013430
243 54 0.979984 0.084476 0.012406
243 55 0.979666 0.079244 0.011180
243 56 0.979410 0.073375 0.009768
243 57 0.979224 0.066773 0.008203
243 58 0.979115 0.059331 0.006536
243 59 0.979088 0.050947 0.004842
243 60 0.979144 0.041528 0.003222
243 61 0.979280 0.031013 0.001800
243 62 0.979489 0.019391 0.000715
243 63 0.979763 0.006725 0.000110
244 0 0.979316 0.007081 -0.000133
244 1 0.978990 0.020351 -0.000859
244 2 0.978745 0.032421 -0.002149
244 3 0.978593 0.043221 -0.003822
244 4 0.978541 0.052776 -0.005702
244 5 0.978587 0.061171 -0.007638
244 6 0.978730 0.068529 -0.009515
244 7 0.978959 0.074981 -0.011250
244 8 0.979267 0.080657 -0.012790
244 9 0.979641 0.085673 -0.014104
244 10 0.980072 0.090130 -0.015181
244 11 0.980547 0.094110 -0.016019
244 12 0.981058 0.097684 -0.016623
244 13 0.981593 0.100907 -0.017004
244 14 0.982146 0.103824 -0.017175
244 15 0.982707 0.106470 -0.017151
244 16 0.983270 0.108875 -0.016945
244 17 0.983827 0.111062 -0.016573
244 18 0.984373 0.113048 -0.016049
244 19 0.984903 0.114850 -0.015385
244 20 0.985410 0.116479 -0.014594
244 21 0.985891 0.117946 -0.013690
244 22 0.986341 0.119259 -0.012683
244 23 0.986757 0.120425 -0.011585
244 24 0.987135 0.121449 -0.010406
244 25 0.987473 0.122336 -0.009157
244 26 0.987767 0.123091 -0.007849
244 27 0.988015 0.123714 -0.006489
244 28 0.988216 0.124211 -0.005089
244 29 0.988368 0.124582 -0.003658
244 30 0.988470 0.124828 -0.002204
244 31 0.988521 0.124951 -0.000736
244 32 0.988521 0.124951 0.000736
244 33 0.988470 0.124828 0.002204
244 34 0.988368 0.124582 0.003658
244 35 0.988216 0.124211 0.005089
244 36 0.988015 0.123714 0.006489
244 37 0.987767 0.123091 0.007849
244 38 0.987473 0.122336 0.009157
244 39 0.987135 0.121449 0.010406
244 40 0.986757 0.120425 0.011585
244 41 0.986341 0.119259 0.012683
244 42 0.985891 0.117946 0.013690
244 43 0.985410 0.116479 0.014594
244 44 0.984903 0.114850 0.015385
244 45 0.984373 0.113048 0.016049
244 46 0.983827 0.111062 0.016573
244 47 0.983270 0.108875 0.016945
244 48 0.982707 0.106470 0.017151
244 49 0.982146 0.103824 0.017175
244 50 0.981593 0.100907 0.017004
244 51 0.981058 0.097684 0.016623
244 52 0.980547 0.094110 0.016019
244 53 0.980072 0.090130 0.015181
244 54 0.979641 0.085673 0.014104
244 55 0.979267 0.080657 0.012790
244 56 0.978959 0.074981 0.011250
244 57 0.978730 0.068529 0.009515
244 58 0.978587 0.061171 0.007638
244 59 0.978541 0.052776 0.005702
244 60 0.978593 0.043221 0.003822
244 61 0.978745 0.032421 0.002149
244 62 0.978990 0.020351 0.000859
244 63 0.979316 0.007081 0.000133
245 0 0.978810 0.007513 -0.000163
245 1 0.978416 0.021504 -0.001044
245 2 0.978130 0.034094 -0.002592
245 3 0.977964 0.045205 -0.004571
245 4 0.977920 0.054885 -0.006758
245 5 0.977996 0.063258 -0.008972
245 6 0.978184 0.070487 -0.011079
245 7 0.978470 0.076742 -0.012990
245 8 0.978841 0.082179 -0.014655
245 9 0.979283 0.086938 -0.016047
245 10 0.979782 0.091133 -0.017163
245 11 0.980325 0.094858 -0.018007
245 12 0.980902 0.098187 -0.018591
245 13 0.981501 0.101178 -0.018932
245 14 0.982113 0.103879 -0.019047
245 15 0.982731 0.106325 -0.018953
245 16 0.983347 0.108545 -0.018668
245 17 0.983954 0.110562 -0.018208
245 18 0.984546 0.112394 -0.017590
245 19 0.985117 0.114055 -0.016826
245 20 0.985664 0.115556 -0.015932
245 21 0.986180 0.116908 -0.014920
245 22 0.986662 0.118118 -0.013804
245 23 0.987107 0.119192 -0.012593
245 24 0.987510 0.120135 -0.011300
245 25 0.987870 0.120953 -0.009935
245 26 0.988183 0.121647 -0.008509
245 27 0.988447 0.122222 -0.007031
245 28 0.988660 0.122680 -0.005512
245 29 0.988822 0.123021 -0.003960
245 30 0.988930 0.123248 -0.002385
245 31 0.988984 0.123361 -0.000797
245 32 0.988984 0.123361 0.000797
245 33 0.988930 0.123248 0.002385
245 34 0.988822 0.123021 0.003960
245 35 0.988660 0.122680 0.005512
245 36 0.988447 0.122222 0.007031
245 37 0.988183 0.121647 0.008509
245 38 0.987870 0.120953 0.009935
245 39 0.987510 0.120135 0.011300
245 40 0.987107 0.119192 0.012593
245 41 0.986662 0.118118 0.013804
245 42 0.986180 0.116908 0.014920
245 43 0.985664 0.115556 0.015932
245 44 0.985117 0.114055 0.016826
245 45 0.984546 0.112394 0.017590
245 46 0.983954 0.110562 0.018208
245 47 0.983347 0.108545 0.018668
245 48 0.982731 0.106325 0.018953
245 49 0.982113 0.103879 0.019047
245 50 0.981501 0.101178 0.018932
245 51 0.980902 0.098187 0.018591
245 52 0.980325 0.094858 0.018007
245 53 0.979782 0.091133 0.017163
245 54 0.979283 0.086938 0.016047
245 55 0.978841 0.082179 0.014655
245 56 0.978470 0.076742 0.012990
245 57 0.978184 0.070487 0.011079
245 58 0.977996 0.063258 0.008972
245 59 0.977920 0.054885 0.006758
245 60 0.977964 0.045205 0.004571
245 61 0.978130 0.034094 0.002592
245 62 0.978416 0.021504 0.001044
245 63 0.978810 0.007513 0.000163
246 0 0.978224 0.008044 -0.000203
246 1 0.977747 0.022906 -0.001285
246 2 0.977413 0.036097 -0.003161
246 3 0.977234 0.047540 -0.005515
246 4 0.977210 0.057320 -0.008066
246 5 0.977330 0.065621 -0.010593
246 6 0.977579 0.072660 -0.012945
246 7 0.977938 0.078655 -0.015033
246 8 0.978388 0.083800 -0.016811
246 9 0.978910 0.088255 -0.018264
246 10 0.979489 0.092151 -0.019397
246 11 0.980109 0.095589 -0.020225
246 12 0.980759 0.098649 -0.020768
246 13 0.981428 0.101391 -0.021048
246 14 0.982105 0.103862 -0.021087
246 15 0.982783 0.106096 -0.020907
246 16 0.983455 0.108123 -0.020527
246 17 0.984113 0.109964 -0.019965
246 18 0.984753 0.111635 -0.019240
246 19 0.985368 0.113150 -0.018365
246 20 0.985954 0.114520 -0.017357
246 21 0.986507 0.115753 -0.016229
246 22 0.987022 0.116857 -0.014992
246 23 0.987495 0.117837 -0.013661
246 24 0.987924 0.118698 -0.012245
246 25 0.988306 0.119444 -0.010757
246 26 0.988638 0.120079 -0.009206
246 27 0.988918 0.120603 -0.007602
246 28 0.989145 0.121021 -0.005957
246 29 0.989316 0.121333 -0.004278
246 30 0.989430 0.121540 -0.002576
246 31 0.989488 0.121644 -0.000860
246 32 0.989488 0.121644 0.000860
246 33 0.989430 0.121540 0.002576
246 34 0.989316 0.121333 0.004278
246 35 0.989145 0.121021 0.005957
246 36 0.988918 0.120603 0.007602
246 37 0.988638 0.120079 0.009206
246 38 0.988306 0.119444 0.010757
246 39 0.987924 0.118698 0.012245
246 40 0.987495 0.117837 0.013661
246 41 0.987022 0.116857 0.014992
246 42 0.986507 0.115753 0.016229
246 43 0.985954 0.114520 0.017357
246 44 0.985368 0.113150 0.018365
246 45 0.984753 0.111635 0.019240
246 46 0.984113 0.109964 0.019965
246 47 0.983455 0.108123 0.020527
246 48 0.982783 0.106096 0.020907
246 49 0.982105 0.103862 0.021087
246 50 0.981428 0.101391 0.021048
246 51 0.980759 0.098649 0.020768
246 52 0.980109 0.095589 0.020225
246 53 0.979489 0.092151 0.019397
246 54 0.978910 0.088255 0.018264
246 55 0.978388 0.083800 0.016811
246 56 0.977938 0.078655 0.015033
246 57 0.977579 0.072660 0.012945
246 58 0.977330 0.065621 0.010593
246 59 0.977210 0.057320 0.008066
246 60 0.977234 0.047540 0.005515
246 61 0.977413 0.036097 0.003161
246 62 0.977747 0.022906 0.001285
246 63 0.978224 0.008044 0.000203
247 0 0.977532 0.008708 -0.000257
247 1 0.976947 0.024629 -0.001605
247 2 0.976560 0.038515 -0.003898
247 3 0.976378 0.050297 -0.006715
247 4 0.976390 0.060131 -0.009692
247 5 0.976576 0.068283 -0.012565
247 6 0.976909 0.075051 -0.015171
247 7 0.977362 0.080712 -0.017424
247 8 0.977909 0.085499 -0.019292
247 9 0.978527 0.089600 -0.020778
247 10 0.979198 0.093157 -0.021899
247 11 0.979905 0.096280 -0.022683
247 12 0.980636 0.099049 -0.023158
247 13 0.981379 0.101525 -0.023353
247 14 0.982125 0.103753 -0.023296
247 15 0.982867 0.105767 -0.023011
247 16 0.983597 0.107593 -0.022519
247 17 0.984309 0.109252 -0.021841
247 18 0.984997 0.110758 -0.020996
247 19 0.985657 0.112124 -0.019999
247 20 0.986284 0.113360 -0.018865
247 21 0.986873 0.114472 -0.017610
247 22 0.987421 0.115468 -0.016246
247 23 0.987924 0.116353 -0.014786
247 24 0.988379 0.117131 -0.013240
247 25 0.988784 0.117805 -0.011620
247 26 0.989135 0.118377 -0.009938
247 27 0.989431 0.118852 -0.008202
247 28 0.989670 0.119229 -0.006423
247 29 0.989851 0.119511 -0.004612
247 30 0.989972 0.119698 -0.002776
247 31 0.990032 0.119791 -0.000927
247 32 0.990032 0.119791 0.000927
247 33 0.989972 0.119698 0.002776
247 34 0.989851 0.119511 0.004612
247 35 0.989670 0.119229 0.006423
247 36 0.989431 0.118852 0.008202
247 37 0.989135 0.118377 0.009938
247 38 0.988784 0.117805 0.011620
247 39 0.988379 0.117131 0.013240
247 40 0.987924 0.116353 0.014786
247 41 0.987421 0.115468 0.016246
247 42 0.986873 0.114472 0.017610
247 43 0.986284 0.113360 0.018865
247 44 0.985657 0.112124 0.019999
247 45 0.984997 0.110758 0.020996
247 46 0.984309 0.109252 0.021841
247 47 0.983597 0.107593 0.022519
247 48 0.982867 0.105767 0.023011
247 49 0.982125 0.103753 0.023296
247 50 0.981379 0.101525 0.023353
247 51 0.980636 0.099049 0.023158
247 52 0.979905 0.096280 0.022683
247 53 0.979198 0.093157 0.021899
247 54 0.978527 0.089600 0.020778
247 55 0.977909 0.085499 0.019292
247 56 0.977362 0.080712 0.017424
247 57 0.976909 0.075051 0.015171
247 58 0.976576 0.068283 0.012565
247 59 0.976390 0.060131 0.009692
247 60 0.976378 0.050297 0.006715
247 61 0.976560 0.038515 0.003898
247 62 0.976947 0.024629 0.001605
247 63 0.977532 0.008708 0.000257
248 0 0.976687 0.009550 -0.000329
248 1 0.975966 0.026775 -0.002032
248 2 0.975525 0.041455 -0.004864
248 3 0.975357 0.053563 -0.008248
248 4 0.975434 0.063367 -0.011717
248 5 0.975719 0.071261 -0.014961
248 6 0.976167 0.077651 -0.017812
248 7 0.976741 0.082886 -0.020201
248 8 0.977407 0.087245 -0.022123
248 9 0.978139 0.090939 -0.023600
248 10 0.978915 0.094120 -0.024671
248 11 0.979718 0.096900 -0.025376
248 12 0.980537 0.099359 -0.025753
248 13 0.981360 0.101556 -0.025838
248 14 0.982179 0.103532 -0.025662
248 15 0.982986 0.105319 -0.025253
248 16 0.983776 0.106940 -0.024633
248 17 0.984543 0.108414 -0.023825
248 18 0.985281 0.109752 -0.022847
248 19 0.985986 0.110967 -0.021717
248 20 0.986654 0.112067 -0.020449
248 21 0.987280 0.113057 -0.019059
248 22 0.987861 0.113945 -0.017558
248 23 0.988394 0.114733 -0.015961
248 24 0.988875 0.115426 -0.014278
248 25 0.989303 0.116027 -0.012521
248 26 0.989673 0.116537 -0.010701
248 27 0.989985 0.116960 -0.008827
248 28 0.990237 0.117297 -0.006909
248 29 0.990427 0.117548 -0.004959
248 30 0.990555 0.117715 -0.002985
248 31 0.990618 0.117799 -0.000997
248 32 0.990618 0.117799 0.000997
248 33 0.990555 0.117715 0.002985
248 34 0.990427 0.117548 0.004959
248 35 0.990237 0.117297 0.006909
248 36 0.989985 0.116960 0.008827
248 37 0.989673 0.116537 0.010701
248 38 0.989303 0.116027 0.012521
248 39 0.988875 0.115426 0.014278
248 40 0.988394 0.114733 0.015961
248 41 0.987861 0.113945 0.017558
248 42 0.987280 0.113057 0.019059
248 43 0.986654 0.112067 0.020449
248 44 0.985986 0.110967 0.021717
248 45 0.985281 0.109752 0.022847
248 46 0.984543 0.108414 0.023825
248 47 0.983776 0.106940 0.024633
248 48 0.982986 0.105319 0.025253
248 49 0.982179 0.103532 0.025662
248 50 0.981360 0.101556 0.025838
248 51 0.980537 0.099359 0.025753
248 52 0.979718 0.096900 0.025376
248 53 0.978915 0.094120 0.024671
248 54 0.978139 0.090939 0.023600
248 55 0.977407 0.087245 0.022123
248 56 0.976741 0.082886 0.020201
248 57 0.976167 0.077651 0.017812
248 58 0.975719 0.071261 0.014961
248 59 0.975434 0.063367 0.011717
248 60 0.975357 0.053563 0.008248
248 61 0.975525 0.041455 0.004864
248 62 0.975966 0.026775 0.002032
248 63 0.976687 0.009550 0.000329
249 0 0.975619 0.010634 -0.000428
249 1 0.974727 0.029478 -0.002602
249 2 0.974239 0.045058 -0.006130
249 3 0.974121 0.057436 -0.010207
249 4 0.974312 0.067071 -0.014231
249 5 0.974743 0.074553 -0.017849
249 6 0.975350 0.080429 -0.020910
249 7 0.976080 0.085134 -0.023384
249 8 0.976891 0.088991 -0.025301
249 9 0.977754 0.092227 -0.026718
249 10 0.978648 0.094998 -0.027692
249 11 0.979557 0.097415 -0.028279
249 12 0.980469 0.099551 -0.028526
249 13 0.981376 0.101460 -0.028475
249 14 0.982270 0.103179 -0.028159
249 15 0.983145 0.104736 -0.027607
249 16 0.983996 0.106150 -0.026845
249 17 0.984818 0.107437 -0.025895
249 18 0.985606 0.108607 -0.024774
249 19 0.986357 0.109670 -0.023501
249 20 0.987066 0.110633 -0.022091
249 21 0.987729 0.111501 -0.020558
249 22 0.988343 0.112279 -0.018916
249 23 0.988906 0.112970 -0.017176
249 24 0.989413 0.113578 -0.015351
249 25 0.989863 0.114105 -0.013451
249 26 0.990253 0.114554 -0.011488
249 27 0.990581 0.114925 -0.009471
249 28 0.990845 0.115220 -0.007411
249 29 0.991045 0.115441 -0.005317
249 30 0.991179 0.115588 -0.003200
249 31 0.991246 0.115661 -0.001068
249 32 0.991246 0.115661 0.001068
249 33 0.991179 0.115588 0.003200
249 34 0.991045 0.115441 0.005317
249 35 0.990845 0.115220 0.007411
249 36 0.990581 0.114925 0.009471
249 37 0.990253 0.114554 0.011488
249 38 0.989863 0.114105 0.013451
249 39 0.989413 0.113578 0.015351
249 40 0.988906 0.112970 0.017176
249 41 0.988343 0.112279 0.018916
249 42 0.987729 0.111501 0.020558
249 43 0.987066 0.110633 0.022091
249 44 0.986357 0.109670 0.023501
249 45 0.985606 0.108607 0.024774
249 46 0.984818 0.107437 0.025895
249 47 0.983996 0.106150 0.026845
249 48 0.983145 0.104736 0.027607
249 49 0.982270 0.103179 0.028159
249 50 0.981376 0.101460 0.028475
249 51 0.980469 0.099551 0.028526
249 52 0.979557 0.097415 0.028279
249 53 0.978648 0.094998 0.027692
249 54 0.977754 0.092227 0.026718
249 55 0.976891 0.088991 0.025301
249 56 0.976080 0.085134 0.023384
249 57 0.975350 0.080429 0.020910
249 58 0.974743 0.074553 0.017849
249 59 0.974312 0.067071 0.014231
249 60 0.974121 0.057436 0.010207
249 61 0.974239 0.045058 0.006130
249 62 0.974727 0.029478 0.002602
249 63 0.975619 0.010634 0.000428
250 0 0.974216 0.012038 -0.000551
250 1 0.973107 0.032922 -0.003347
250 2 0.972602 0.049499 -0.007776
250 3 0.972603 0.062017 -0.012691
250 4 0.972988 0.071266 -0.017313
250 5 0.973638 0.078124 -0.021270
250 6 0.974460 0.083323 -0.024466
250 7 0.975386 0.087389 -0.026938
250 8 0.976370 0.090674 -0.028775
250 9 0.977384 0.093411 -0.030066
250 10 0.978408 0.095750 -0.030893
250 11 0.979430 0.097790 -0.031324
250 12 0.980440 0.099597 -0.031412
250 13 0.981433 0.101216 -0.031202
250 14 0.982404 0.102678 -0.030729
250 15 0.983347 0.104004 -0.030023
250 16 0.984259 0.105212 -0.029109
250 17 0.985137 0.106312 -0.028007
250 18 0.985975 0.107314 -0.026738
250 19 0.986770 0.108226 -0.025318
250 20 0.987520 0.109052 -0.023761
250 21 0.988220 0.109797 -0.022082
250 22 0.988867 0.110466 -0.020294
250 23 0.989459 0.111060 -0.018409
250 24 0.989992 0.111583 -0.016438
250 25 0.990464 0.112037 -0.014394
250 26 0.990873 0.112423 -0.012285
250 27 0.991217 0.112742 -0.010123
250 28 0.991495 0.112997 -0.007918
250 29 0.991704 0.113187 -0.005680
250 30 0.991843 0.113313 -0.003417
250 31 0.991914 0.113376 -0.001141
250 32 0.991914 0.113376 0.001141
250 33 0.991843 0.113313 0.003417
250 34 0.991704 0.113187 0.005680
250 35 0.991495 0.112997 0.007918
250 36 0.991217 0.112742 0.010123
250 37 0.990873 0.112423 0.012285
250 38 0.990464 0.112037 0.014394
250 39 0.989992 0.111583 0.016438
250 40 0.989459 0.111060 0.018409
250 41 0.988867 0.110466 0.020294
250 42 0.988220 0.109797 0.022082
250 43 0.987520 0.109052 0.023761
250 44 0.986770 0.108226 0.025318
250 45 0.985975 0.107314 0.026738
250 46 0.985137 0.106312 0.028007
250 47 0.984259 0.105212 0.029109
250 48 0.983347 0.104004 0.030023
250 49 0.982404 0.102678 0.030729
250 50 0.981433 0.101216 0.031202
250 51 0.980440 0.099597 0.031412
250 52 0.979430 0.097790 0.031324
250 53 0.978408 0.095750 0.030893
250 54 0.977384 0.093411 0.030066
250 55 0.976370 0.090674 0.028775
250 56 0.975386 0.087389 0.026938
250 57 0.974460 0.083323 0.024466
250 58 0.973638 0.078124 0.021270
250 59 0.972988 0.071266 0.017313
250 60 0.972603 0.062017 0.012691
250 61 0.972602 0.049499 0.007776
250 62 0.973107 0.032922 0.003347
250 63 0.974216 0.012038 0.000551
251 0 0.972320 0.013828 -0.000672
251 1 0.970904 0.037352 -0.004246
251 2 0.970460 0.055007 -0.009861
251 3 0.970715 0.067405 -0.015776
251 4 0.971425 0.075924 -0.020988
251 5 0.972399 0.081885 -0.025174
251 6 0.973509 0.086231 -0.028372
251 7 0.974679 0.089556 -0.030726
251 8 0.975865 0.092218 -0.032391
251 9 0.977046 0.094433 -0.033491
251 10 0.978209 0.096332 -0.034127
251 11 0.979347 0.097995 -0.034371
251 12 0.980458 0.099476 -0.034281
251 13 0.981538 0.100809 -0.033901
251 14 0.982584 0.102017 -0.033264
251 15 0.983595 0.103117 -0.032401
251 16 0.984568 0.104120 -0.031333
251 17 0.985500 0.105036 -0.030082
251 18 0.986387 0.105872 -0.028665
251 19 0.987227 0.106633 -0.027099
251 20 0.988017 0.107323 -0.025398
251 21 0.988753 0.107947 -0.023576
251 22 0.989433 0.108506 -0.021645
251 23 0.990054 0.109004 -0.019617
251 24 0.990612 0.109442 -0.017504
251 25 0.991107 0.109822 -0.015318
251 26 0.991535 0.110145 -0.013067
251 27 0.991894 0.110413 -0.010763
251 28 0.992184 0.110626 -0.008416
251 29 0.992402 0.110785 -0.006035
251 30 0.992548 0.110891 -0.003631
251 31 0.992622 0.110944 -0.001212
251 32 0.992622 0.110944 0.001212
251 33 0.992548 0.110891 0.003631
251 34 0.992402 0.110785 0.006035
251 35 0.992184 0.110626 0.008416
251 36 0.991894 0.110413 0.010763
251 37 0.991535 0.110145 0.013067
251 38 0.991107 0.109822 0.015318
251 39 0.990612 0.109442 0.017504
251 40 0.990054 0.109004 0.019617
251 41 0.989433 0.108506 0.021645
251 42 0.988753 0.107947 0.023576
251 43 0.988017 0.107323 0.025398
251 44 0.987227 0.106633 0.027099
251 45 0.986387 0.105872 0.028665
251 46 0.985500 0.105036 0.030082
251 47 0.984568 0.104120 0.031333
251 48 0.983595 0.103117 0.032401
251 49 0.982584 0.102017 0.033264
251 50 0.981538 0.100809 0.033901
251 51 0.980458 0.099476 0.034281
251 52 0.979347 0.097995 0.034371
251 53 0.978209 0.096332 0.034127
251 54 0.977046 0.094433 0.033491
251 55 0.975865 0.092218 0.032391
251 56 0.974679 0.089556 0.030726
251 57 0.973509 0.086231 0.028372
251 58 0.972399 0.081885 0.025174
251 59 0.971425 0.075924 0.020988
251 60 0.970715 0.067405 0.015776
251 61 0.970460 0.055007 0.009861
251 62 0.970904 0.037352 0.004246
251 63 0.972320 0.013828 0.000672
252 0 0.969790 0.015931 -0.000655
252 1 0.967751 0.043144 -0.005103
252 2 0.967566 0.061904 -0.012364
252 3 0.968346 0.073650 -0.019442
252 4 0.969602 0.080920 -0.025104
252 5 0.971046 0.085665 -0.029293
252 6 0.972531 0.089004 -0.032297
252 7 0.973991 0.091527 -0.034399
252 8 0.975403 0.093551 -0.035809
252 9 0.976761 0.095249 -0.036674
252 10 0.978066 0.096718 -0.037098
252 11 0.979321 0.098018 -0.037152
252 12 0.980530 0.099184 -0.036889
252 13 0.981694 0.100240 -0.036349
252 14 0.982815 0.101201 -0.035563
252 15 0.983892 0.102079 -0.034557
252 16 0.984923 0.102882 -0.033351
252 17 0.985908 0.103617 -0.031966
252 18 0.986843 0.104288 -0.030417
252 19 0.987727 0.104900 -0.028720
252 20 0.988556 0.105456 -0.026889
252 21 0.989328 0.105957 -0.024938
252 22 0.990040 0.106408 -0.022877
252 23 0.990689 0.106809 -0.020721
252 24 0.991273 0.107161 -0.018479
252 25 0.991789 0.107468 -0.016162
252 26 0.992236 0.107728 -0.013782
252 27 0.992611 0.107944 -0.011349
252 28 0.992913 0.108116 -0.008872
252 29 0.993140 0.108244 -0.006361
252 30 0.993292 0.108330 -0.003826
252 31 0.993369 0.108372 -0.001277
252 32 0.993369 0.108372 0.001277
252 33 0.993292 0.108330 0.003826
252 34 0.993140 0.108244 0.006361
252 35 0.992913 0.108116 0.008872
252 36 0.992611 0.107944 0.011349
252 37 0.992236 0.107728 0.013782
252 38 0.991789 0.107468 0.016162
252 39 0.991273 0.107161 0.018479
252 40 0.990689 0.106809 0.020721
252 41 0.990040 0.106408 0.022877
252 42 0.989328 0.105957 0.024938
252 43 0.988556 0.105456 0.026889
252 44 0.987727 0.104900 0.028720
252 45 0.986843 0.104288 0.030417
252 46 0.985908 0.103617 0.031966
252 47 0.984923 0.102882 0.033351
252 48 0.983892 0.102079 0.034557
252 49 0.982815 0.101201 0.035563
252 50 0.981694 0.100240 0.036349
252 51 0.980530 0.099184 0.036889
252 52 0.979321 0.098018 0.037152
252 53 0.978066 0.096718 0.037098
252 54 0.976761 0.095249 0.036674
252 55 0.975403 0.093551 0.035809
252 56 0.973991 0.091527 0.034399
252 57 0.972531 0.089004 0.032297
252 58 0.971046 0.085665 0.029293
252 59 0.969602 0.080920 0.025104
252 60 0.968346 0.073650 0.019442
252 61 0.967566 0.061904 0.012364
252 62 0.967751 0.043144 0.005103
252 63 0.969790 0.015931 0.000655
253 0 0.966891 0.017719 -0.000042
253 1 0.962809 0.051078 -0.005251
253 2 0.963502 0.070664 -0.015132
253 3 0.965389 0.080617 -0.023375
253 4 0.967550 0.085935 -0.029024
253 5 0.969650 0.089208 -0.032850
253 6 0.971594 0.091479 -0.035456
253 7 0.973377 0.093216 -0.037216
253 8 0.975023 0.094636 -0.038353
253 9 0.976555 0.095852 -0.039004
253 10 0.977996 0.096922 -0.039256
253 11 0.979362 0.097880 -0.039169
253 12 0.980663 0.098747 -0.038784
253 13 0.981907 0.099537 -0.038136
253 14 0.983098 0.100259 -0.037249
253 15 0.984237 0.100921 -0.036147
253 16 0.985325 0.101527 -0.034848
253 17 0.986361 0.102082 -0.033371
253 18 0.987343 0.102590 -0.031730
253 19 0.988269 0.103052 -0.029941
253 20 0.989137 0.103473 -0.028017
253 21 0.989944 0.103853 -0.025972
253 22 0.990687 0.104193 -0.023817
253 23 0.991364 0.104497 -0.021564
253 24 0.991973 0.104764 -0.019226
253 25 0.992511 0.104996 -0.016812
253 26 0.992976 0.105193 -0.014333
253 27 0.993366 0.105357 -0.011800
253 28 0.993680 0.105487 -0.009223
253 29 0.993917 0.105584 -0.006612
253 30 0.994075 0.105648 -0.003977
253 31 0.994154 0.105681 -0.001327
253 32 0.994154 0.105681 0.001327
253 33 0.994075 0.105648 0.003977
253 34 0.993917 0.105584 0.006612
253 35 0.993680 0.105487 0.009223
253 36 0.993366 0.105357 0.011800
253 37 0.992976 0.105193 0.014333
253 38 0.992511 0.104996 0.016812
253 39 0.991973 0.104764 0.019226
253 40 0.991364 0.104497 0.021564
253 41 0.990687 0.104193 0.023817
253 42 0.989944 0.103853 0.025972
253 43 0.989137 0.103473 0.028017
253 44 0.988269 0.103052 0.029941
253 45 0.987343 0.102590 0.031730
253 46 0.986361 0.102082 0.033371
253 47 0.985325 0.101527 0.034848
253 48 0.984237 0.100921 0.036147
253 49 0.983098 0.100259 0.037249
253 50 0.981907 0.099537 0.038136
253 51 0.980663 0.098747 0.038784
253 52 0.979362 0.097880 0.039169
253 53 0.977996 0.096922 0.039256
253 54 0.976555 0.095852 0.039004
253 55 0.975023 0.094636 0.038353
253 56 0.973377 0.093216 0.037216
253 57 0.971594 0.091479 0.035456
253 58 0.969650 0.089208 0.032850
253 59 0.967550 0.085935 0.029024
253 60 0.965389 0.080617 0.023375
253 61 0.963502 0.070664 0.015132
253 62 0.962809 0.051078 0.005251
253 63 0.966891 0.017719 0.000042
254 0 0.966076 0.016870 0.002224
254 1 0.953480 0.063540 -0.003387
254 2 0.957598 0.081616 -0.017960
254 3 0.961894 0.087511 -0.026005
254 4 0.965467 0.090455 -0.030828
254 5 0.968386 0.092273 -0.034007
254 6 0.970821 0.093591 -0.036207
254 7 0.972916 0.094646 -0.037737
254 8 0.974771 0.095543 -0.038756
254 9 0.976457 0.096330 -0.039355
254 10 0.978016 0.097034 -0.039593
254 11 0.979479 0.097671 -0.039509
254 12 0.980863 0.098250 -0.039136
254 13 0.982180 0.098780 -0.038501
254 14 0.983435 0.099266 -0.037626
254 15 0.984633 0.099711 -0.036531
254 16 0.985775 0.100119 -0.035236
254 17 0.986860 0.100493 -0.033757
254 18 0.987887 0.100834 -0.032110
254 19 0.988855 0.101146 -0.030310
254 20 0.989760 0.101429 -0.028371
254 21 0.990601 0.101684 -0.026307
254 22 0.991375 0.101914 -0.024130
254 23 0.992080 0.102118 -0.021852
254 24 0.992713 0.102298 -0.019485
254 25 0.993272 0.102454 -0.017041
254 26 0.993756 0.102587 -0.014530
254 27 0.994161 0.102696 -0.011964
254 28 0.994487 0.102784 -0.009352
254 29 0.994733 0.102849 -0.006705
254 30 0.994897 0.102893 -0.004033
254 31 0.994980 0.102915 -0.001346
254 32 0.994980 0.102915 0.001346
254 33 0.994897 0.102893 0.004033
254 34 0.994733 0.102849 0.006705
254 35 0.994487 0.102784 0.009352
254 36 0.994161 0.102696 0.011964
254 37 0.993756 0.102587 0.014530
254 38 0.993272 0.102454 0.017041
254 39 0.992713 0.102298 0.019485
254 40 0.992080 0.102118 0.021852
254 41 0.991375 0.101914 0.024130
254 42 0.990601 0.101684 0.026307
254 43 0.989760 0.101429 0.028371
254 44 0.988855 0.101146 0.030310
254 45 0.987887 0.100834 0.032110
254 46 0.986860 0.100493 0.033757
254 47 0.985775 0.100119 0.035236
254 48 0.984633 0.099711 0.036531
254 49 0.983435 0.099266 0.037626
254 50 0.982180 0.098780 0.038501
254 51 0.980863 0.098250 0.039136
254 52 0.979479 0.097671 0.039509
254 53 0.978016 0.097034 0.039593
254 54 0.976457 0.096330 0.039355
254 55 0.974771 0.095543 0.038756
254 56 0.972916 0.094646 0.037737
254 57 0.970821 0.093591 0.036207
254 58 0.968386 0.092273 0.034007
254 59 0.965467 0.090455 0.030828
254 60 0.961894 0.087511 0.026005
254 61 0.957598 0.081616 0.017960
254 62 0.953480 0.063540 0.003387
254 63 0.966076 0.016870 -0.002224
255 0 0.985803 0.011125 0.002330
255 1 0.972492 0.059768 -0.002660
255 2 0.977026 0.078637 -0.015477
255 3 0.980149 0.082757 -0.021733
255 4 0.982149 0.085213 -0.025959
255 5 0.983476 0.087048 -0.029127
255 6 0.984423 0.088539 -0.031576
255 7 0.985161 0.089810 -0.033455
255 8 0.985790 0.090924 -0.034847
255 9 0.986364 0.091917 -0.035806
255 10 0.986915 0.092813 -0.036378
255 11 0.987459 0.093627 -0.036598
255 12 0.988004 0.094370 -0.036500
255 13 0.988553 0.095051 -0.036112
255 14 0.989104 0.095676 -0.035460
255 15 0.989656 0.096251 -0.034568
255 16 0.990204 0.096779 -0.033456
255 17 0.990744 0.097265 -0.032145
255 18 0.991273 0.097710 -0.030653
255 19 0.991785 0.098116 -0.028996
255 20 0.992276 0.098486 -0.027191
255 21 0.992742 0.098822 -0.025252
255 22 0.993179 0.099123 -0.023193
255 23 0.993584 0.099392 -0.021028
255 24 0.993951 0.099629 -0.018768
255 25 0.994280 0.099835 -0.016428
255 26 0.994567 0.100011 -0.014017
255 27 0.994809 0.100157 -0.011547
255 28 0.995006 0.100273 -0.009030
255 29 0.995154 0.100360 -0.006476
255 30 0.995254 0.100418 -0.003896
255 31 0.995304 0.100446 -0.001300
255 32 0.995304 0.100446 0.001300
255 33 0.995254 0.100418 0.003896
255 34 0.995154 0.100360 0.006476
255 35 0.995006 0.100273 0.009030
255 36 0.994809 0.100157 0.011547
255 37 0.994567 0.100011 0.014017
255 38 0.994280 0.099835 0.016428
255 39 0.993951 0.099629 0.018768
255 40 0.993584 0.099392 0.021028
255 41 0.993179 0.099123 0.023193
255 42 0.992742 0.098822 0.025252
255 43 0.992276 0.098486 0.027191
255 44 0.991785 0.098116 0.028996
255 45 0.991273 0.097710 0.030653
255 46 0.990744 0.097265 0.032145
255 47 0.990204 0.096779 0.033456
255 48 0.989656 0.096251 0.034568
255 49 0.989104 0.095676 0.035460
255 50 0.988553 0.095051 0.036112
255 51 0.988004 0.094370 0.036500
255 52 0.987459 0.093627 0.036598
255 53 0.986915 0.092813 0.036378
255 54 0.986364 0.091917 0.035806
255 55 0.985790 0.090924 0.034847
255 56 0.985161 0.089810 0.033455
255 57 0.984423 0.088539 0.031576
255 58 0.983476 0.087048 0.029127
255 59 0.982149 0.085213 0.025959
255 60 0.980149 0.082757 0.021733
255 61 0.977026 0.078637 0.015477
255 62 0.972492 0.059768 0.002660
255 63 0.985803 0.011125 -0.002330
